[2024-11-20 16:37:56,977: INFO: main: welcome]
[2024-11-20 17:00:49,499: INFO: common: yaml file: config\config.yaml loaded successfully]
[2024-11-20 17:00:49,500: INFO: common: yaml file: params.yaml loaded successfully]
[2024-11-20 17:02:15,762: INFO: common: yaml file: config\config.yaml loaded successfully]
[2024-11-20 17:02:15,764: INFO: common: yaml file: params.yaml loaded successfully]
[2024-11-20 17:03:19,406: INFO: common: yaml file: config\config.yaml loaded successfully]
[2024-11-20 17:03:19,406: INFO: common: yaml file: params.yaml loaded successfully]
[2024-11-20 17:06:07,386: INFO: common: yaml file: config\config.yaml loaded successfully]
[2024-11-20 17:06:07,398: INFO: common: yaml file: params.yaml loaded successfully]
[2024-11-20 17:06:07,400: INFO: common: yaml file: schema.yaml loaded successfully]
[2024-11-20 17:07:21,867: INFO: common: yaml file: config\config.yaml loaded successfully]
[2024-11-20 17:07:21,867: INFO: common: yaml file: params.yaml loaded successfully]
[2024-11-20 17:07:21,874: INFO: common: yaml file: schema.yaml loaded successfully]
[2024-11-20 17:07:21,876: INFO: common: created directory at: artifacts]
[2024-11-20 17:07:21,877: INFO: common: created directory at: artifacts/data_ingestion]
[2024-11-20 17:07:21,880: INFO: 3063751822: File copied from test/kidney_disease.csv to artifacts/data_ingestion/data.csv]
[2024-11-20 17:14:21,386: INFO: main: >>>>>> stage Data Ingestion stage started <<<<<<]
[2024-11-20 17:14:21,387: INFO: common: yaml file: config\config.yaml loaded successfully]
[2024-11-20 17:14:21,389: INFO: common: yaml file: params.yaml loaded successfully]
[2024-11-20 17:14:21,389: INFO: common: yaml file: schema.yaml loaded successfully]
[2024-11-20 17:14:21,389: INFO: common: created directory at: artifacts]
[2024-11-20 17:14:21,390: INFO: common: created directory at: artifacts/data_ingestion]
[2024-11-20 17:14:21,391: INFO: data_ingestion: File copied from test/kidney_disease.csv to artifacts/data_ingestion/data.csv]
[2024-11-20 17:14:21,392: INFO: main: >>>>>> stage Data Ingestion stage completed <<<<<<

x==========x]
[2024-11-20 17:16:50,323: INFO: common: yaml file: config\config.yaml loaded successfully]
[2024-11-20 17:16:50,325: INFO: common: yaml file: params.yaml loaded successfully]
[2024-11-20 17:16:50,327: INFO: common: yaml file: schema.yaml loaded successfully]
[2024-11-20 17:16:50,327: INFO: common: created directory at: artifacts]
[2024-11-20 17:28:33,172: INFO: common: yaml file: config\config.yaml loaded successfully]
[2024-11-20 17:28:33,186: INFO: common: yaml file: params.yaml loaded successfully]
[2024-11-20 17:28:33,188: INFO: common: yaml file: schema.yaml loaded successfully]
[2024-11-20 17:28:33,190: INFO: common: created directory at: artifacts]
[2024-11-20 17:29:59,426: INFO: common: yaml file: config\config.yaml loaded successfully]
[2024-11-20 17:29:59,426: INFO: common: yaml file: params.yaml loaded successfully]
[2024-11-20 17:29:59,431: INFO: common: yaml file: schema.yaml loaded successfully]
[2024-11-20 17:29:59,432: INFO: common: created directory at: artifacts]
[2024-11-20 17:35:47,839: INFO: common: yaml file: config\config.yaml loaded successfully]
[2024-11-20 17:35:47,844: INFO: common: yaml file: params.yaml loaded successfully]
[2024-11-20 17:35:47,844: INFO: common: yaml file: schema.yaml loaded successfully]
[2024-11-20 17:35:47,848: INFO: common: created directory at: artifacts]
[2024-11-20 17:36:42,176: INFO: common: yaml file: config\config.yaml loaded successfully]
[2024-11-20 17:36:42,179: INFO: common: yaml file: params.yaml loaded successfully]
[2024-11-20 17:36:42,180: INFO: common: yaml file: schema.yaml loaded successfully]
[2024-11-20 17:36:42,181: INFO: common: created directory at: artifacts]
[2024-11-20 17:43:14,944: INFO: common: yaml file: config\config.yaml loaded successfully]
[2024-11-20 17:43:14,946: INFO: common: yaml file: params.yaml loaded successfully]
[2024-11-20 17:43:53,475: INFO: common: yaml file: config\config.yaml loaded successfully]
[2024-11-20 17:43:53,476: INFO: common: yaml file: params.yaml loaded successfully]
[2024-11-20 17:43:53,481: INFO: common: yaml file: schema.yaml loaded successfully]
[2024-11-20 17:43:53,483: INFO: common: created directory at: artifacts]
[2024-11-20 17:43:53,484: INFO: common: created directory at: artifacts/data_validation]
[2024-11-20 17:47:30,890: INFO: common: yaml file: config\config.yaml loaded successfully]
[2024-11-20 17:47:30,892: INFO: common: yaml file: params.yaml loaded successfully]
[2024-11-20 17:47:30,892: INFO: common: yaml file: schema.yaml loaded successfully]
[2024-11-20 17:47:30,892: INFO: common: created directory at: artifacts]
[2024-11-20 17:47:30,892: INFO: common: created directory at: artifacts/data_validation]
[2024-11-20 17:48:32,877: INFO: common: yaml file: config\config.yaml loaded successfully]
[2024-11-20 17:48:32,878: INFO: common: yaml file: params.yaml loaded successfully]
[2024-11-20 17:48:32,891: INFO: common: yaml file: schema.yaml loaded successfully]
[2024-11-20 17:48:32,892: INFO: common: created directory at: artifacts]
[2024-11-20 17:48:32,894: INFO: common: created directory at: artifacts/data_validation]
[2024-11-20 17:56:38,634: INFO: main: >>>>>> stage Data Ingestion stage started <<<<<<]
[2024-11-20 17:56:38,634: INFO: common: yaml file: config\config.yaml loaded successfully]
[2024-11-20 17:56:38,634: INFO: common: yaml file: params.yaml loaded successfully]
[2024-11-20 17:56:38,634: INFO: common: yaml file: schema.yaml loaded successfully]
[2024-11-20 17:56:38,634: INFO: common: created directory at: artifacts]
[2024-11-20 17:56:38,634: INFO: common: created directory at: artifacts/data_ingestion]
[2024-11-20 17:56:38,634: INFO: data_ingestion: File already exists of size: ~ 47 KB]
[2024-11-20 17:56:38,634: INFO: main: >>>>>> stage Data Ingestion stage completed <<<<<<

x==========x]
[2024-11-20 17:56:38,634: INFO: main: >>>>>> stage Data Validation stage started <<<<<<]
[2024-11-20 17:56:38,634: INFO: common: yaml file: config\config.yaml loaded successfully]
[2024-11-20 17:56:38,647: INFO: common: yaml file: params.yaml loaded successfully]
[2024-11-20 17:56:38,647: INFO: common: yaml file: schema.yaml loaded successfully]
[2024-11-20 17:56:38,647: INFO: common: created directory at: artifacts]
[2024-11-20 17:56:38,647: INFO: common: created directory at: artifacts/data_validation]
[2024-11-20 17:56:38,647: INFO: main: >>>>>> stage Data Validation stage completed <<<<<<

x==========x]
[2024-11-20 18:02:43,564: INFO: main: >>>>>> stage Data Ingestion stage started <<<<<<]
[2024-11-20 18:02:43,564: INFO: common: yaml file: config\config.yaml loaded successfully]
[2024-11-20 18:02:43,564: INFO: common: yaml file: params.yaml loaded successfully]
[2024-11-20 18:02:43,564: INFO: common: yaml file: schema.yaml loaded successfully]
[2024-11-20 18:02:43,564: INFO: common: created directory at: artifacts]
[2024-11-20 18:02:43,564: INFO: common: created directory at: artifacts/data_ingestion]
[2024-11-20 18:02:43,564: INFO: data_ingestion: File already exists of size: ~ 47 KB]
[2024-11-20 18:02:43,564: INFO: main: >>>>>> stage Data Ingestion stage completed <<<<<<

x==========x]
[2024-11-20 18:02:43,564: INFO: main: >>>>>> stage Data Validation stage started <<<<<<]
[2024-11-20 18:02:43,564: INFO: common: yaml file: config\config.yaml loaded successfully]
[2024-11-20 18:02:43,564: INFO: common: yaml file: params.yaml loaded successfully]
[2024-11-20 18:02:43,564: INFO: common: yaml file: schema.yaml loaded successfully]
[2024-11-20 18:02:43,564: INFO: common: created directory at: artifacts]
[2024-11-20 18:02:43,564: INFO: common: created directory at: artifacts/data_validation]
[2024-11-20 18:02:43,588: INFO: main: >>>>>> stage Data Validation stage completed <<<<<<

x==========x]
[2024-11-20 19:45:36,501: INFO: main: >>>>>> stage Data Ingestion stage started <<<<<<]
[2024-11-20 19:45:36,502: INFO: common: yaml file: config\config.yaml loaded successfully]
[2024-11-20 19:45:36,503: INFO: common: yaml file: params.yaml loaded successfully]
[2024-11-20 19:45:36,505: INFO: common: yaml file: schema.yaml loaded successfully]
[2024-11-20 19:45:36,506: INFO: common: created directory at: artifacts]
[2024-11-20 19:45:36,506: INFO: common: created directory at: artifacts/data_ingestion]
[2024-11-20 19:45:36,507: INFO: data_ingestion: File copied from test/kidney_disease.csv to artifacts/data_ingestion/data.csv]
[2024-11-20 19:45:36,507: INFO: main: >>>>>> stage Data Ingestion stage completed <<<<<<

x==========x]
[2024-11-20 19:45:36,507: INFO: main: >>>>>> stage Data Validation stage started <<<<<<]
[2024-11-20 19:45:36,508: INFO: common: yaml file: config\config.yaml loaded successfully]
[2024-11-20 19:45:36,509: INFO: common: yaml file: params.yaml loaded successfully]
[2024-11-20 19:45:36,511: INFO: common: yaml file: schema.yaml loaded successfully]
[2024-11-20 19:45:36,512: INFO: common: created directory at: artifacts]
[2024-11-20 19:45:36,512: INFO: common: created directory at: artifacts/data_validation]
[2024-11-20 19:45:36,534: INFO: main: >>>>>> stage Data Validation stage completed <<<<<<

x==========x]
[2024-11-20 21:22:39,420: INFO: common: yaml file: config\config.yaml loaded successfully]
[2024-11-20 21:22:39,422: INFO: common: yaml file: params.yaml loaded successfully]
[2024-11-20 21:22:39,425: INFO: common: yaml file: schema.yaml loaded successfully]
[2024-11-20 21:22:39,426: INFO: common: created directory at: artifacts]
[2024-11-20 21:23:52,011: INFO: common: yaml file: config\config.yaml loaded successfully]
[2024-11-20 21:23:52,013: INFO: common: yaml file: params.yaml loaded successfully]
[2024-11-20 21:23:52,015: INFO: common: yaml file: schema.yaml loaded successfully]
[2024-11-20 21:23:52,016: INFO: common: created directory at: artifacts]
[2024-11-20 21:23:52,018: INFO: common: created directory at: artifacts/data_cleaning]
[2024-11-20 21:25:14,882: INFO: common: yaml file: config\config.yaml loaded successfully]
[2024-11-20 21:25:14,883: INFO: common: yaml file: params.yaml loaded successfully]
[2024-11-20 21:25:14,886: INFO: common: yaml file: schema.yaml loaded successfully]
[2024-11-20 21:25:14,886: INFO: common: created directory at: artifacts]
[2024-11-20 21:25:14,886: INFO: common: created directory at: artifacts/data_cleaning]
[2024-11-20 21:25:14,914: INFO: 651973931: Cleaning the data]
[2024-11-20 21:25:14,915: INFO: 651973931: (400, 25)]
[2024-11-20 21:26:07,149: INFO: common: yaml file: config\config.yaml loaded successfully]
[2024-11-20 21:26:07,150: INFO: common: yaml file: params.yaml loaded successfully]
[2024-11-20 21:26:07,153: INFO: common: yaml file: schema.yaml loaded successfully]
[2024-11-20 21:26:07,155: INFO: common: created directory at: artifacts]
[2024-11-20 21:26:07,156: INFO: common: created directory at: artifacts/data_cleaning]
[2024-11-20 21:26:07,177: INFO: 651973931: Cleaning the data]
[2024-11-20 21:26:07,178: INFO: 651973931: (400, 25)]
[2024-11-20 21:30:25,669: INFO: main: >>>>>> stage Data Ingestion stage started <<<<<<]
[2024-11-20 21:30:25,669: INFO: common: yaml file: config\config.yaml loaded successfully]
[2024-11-20 21:30:25,669: INFO: common: yaml file: params.yaml loaded successfully]
[2024-11-20 21:30:25,669: INFO: common: yaml file: schema.yaml loaded successfully]
[2024-11-20 21:30:25,669: INFO: common: created directory at: artifacts]
[2024-11-20 21:30:25,669: INFO: common: created directory at: artifacts/data_ingestion]
[2024-11-20 21:30:25,669: INFO: data_ingestion: File already exists of size: ~ 47 KB]
[2024-11-20 21:30:25,669: INFO: main: >>>>>> stage Data Ingestion stage completed <<<<<<

x==========x]
[2024-11-20 21:30:25,669: INFO: main: >>>>>> stage Data Validation stage started <<<<<<]
[2024-11-20 21:30:25,669: INFO: common: yaml file: config\config.yaml loaded successfully]
[2024-11-20 21:30:25,669: INFO: common: yaml file: params.yaml loaded successfully]
[2024-11-20 21:30:25,669: INFO: common: yaml file: schema.yaml loaded successfully]
[2024-11-20 21:30:25,669: INFO: common: created directory at: artifacts]
[2024-11-20 21:30:25,669: INFO: common: created directory at: artifacts/data_validation]
[2024-11-20 21:30:25,698: INFO: main: >>>>>> stage Data Validation stage completed <<<<<<

x==========x]
[2024-11-20 21:30:25,699: INFO: main: >>>>>> stage Data Cleaning stage started  <<<<<<]
[2024-11-20 21:30:25,702: INFO: common: yaml file: config\config.yaml loaded successfully]
[2024-11-20 21:30:25,704: INFO: common: yaml file: params.yaml loaded successfully]
[2024-11-20 21:30:25,706: INFO: common: yaml file: schema.yaml loaded successfully]
[2024-11-20 21:30:25,707: INFO: common: created directory at: artifacts]
[2024-11-20 21:30:25,707: INFO: common: created directory at: artifacts/data_cleaning]
[2024-11-20 21:30:25,736: INFO: data_cleaning: Cleaning the data]
[2024-11-20 21:30:25,736: INFO: data_cleaning: (400, 25)]
[2024-11-20 21:30:25,737: INFO: main: >>>>>> stage Data Cleaning stage completed <<<<<< 

x==========x]
[2024-11-20 22:05:01,331: INFO: common: yaml file: config\config.yaml loaded successfully]
[2024-11-20 22:05:01,333: INFO: common: yaml file: params.yaml loaded successfully]
[2024-11-20 22:05:01,338: INFO: common: yaml file: schema.yaml loaded successfully]
[2024-11-20 22:05:01,339: INFO: common: created directory at: artifacts]
[2024-11-20 22:05:01,340: INFO: common: created directory at: artifacts/data_transformation]
[2024-11-20 22:05:01,395: INFO: 923752688: Data transformation complete]
[2024-11-20 22:05:01,395: INFO: 923752688: Data shape: (400, 25)]
[2024-11-20 22:05:33,717: INFO: main: >>>>>> stage Data Ingestion stage started <<<<<<]
[2024-11-20 22:05:33,718: INFO: common: yaml file: config\config.yaml loaded successfully]
[2024-11-20 22:05:33,719: INFO: common: yaml file: params.yaml loaded successfully]
[2024-11-20 22:05:33,721: INFO: common: yaml file: schema.yaml loaded successfully]
[2024-11-20 22:05:33,721: INFO: common: created directory at: artifacts]
[2024-11-20 22:05:33,722: INFO: common: created directory at: artifacts/data_ingestion]
[2024-11-20 22:05:33,722: INFO: data_ingestion: File already exists of size: ~ 47 KB]
[2024-11-20 22:05:33,722: INFO: main: >>>>>> stage Data Ingestion stage completed <<<<<<

x==========x]
[2024-11-20 22:05:33,722: INFO: main: >>>>>> stage Data Validation stage started <<<<<<]
[2024-11-20 22:05:33,723: INFO: common: yaml file: config\config.yaml loaded successfully]
[2024-11-20 22:05:33,724: INFO: common: yaml file: params.yaml loaded successfully]
[2024-11-20 22:05:33,726: INFO: common: yaml file: schema.yaml loaded successfully]
[2024-11-20 22:05:33,727: INFO: common: created directory at: artifacts]
[2024-11-20 22:05:33,727: INFO: common: created directory at: artifacts/data_validation]
[2024-11-20 22:05:33,741: INFO: main: >>>>>> stage Data Validation stage completed <<<<<<

x==========x]
[2024-11-20 22:05:33,742: INFO: main: >>>>>> stage Data Cleaning stage started  <<<<<<]
[2024-11-20 22:05:33,750: INFO: common: yaml file: config\config.yaml loaded successfully]
[2024-11-20 22:05:33,752: INFO: common: yaml file: params.yaml loaded successfully]
[2024-11-20 22:05:33,754: INFO: common: yaml file: schema.yaml loaded successfully]
[2024-11-20 22:05:33,755: INFO: common: created directory at: artifacts]
[2024-11-20 22:05:33,755: INFO: common: created directory at: artifacts/data_cleaning]
[2024-11-20 22:05:33,780: INFO: data_cleaning: Cleaning the data]
[2024-11-20 22:05:33,781: INFO: data_cleaning: (400, 25)]
[2024-11-20 22:05:33,781: INFO: main: >>>>>> stage Data Cleaning stage completed <<<<<< 

x==========x]
[2024-11-20 22:06:31,774: INFO: common: yaml file: config\config.yaml loaded successfully]
[2024-11-20 22:06:31,776: INFO: common: yaml file: params.yaml loaded successfully]
[2024-11-20 22:06:31,779: INFO: common: yaml file: schema.yaml loaded successfully]
[2024-11-20 22:06:31,780: INFO: common: created directory at: artifacts]
[2024-11-20 22:06:31,781: INFO: common: created directory at: artifacts/data_transformation]
[2024-11-20 22:06:31,832: INFO: 923752688: Data transformation complete]
[2024-11-20 22:06:31,833: INFO: 923752688: Data shape: (400, 25)]
[2024-11-20 22:07:14,066: INFO: main: >>>>>> stage Data Ingestion stage started <<<<<<]
[2024-11-20 22:07:14,068: INFO: common: yaml file: config\config.yaml loaded successfully]
[2024-11-20 22:07:14,069: INFO: common: yaml file: params.yaml loaded successfully]
[2024-11-20 22:07:14,071: INFO: common: yaml file: schema.yaml loaded successfully]
[2024-11-20 22:07:14,071: INFO: common: created directory at: artifacts]
[2024-11-20 22:07:14,072: INFO: common: created directory at: artifacts/data_ingestion]
[2024-11-20 22:07:14,072: INFO: data_ingestion: File already exists of size: ~ 47 KB]
[2024-11-20 22:07:14,073: INFO: main: >>>>>> stage Data Ingestion stage completed <<<<<<

x==========x]
[2024-11-20 22:07:14,073: INFO: main: >>>>>> stage Data Validation stage started <<<<<<]
[2024-11-20 22:07:14,074: INFO: common: yaml file: config\config.yaml loaded successfully]
[2024-11-20 22:07:14,075: INFO: common: yaml file: params.yaml loaded successfully]
[2024-11-20 22:07:14,078: INFO: common: yaml file: schema.yaml loaded successfully]
[2024-11-20 22:07:14,078: INFO: common: created directory at: artifacts]
[2024-11-20 22:07:14,079: INFO: common: created directory at: artifacts/data_validation]
[2024-11-20 22:07:14,092: INFO: main: >>>>>> stage Data Validation stage completed <<<<<<

x==========x]
[2024-11-20 22:07:14,093: INFO: main: >>>>>> stage Data Cleaning stage started  <<<<<<]
[2024-11-20 22:07:14,095: INFO: common: yaml file: config\config.yaml loaded successfully]
[2024-11-20 22:07:14,096: INFO: common: yaml file: params.yaml loaded successfully]
[2024-11-20 22:07:14,098: INFO: common: yaml file: schema.yaml loaded successfully]
[2024-11-20 22:07:14,099: INFO: common: created directory at: artifacts]
[2024-11-20 22:07:14,099: INFO: common: created directory at: artifacts/data_cleaning]
[2024-11-20 22:07:14,124: INFO: data_cleaning: Cleaning the data]
[2024-11-20 22:07:14,124: INFO: data_cleaning: (400, 25)]
[2024-11-20 22:07:14,125: INFO: main: >>>>>> stage Data Cleaning stage completed <<<<<< 

x==========x]
[2024-11-20 22:08:43,454: INFO: main: >>>>>> stage Data Ingestion stage started <<<<<<]
[2024-11-20 22:08:43,457: INFO: common: yaml file: config\config.yaml loaded successfully]
[2024-11-20 22:08:43,458: INFO: common: yaml file: params.yaml loaded successfully]
[2024-11-20 22:08:43,461: INFO: common: yaml file: schema.yaml loaded successfully]
[2024-11-20 22:08:43,461: INFO: common: created directory at: artifacts]
[2024-11-20 22:08:43,462: INFO: common: created directory at: artifacts/data_ingestion]
[2024-11-20 22:08:43,471: INFO: data_ingestion: File copied from test/kidney_disease.csv to artifacts/data_ingestion/data.csv]
[2024-11-20 22:08:43,471: INFO: main: >>>>>> stage Data Ingestion stage completed <<<<<<

x==========x]
[2024-11-20 22:08:43,472: INFO: main: >>>>>> stage Data Validation stage started <<<<<<]
[2024-11-20 22:08:43,474: INFO: common: yaml file: config\config.yaml loaded successfully]
[2024-11-20 22:08:43,475: INFO: common: yaml file: params.yaml loaded successfully]
[2024-11-20 22:08:43,477: INFO: common: yaml file: schema.yaml loaded successfully]
[2024-11-20 22:08:43,478: INFO: common: created directory at: artifacts]
[2024-11-20 22:08:43,478: INFO: common: created directory at: artifacts/data_validation]
[2024-11-20 22:08:43,497: INFO: main: >>>>>> stage Data Validation stage completed <<<<<<

x==========x]
[2024-11-20 22:08:43,497: INFO: main: >>>>>> stage Data Cleaning stage started  <<<<<<]
[2024-11-20 22:08:43,500: INFO: common: yaml file: config\config.yaml loaded successfully]
[2024-11-20 22:08:43,501: INFO: common: yaml file: params.yaml loaded successfully]
[2024-11-20 22:08:43,503: INFO: common: yaml file: schema.yaml loaded successfully]
[2024-11-20 22:08:43,503: INFO: common: created directory at: artifacts]
[2024-11-20 22:08:43,504: INFO: common: created directory at: artifacts/data_cleaning]
[2024-11-20 22:08:43,528: INFO: data_cleaning: Cleaning the data]
[2024-11-20 22:08:43,528: INFO: data_cleaning: (400, 25)]
[2024-11-20 22:08:43,529: INFO: main: >>>>>> stage Data Cleaning stage completed <<<<<< 

x==========x]
[2024-11-20 22:08:55,397: INFO: common: yaml file: config\config.yaml loaded successfully]
[2024-11-20 22:08:55,398: INFO: common: yaml file: params.yaml loaded successfully]
[2024-11-20 22:08:55,401: INFO: common: yaml file: schema.yaml loaded successfully]
[2024-11-20 22:08:55,402: INFO: common: created directory at: artifacts]
[2024-11-20 22:08:55,404: INFO: common: created directory at: artifacts/data_transformation]
[2024-11-20 22:08:55,445: INFO: 923752688: Data transformation complete]
[2024-11-20 22:08:55,446: INFO: 923752688: Data shape: (400, 25)]
[2024-11-20 22:13:26,286: INFO: main: >>>>>> stage Data Ingestion stage started <<<<<<]
[2024-11-20 22:13:26,287: INFO: common: yaml file: config\config.yaml loaded successfully]
[2024-11-20 22:13:26,288: INFO: common: yaml file: params.yaml loaded successfully]
[2024-11-20 22:13:26,291: INFO: common: yaml file: schema.yaml loaded successfully]
[2024-11-20 22:13:26,292: INFO: common: created directory at: artifacts]
[2024-11-20 22:13:26,293: INFO: common: created directory at: artifacts/data_ingestion]
[2024-11-20 22:13:26,293: INFO: data_ingestion: File already exists of size: ~ 47 KB]
[2024-11-20 22:13:26,294: INFO: main: >>>>>> stage Data Ingestion stage completed <<<<<<

x==========x]
[2024-11-20 22:13:26,294: INFO: main: >>>>>> stage Data Validation stage started <<<<<<]
[2024-11-20 22:13:26,295: INFO: common: yaml file: config\config.yaml loaded successfully]
[2024-11-20 22:13:26,296: INFO: common: yaml file: params.yaml loaded successfully]
[2024-11-20 22:13:26,298: INFO: common: yaml file: schema.yaml loaded successfully]
[2024-11-20 22:13:26,299: INFO: common: created directory at: artifacts]
[2024-11-20 22:13:26,299: INFO: common: created directory at: artifacts/data_validation]
[2024-11-20 22:13:26,312: INFO: main: >>>>>> stage Data Validation stage completed <<<<<<

x==========x]
[2024-11-20 22:13:26,313: INFO: main: >>>>>> stage Data Cleaning stage started  <<<<<<]
[2024-11-20 22:13:26,315: INFO: common: yaml file: config\config.yaml loaded successfully]
[2024-11-20 22:13:26,316: INFO: common: yaml file: params.yaml loaded successfully]
[2024-11-20 22:13:26,318: INFO: common: yaml file: schema.yaml loaded successfully]
[2024-11-20 22:13:26,318: INFO: common: created directory at: artifacts]
[2024-11-20 22:13:26,319: INFO: common: created directory at: artifacts/data_cleaning]
[2024-11-20 22:13:26,342: INFO: data_cleaning: Cleaning the data]
[2024-11-20 22:13:26,343: INFO: data_cleaning: (400, 25)]
[2024-11-20 22:13:26,343: INFO: main: >>>>>> stage Data Cleaning stage completed <<<<<< 

x==========x]
[2024-11-20 22:13:51,395: INFO: main: >>>>>> stage Data Ingestion stage started <<<<<<]
[2024-11-20 22:13:51,397: INFO: common: yaml file: config\config.yaml loaded successfully]
[2024-11-20 22:13:51,398: INFO: common: yaml file: params.yaml loaded successfully]
[2024-11-20 22:13:51,400: INFO: common: yaml file: schema.yaml loaded successfully]
[2024-11-20 22:13:51,400: INFO: common: created directory at: artifacts]
[2024-11-20 22:13:51,401: INFO: common: created directory at: artifacts/data_ingestion]
[2024-11-20 22:13:51,401: INFO: data_ingestion: File already exists of size: ~ 47 KB]
[2024-11-20 22:13:51,402: INFO: main: >>>>>> stage Data Ingestion stage completed <<<<<<

x==========x]
[2024-11-20 22:13:51,402: INFO: main: >>>>>> stage Data Validation stage started <<<<<<]
[2024-11-20 22:13:51,404: INFO: common: yaml file: config\config.yaml loaded successfully]
[2024-11-20 22:13:51,404: INFO: common: yaml file: params.yaml loaded successfully]
[2024-11-20 22:13:51,406: INFO: common: yaml file: schema.yaml loaded successfully]
[2024-11-20 22:13:51,407: INFO: common: created directory at: artifacts]
[2024-11-20 22:13:51,407: INFO: common: created directory at: artifacts/data_validation]
[2024-11-20 22:13:51,420: INFO: main: >>>>>> stage Data Validation stage completed <<<<<<

x==========x]
[2024-11-20 22:13:51,421: INFO: main: >>>>>> stage Data Cleaning stage started  <<<<<<]
[2024-11-20 22:13:51,423: INFO: common: yaml file: config\config.yaml loaded successfully]
[2024-11-20 22:13:51,424: INFO: common: yaml file: params.yaml loaded successfully]
[2024-11-20 22:13:51,426: INFO: common: yaml file: schema.yaml loaded successfully]
[2024-11-20 22:13:51,426: INFO: common: created directory at: artifacts]
[2024-11-20 22:13:51,427: INFO: common: created directory at: artifacts/data_cleaning]
[2024-11-20 22:13:51,449: INFO: data_cleaning: Cleaning the data]
[2024-11-20 22:13:51,449: INFO: data_cleaning: (400, 25)]
[2024-11-20 22:13:51,450: INFO: main: >>>>>> stage Data Cleaning stage completed <<<<<< 

x==========x]
[2024-11-20 22:13:51,451: INFO: main: >>>>>> stage Data Transformation stage started <<<<<<]
[2024-11-20 22:13:51,452: INFO: common: yaml file: config\config.yaml loaded successfully]
[2024-11-20 22:13:51,453: INFO: common: yaml file: params.yaml loaded successfully]
[2024-11-20 22:13:51,455: INFO: common: yaml file: schema.yaml loaded successfully]
[2024-11-20 22:13:51,456: INFO: common: created directory at: artifacts]
[2024-11-20 22:13:51,456: INFO: common: created directory at: artifacts/data_transformation]
[2024-11-20 22:13:51,505: INFO: data_transformation: Data transformation complete]
[2024-11-20 22:13:51,505: INFO: data_transformation: Data shape: (400, 25)]
[2024-11-20 22:13:51,505: INFO: main: >>>>>> stage Data Transformation stage completed <<<<<<

x==========x]
[2024-11-20 22:21:50,647: INFO: common: yaml file: config\config.yaml loaded successfully]
[2024-11-20 22:21:50,649: INFO: common: yaml file: params.yaml loaded successfully]
[2024-11-20 22:21:50,652: INFO: common: yaml file: schema.yaml loaded successfully]
[2024-11-20 22:21:50,653: INFO: common: created directory at: artifacts]
[2024-11-20 22:27:46,495: INFO: common: yaml file: config\config.yaml loaded successfully]
[2024-11-20 22:27:46,500: INFO: common: yaml file: params.yaml loaded successfully]
[2024-11-20 22:27:46,502: INFO: common: yaml file: schema.yaml loaded successfully]
[2024-11-20 22:27:46,504: INFO: common: created directory at: artifacts]
[2024-11-20 22:29:30,085: INFO: common: yaml file: config\config.yaml loaded successfully]
[2024-11-20 22:29:30,086: INFO: common: yaml file: params.yaml loaded successfully]
[2024-11-20 22:29:30,089: INFO: common: yaml file: schema.yaml loaded successfully]
[2024-11-20 22:29:30,090: INFO: common: created directory at: artifacts]
[2024-11-20 22:29:40,786: INFO: common: yaml file: config\config.yaml loaded successfully]
[2024-11-20 22:29:40,786: INFO: common: yaml file: params.yaml loaded successfully]
[2024-11-20 22:29:40,793: INFO: common: yaml file: schema.yaml loaded successfully]
[2024-11-20 22:29:40,795: INFO: common: created directory at: artifacts]
[2024-11-20 22:29:40,796: INFO: common: created directory at: artifacts/data_transformation]
[2024-11-20 22:29:40,809: INFO: 3502927181: Splited data into training and test sets]
[2024-11-20 22:29:40,810: INFO: 3502927181: (300, 25)]
[2024-11-20 22:29:40,811: INFO: 3502927181: (100, 25)]
[2024-11-20 22:37:58,150: INFO: common: yaml file: config\config.yaml loaded successfully]
[2024-11-20 22:37:58,151: INFO: common: yaml file: params.yaml loaded successfully]
[2024-11-20 22:37:58,154: INFO: common: yaml file: schema.yaml loaded successfully]
[2024-11-20 22:37:58,155: INFO: common: created directory at: artifacts]
[2024-11-20 22:37:58,156: INFO: common: created directory at: artifacts/data_transformation]
[2024-11-20 22:37:58,167: INFO: 3502927181: Splited data into training and test sets]
[2024-11-20 22:37:58,168: INFO: 3502927181: (300, 25)]
[2024-11-20 22:37:58,169: INFO: 3502927181: (100, 25)]
[2024-11-20 22:39:34,083: INFO: main: >>>>>> stage Data Ingestion stage started <<<<<<]
[2024-11-20 22:39:34,084: INFO: common: yaml file: config\config.yaml loaded successfully]
[2024-11-20 22:39:34,086: INFO: common: yaml file: params.yaml loaded successfully]
[2024-11-20 22:39:34,089: INFO: common: yaml file: schema.yaml loaded successfully]
[2024-11-20 22:39:34,089: INFO: common: created directory at: artifacts]
[2024-11-20 22:39:34,089: INFO: common: created directory at: artifacts/data_ingestion]
[2024-11-20 22:39:34,090: INFO: data_ingestion: File already exists of size: ~ 47 KB]
[2024-11-20 22:39:34,090: INFO: main: >>>>>> stage Data Ingestion stage completed <<<<<<

x==========x]
[2024-11-20 22:39:34,090: INFO: main: >>>>>> stage Data Validation stage started <<<<<<]
[2024-11-20 22:39:34,092: INFO: common: yaml file: config\config.yaml loaded successfully]
[2024-11-20 22:39:34,093: INFO: common: yaml file: params.yaml loaded successfully]
[2024-11-20 22:39:34,095: INFO: common: yaml file: schema.yaml loaded successfully]
[2024-11-20 22:39:34,095: INFO: common: created directory at: artifacts]
[2024-11-20 22:39:34,096: INFO: common: created directory at: artifacts/data_validation]
[2024-11-20 22:39:34,110: INFO: main: >>>>>> stage Data Validation stage completed <<<<<<

x==========x]
[2024-11-20 22:39:34,110: INFO: main: >>>>>> stage Data Cleaning stage started  <<<<<<]
[2024-11-20 22:39:34,113: INFO: common: yaml file: config\config.yaml loaded successfully]
[2024-11-20 22:39:34,114: INFO: common: yaml file: params.yaml loaded successfully]
[2024-11-20 22:39:34,117: INFO: common: yaml file: schema.yaml loaded successfully]
[2024-11-20 22:39:34,118: INFO: common: created directory at: artifacts]
[2024-11-20 22:39:34,118: INFO: common: created directory at: artifacts/data_cleaning]
[2024-11-20 22:39:34,141: INFO: data_cleaning: Cleaning the data]
[2024-11-20 22:39:34,141: INFO: data_cleaning: (400, 25)]
[2024-11-20 22:39:34,142: INFO: main: >>>>>> stage Data Cleaning stage completed <<<<<< 

x==========x]
[2024-11-20 22:39:34,142: INFO: main: >>>>>> stage Data Transformation stage started <<<<<<]
[2024-11-20 22:39:34,144: INFO: common: yaml file: config\config.yaml loaded successfully]
[2024-11-20 22:39:34,145: INFO: common: yaml file: params.yaml loaded successfully]
[2024-11-20 22:39:34,147: INFO: common: yaml file: schema.yaml loaded successfully]
[2024-11-20 22:39:34,148: INFO: common: created directory at: artifacts]
[2024-11-20 22:39:34,148: INFO: common: created directory at: artifacts/data_transformation]
[2024-11-20 22:39:34,198: INFO: data_transformation: Data transformation complete]
[2024-11-20 22:39:34,199: INFO: data_transformation: Data shape: (400, 25)]
[2024-11-20 22:39:34,199: INFO: main: >>>>>> stage Data Transformation stage completed <<<<<<

x==========x]
[2024-11-20 22:41:44,786: INFO: main: >>>>>> stage Data Ingestion stage started <<<<<<]
[2024-11-20 22:41:44,789: INFO: common: yaml file: config\config.yaml loaded successfully]
[2024-11-20 22:41:44,790: INFO: common: yaml file: params.yaml loaded successfully]
[2024-11-20 22:41:44,794: INFO: common: yaml file: schema.yaml loaded successfully]
[2024-11-20 22:41:44,795: INFO: common: created directory at: artifacts]
[2024-11-20 22:41:44,796: INFO: common: created directory at: artifacts/data_ingestion]
[2024-11-20 22:41:44,796: INFO: data_ingestion: File already exists of size: ~ 47 KB]
[2024-11-20 22:41:44,797: INFO: main: >>>>>> stage Data Ingestion stage completed <<<<<<

x==========x]
[2024-11-20 22:41:44,798: INFO: main: >>>>>> stage Data Validation stage started <<<<<<]
[2024-11-20 22:41:44,802: INFO: common: yaml file: config\config.yaml loaded successfully]
[2024-11-20 22:41:44,804: INFO: common: yaml file: params.yaml loaded successfully]
[2024-11-20 22:41:44,808: INFO: common: yaml file: schema.yaml loaded successfully]
[2024-11-20 22:41:44,809: INFO: common: created directory at: artifacts]
[2024-11-20 22:41:44,810: INFO: common: created directory at: artifacts/data_validation]
[2024-11-20 22:41:44,837: INFO: main: >>>>>> stage Data Validation stage completed <<<<<<

x==========x]
[2024-11-20 22:41:44,838: INFO: main: >>>>>> stage Data Cleaning stage started  <<<<<<]
[2024-11-20 22:41:44,842: INFO: common: yaml file: config\config.yaml loaded successfully]
[2024-11-20 22:41:44,843: INFO: common: yaml file: params.yaml loaded successfully]
[2024-11-20 22:41:44,846: INFO: common: yaml file: schema.yaml loaded successfully]
[2024-11-20 22:41:44,846: INFO: common: created directory at: artifacts]
[2024-11-20 22:41:44,847: INFO: common: created directory at: artifacts/data_cleaning]
[2024-11-20 22:41:44,871: INFO: data_cleaning: Cleaning the data]
[2024-11-20 22:41:44,871: INFO: data_cleaning: (400, 25)]
[2024-11-20 22:41:44,872: INFO: main: >>>>>> stage Data Cleaning stage completed <<<<<< 

x==========x]
[2024-11-20 22:41:44,872: INFO: main: >>>>>> stage Data Transformation stage started <<<<<<]
[2024-11-20 22:41:44,874: INFO: common: yaml file: config\config.yaml loaded successfully]
[2024-11-20 22:41:44,875: INFO: common: yaml file: params.yaml loaded successfully]
[2024-11-20 22:41:44,877: INFO: common: yaml file: schema.yaml loaded successfully]
[2024-11-20 22:41:44,877: INFO: common: created directory at: artifacts]
[2024-11-20 22:41:44,878: INFO: common: created directory at: artifacts/data_transformation]
[2024-11-20 22:41:44,922: INFO: data_transformation: Data transformation complete]
[2024-11-20 22:41:44,922: INFO: data_transformation: Data shape: (400, 25)]
[2024-11-20 22:41:44,923: INFO: main: >>>>>> stage Data Transformation stage completed <<<<<<

x==========x]
[2024-11-20 22:41:44,923: INFO: main: >>>>>> stage Data Spliting stage started <<<<<<]
[2024-11-20 22:41:44,926: INFO: common: yaml file: config\config.yaml loaded successfully]
[2024-11-20 22:41:44,926: INFO: common: yaml file: params.yaml loaded successfully]
[2024-11-20 22:41:44,928: INFO: common: yaml file: schema.yaml loaded successfully]
[2024-11-20 22:41:44,929: INFO: common: created directory at: artifacts]
[2024-11-20 22:41:44,929: INFO: main: >>>>>> stage Data Spliting stage completed <<<<<<

x==========x]
[2024-11-20 22:43:38,641: INFO: main: >>>>>> stage Data Ingestion stage started <<<<<<]
[2024-11-20 22:43:38,643: INFO: common: yaml file: config\config.yaml loaded successfully]
[2024-11-20 22:43:38,644: INFO: common: yaml file: params.yaml loaded successfully]
[2024-11-20 22:43:38,645: INFO: common: yaml file: schema.yaml loaded successfully]
[2024-11-20 22:43:38,647: INFO: common: created directory at: artifacts]
[2024-11-20 22:43:38,647: INFO: common: created directory at: artifacts/data_ingestion]
[2024-11-20 22:43:38,648: INFO: data_ingestion: File already exists of size: ~ 47 KB]
[2024-11-20 22:43:38,648: INFO: main: >>>>>> stage Data Ingestion stage completed <<<<<<

x==========x]
[2024-11-20 22:43:38,648: INFO: main: >>>>>> stage Data Validation stage started <<<<<<]
[2024-11-20 22:43:38,650: INFO: common: yaml file: config\config.yaml loaded successfully]
[2024-11-20 22:43:38,651: INFO: common: yaml file: params.yaml loaded successfully]
[2024-11-20 22:43:38,653: INFO: common: yaml file: schema.yaml loaded successfully]
[2024-11-20 22:43:38,654: INFO: common: created directory at: artifacts]
[2024-11-20 22:43:38,654: INFO: common: created directory at: artifacts/data_validation]
[2024-11-20 22:43:38,664: INFO: main: >>>>>> stage Data Validation stage completed <<<<<<

x==========x]
[2024-11-20 22:43:38,664: INFO: main: >>>>>> stage Data Cleaning stage started  <<<<<<]
[2024-11-20 22:43:38,667: INFO: common: yaml file: config\config.yaml loaded successfully]
[2024-11-20 22:43:38,668: INFO: common: yaml file: params.yaml loaded successfully]
[2024-11-20 22:43:38,670: INFO: common: yaml file: schema.yaml loaded successfully]
[2024-11-20 22:43:38,671: INFO: common: created directory at: artifacts]
[2024-11-20 22:43:38,671: INFO: common: created directory at: artifacts/data_cleaning]
[2024-11-20 22:43:38,692: INFO: data_cleaning: Cleaning the data]
[2024-11-20 22:43:38,693: INFO: data_cleaning: (400, 25)]
[2024-11-20 22:43:38,693: INFO: main: >>>>>> stage Data Cleaning stage completed <<<<<< 

x==========x]
[2024-11-20 22:43:38,694: INFO: main: >>>>>> stage Data Transformation stage started <<<<<<]
[2024-11-20 22:43:38,696: INFO: common: yaml file: config\config.yaml loaded successfully]
[2024-11-20 22:43:38,697: INFO: common: yaml file: params.yaml loaded successfully]
[2024-11-20 22:43:38,699: INFO: common: yaml file: schema.yaml loaded successfully]
[2024-11-20 22:43:38,699: INFO: common: created directory at: artifacts]
[2024-11-20 22:43:38,700: INFO: common: created directory at: artifacts/data_transformation]
[2024-11-20 22:43:38,744: INFO: data_transformation: Data transformation complete]
[2024-11-20 22:43:38,745: INFO: data_transformation: Data shape: (400, 25)]
[2024-11-20 22:43:38,745: INFO: main: >>>>>> stage Data Transformation stage completed <<<<<<

x==========x]
[2024-11-20 22:43:38,745: INFO: main: >>>>>> stage Data Spliting stage started <<<<<<]
[2024-11-20 22:43:38,748: INFO: common: yaml file: config\config.yaml loaded successfully]
[2024-11-20 22:43:38,748: INFO: common: yaml file: params.yaml loaded successfully]
[2024-11-20 22:43:38,750: INFO: common: yaml file: schema.yaml loaded successfully]
[2024-11-20 22:43:38,751: INFO: common: created directory at: artifacts]
[2024-11-20 22:43:38,751: INFO: main: >>>>>> stage Data Spliting stage completed <<<<<<

x==========x]
[2024-11-20 22:46:55,106: INFO: main: >>>>>> stage Data Ingestion stage started <<<<<<]
[2024-11-20 22:46:55,108: INFO: common: yaml file: config\config.yaml loaded successfully]
[2024-11-20 22:46:55,108: INFO: common: yaml file: params.yaml loaded successfully]
[2024-11-20 22:46:55,111: INFO: common: yaml file: schema.yaml loaded successfully]
[2024-11-20 22:46:55,112: INFO: common: created directory at: artifacts]
[2024-11-20 22:46:55,113: INFO: common: created directory at: artifacts/data_ingestion]
[2024-11-20 22:46:55,113: INFO: data_ingestion: File already exists of size: ~ 47 KB]
[2024-11-20 22:46:55,114: INFO: main: >>>>>> stage Data Ingestion stage completed <<<<<<

x==========x]
[2024-11-20 22:46:55,114: INFO: main: >>>>>> stage Data Validation stage started <<<<<<]
[2024-11-20 22:46:55,116: INFO: common: yaml file: config\config.yaml loaded successfully]
[2024-11-20 22:46:55,117: INFO: common: yaml file: params.yaml loaded successfully]
[2024-11-20 22:46:55,119: INFO: common: yaml file: schema.yaml loaded successfully]
[2024-11-20 22:46:55,120: INFO: common: created directory at: artifacts]
[2024-11-20 22:46:55,121: INFO: common: created directory at: artifacts/data_validation]
[2024-11-20 22:46:55,132: INFO: main: >>>>>> stage Data Validation stage completed <<<<<<

x==========x]
[2024-11-20 22:46:55,133: INFO: main: >>>>>> stage Data Cleaning stage started  <<<<<<]
[2024-11-20 22:46:55,141: INFO: common: yaml file: config\config.yaml loaded successfully]
[2024-11-20 22:46:55,142: INFO: common: yaml file: params.yaml loaded successfully]
[2024-11-20 22:46:55,145: INFO: common: yaml file: schema.yaml loaded successfully]
[2024-11-20 22:46:55,145: INFO: common: created directory at: artifacts]
[2024-11-20 22:46:55,146: INFO: common: created directory at: artifacts/data_cleaning]
[2024-11-20 22:46:55,169: INFO: data_cleaning: Cleaning the data]
[2024-11-20 22:46:55,169: INFO: data_cleaning: (400, 25)]
[2024-11-20 22:46:55,170: INFO: main: >>>>>> stage Data Cleaning stage completed <<<<<< 

x==========x]
[2024-11-20 22:46:55,170: INFO: main: >>>>>> stage Data Transformation stage started <<<<<<]
[2024-11-20 22:46:55,172: INFO: common: yaml file: config\config.yaml loaded successfully]
[2024-11-20 22:46:55,174: INFO: common: yaml file: params.yaml loaded successfully]
[2024-11-20 22:46:55,176: INFO: common: yaml file: schema.yaml loaded successfully]
[2024-11-20 22:46:55,177: INFO: common: created directory at: artifacts]
[2024-11-20 22:46:55,178: INFO: common: created directory at: artifacts/data_transformation]
[2024-11-20 22:46:55,227: INFO: data_transformation: Data transformation complete]
[2024-11-20 22:46:55,227: INFO: data_transformation: Data shape: (400, 25)]
[2024-11-20 22:46:55,227: INFO: main: >>>>>> stage Data Transformation stage completed <<<<<<

x==========x]
[2024-11-20 22:46:55,228: INFO: main: >>>>>> stage Data Spliting stage started <<<<<<]
[2024-11-20 22:46:55,230: INFO: common: yaml file: config\config.yaml loaded successfully]
[2024-11-20 22:46:55,230: INFO: common: yaml file: params.yaml loaded successfully]
[2024-11-20 22:46:55,232: INFO: common: yaml file: schema.yaml loaded successfully]
[2024-11-20 22:46:55,233: INFO: common: created directory at: artifacts]
[2024-11-20 22:46:55,234: INFO: main: >>>>>> stage Data Spliting stage completed <<<<<<

x==========x]
[2024-11-20 22:52:02,745: INFO: common: yaml file: config\config.yaml loaded successfully]
[2024-11-20 22:52:02,747: INFO: common: yaml file: params.yaml loaded successfully]
[2024-11-20 22:52:02,750: INFO: common: yaml file: schema.yaml loaded successfully]
[2024-11-20 22:52:02,751: INFO: common: created directory at: artifacts]
[2024-11-20 22:53:22,469: INFO: common: yaml file: config\config.yaml loaded successfully]
[2024-11-20 22:53:22,478: INFO: common: yaml file: params.yaml loaded successfully]
[2024-11-20 22:53:22,481: INFO: common: yaml file: schema.yaml loaded successfully]
[2024-11-20 22:53:22,482: INFO: common: created directory at: artifacts]
[2024-11-20 22:53:42,180: INFO: common: yaml file: config\config.yaml loaded successfully]
[2024-11-20 22:53:42,182: INFO: common: yaml file: params.yaml loaded successfully]
[2024-11-20 22:53:42,184: INFO: common: yaml file: schema.yaml loaded successfully]
[2024-11-20 22:53:42,186: INFO: common: created directory at: artifacts]
[2024-11-20 22:54:33,880: INFO: common: yaml file: config\config.yaml loaded successfully]
[2024-11-20 22:54:33,881: INFO: common: yaml file: params.yaml loaded successfully]
[2024-11-20 22:54:33,884: INFO: common: yaml file: schema.yaml loaded successfully]
[2024-11-20 22:54:33,886: INFO: common: created directory at: artifacts]
[2024-11-20 22:54:34,983: INFO: common: yaml file: config\config.yaml loaded successfully]
[2024-11-20 22:54:34,983: INFO: common: yaml file: params.yaml loaded successfully]
[2024-11-20 22:54:34,989: INFO: common: yaml file: schema.yaml loaded successfully]
[2024-11-20 22:54:34,990: INFO: common: created directory at: artifacts]
[2024-11-20 22:55:16,594: INFO: common: yaml file: config\config.yaml loaded successfully]
[2024-11-20 22:55:16,594: INFO: common: yaml file: params.yaml loaded successfully]
[2024-11-20 22:55:16,594: INFO: common: yaml file: schema.yaml loaded successfully]
[2024-11-20 22:55:16,594: INFO: common: created directory at: artifacts]
[2024-11-20 22:55:17,641: INFO: common: yaml file: config\config.yaml loaded successfully]
[2024-11-20 22:55:17,641: INFO: common: yaml file: params.yaml loaded successfully]
[2024-11-20 22:55:17,645: INFO: common: yaml file: schema.yaml loaded successfully]
[2024-11-20 22:55:17,647: INFO: common: created directory at: artifacts]
[2024-11-20 23:01:12,867: INFO: common: yaml file: config\config.yaml loaded successfully]
[2024-11-20 23:01:12,872: INFO: common: yaml file: params.yaml loaded successfully]
[2024-11-20 23:01:12,876: INFO: common: yaml file: schema.yaml loaded successfully]
[2024-11-20 23:01:12,877: INFO: common: created directory at: artifacts]
[2024-11-20 23:08:01,070: INFO: common: yaml file: config\config.yaml loaded successfully]
[2024-11-20 23:08:01,074: INFO: common: yaml file: params.yaml loaded successfully]
[2024-11-20 23:08:01,077: INFO: common: yaml file: schema.yaml loaded successfully]
[2024-11-20 23:08:01,078: INFO: common: created directory at: artifacts]
[2024-11-20 23:08:01,080: INFO: common: created directory at: artifacts/data_training]
[2024-11-20 23:08:01,099: INFO: 3955001334: Splited data into training and test sets]
[2024-11-20 23:08:01,101: INFO: 3955001334: (300, 25)]
[2024-11-20 23:08:01,102: INFO: 3955001334: (100, 25)]
[2024-11-20 23:11:59,502: INFO: main: >>>>>> stage Data Ingestion stage started <<<<<<]
[2024-11-20 23:11:59,510: INFO: common: yaml file: config\config.yaml loaded successfully]
[2024-11-20 23:11:59,510: INFO: common: yaml file: params.yaml loaded successfully]
[2024-11-20 23:11:59,510: INFO: common: yaml file: schema.yaml loaded successfully]
[2024-11-20 23:11:59,510: INFO: common: created directory at: artifacts]
[2024-11-20 23:11:59,510: INFO: common: created directory at: artifacts/data_ingestion]
[2024-11-20 23:11:59,516: INFO: data_ingestion: File already exists of size: ~ 47 KB]
[2024-11-20 23:11:59,516: INFO: main: >>>>>> stage Data Ingestion stage completed <<<<<<

x==========x]
[2024-11-20 23:11:59,517: INFO: main: >>>>>> stage Data Validation stage started <<<<<<]
[2024-11-20 23:11:59,519: INFO: common: yaml file: config\config.yaml loaded successfully]
[2024-11-20 23:11:59,520: INFO: common: yaml file: params.yaml loaded successfully]
[2024-11-20 23:11:59,521: INFO: common: yaml file: schema.yaml loaded successfully]
[2024-11-20 23:11:59,521: INFO: common: created directory at: artifacts]
[2024-11-20 23:11:59,521: INFO: common: created directory at: artifacts/data_validation]
[2024-11-20 23:11:59,537: INFO: main: >>>>>> stage Data Validation stage completed <<<<<<

x==========x]
[2024-11-20 23:11:59,538: INFO: main: >>>>>> stage Data Cleaning stage started  <<<<<<]
[2024-11-20 23:11:59,540: INFO: common: yaml file: config\config.yaml loaded successfully]
[2024-11-20 23:11:59,541: INFO: common: yaml file: params.yaml loaded successfully]
[2024-11-20 23:11:59,543: INFO: common: yaml file: schema.yaml loaded successfully]
[2024-11-20 23:11:59,543: INFO: common: created directory at: artifacts]
[2024-11-20 23:11:59,543: INFO: common: created directory at: artifacts/data_cleaning]
[2024-11-20 23:11:59,568: INFO: data_cleaning: Cleaning the data]
[2024-11-20 23:11:59,568: INFO: data_cleaning: (400, 25)]
[2024-11-20 23:11:59,568: INFO: main: >>>>>> stage Data Cleaning stage completed <<<<<< 

x==========x]
[2024-11-20 23:11:59,568: INFO: main: >>>>>> stage Data Transformation stage started <<<<<<]
[2024-11-20 23:11:59,568: INFO: common: yaml file: config\config.yaml loaded successfully]
[2024-11-20 23:11:59,568: INFO: common: yaml file: params.yaml loaded successfully]
[2024-11-20 23:11:59,576: INFO: common: yaml file: schema.yaml loaded successfully]
[2024-11-20 23:11:59,577: INFO: common: created directory at: artifacts]
[2024-11-20 23:11:59,578: INFO: common: created directory at: artifacts/data_transformation]
[2024-11-20 23:11:59,629: INFO: data_transformation: Data transformation complete]
[2024-11-20 23:11:59,629: INFO: data_transformation: Data shape: (400, 25)]
[2024-11-20 23:11:59,630: INFO: main: >>>>>> stage Data Transformation stage completed <<<<<<

x==========x]
[2024-11-20 23:11:59,631: INFO: main: >>>>>> stage Data Spliting stage started <<<<<<]
[2024-11-20 23:11:59,633: INFO: common: yaml file: config\config.yaml loaded successfully]
[2024-11-20 23:11:59,634: INFO: common: yaml file: params.yaml loaded successfully]
[2024-11-20 23:11:59,636: INFO: common: yaml file: schema.yaml loaded successfully]
[2024-11-20 23:11:59,637: INFO: common: created directory at: artifacts]
[2024-11-20 23:11:59,637: INFO: common: created directory at: artifacts/data_training]
[2024-11-20 23:11:59,655: INFO: data_training: Splited data into training and test sets]
[2024-11-20 23:11:59,655: INFO: data_training: (300, 25)]
[2024-11-20 23:11:59,656: INFO: data_training: (100, 25)]
[2024-11-20 23:11:59,657: INFO: main: >>>>>> stage Data Spliting stage completed <<<<<<

x==========x]
[2024-11-21 00:39:19,966: INFO: common: yaml file: config\config.yaml loaded successfully]
[2024-11-21 00:39:19,971: INFO: common: yaml file: params.yaml loaded successfully]
[2024-11-21 00:39:19,986: INFO: common: yaml file: schema.yaml loaded successfully]
[2024-11-21 00:39:19,988: INFO: common: created directory at: artifacts]
[2024-11-21 00:39:19,989: INFO: common: created directory at: artifacts/model_trainer]
[2024-11-21 00:40:12,744: INFO: common: yaml file: config\config.yaml loaded successfully]
[2024-11-21 00:40:12,747: INFO: common: yaml file: params.yaml loaded successfully]
[2024-11-21 00:40:12,756: INFO: common: yaml file: schema.yaml loaded successfully]
[2024-11-21 00:40:12,758: INFO: common: created directory at: artifacts]
[2024-11-21 00:40:12,760: INFO: common: created directory at: artifacts/model_trainer]
[2024-11-21 00:43:40,089: INFO: main: >>>>>> stage Data Ingestion stage started <<<<<<]
[2024-11-21 00:43:40,089: INFO: common: yaml file: config\config.yaml loaded successfully]
[2024-11-21 00:43:40,089: INFO: common: yaml file: params.yaml loaded successfully]
[2024-11-21 00:43:40,089: INFO: common: yaml file: schema.yaml loaded successfully]
[2024-11-21 00:43:40,103: INFO: common: created directory at: artifacts]
[2024-11-21 00:43:40,103: INFO: common: created directory at: artifacts/data_ingestion]
[2024-11-21 00:43:40,104: INFO: data_ingestion: File already exists of size: ~ 47 KB]
[2024-11-21 00:43:40,104: INFO: main: >>>>>> stage Data Ingestion stage completed <<<<<<

x==========x]
[2024-11-21 00:43:40,104: INFO: main: >>>>>> stage Data Validation stage started <<<<<<]
[2024-11-21 00:43:40,107: INFO: common: yaml file: config\config.yaml loaded successfully]
[2024-11-21 00:43:40,108: INFO: common: yaml file: params.yaml loaded successfully]
[2024-11-21 00:43:40,110: INFO: common: yaml file: schema.yaml loaded successfully]
[2024-11-21 00:43:40,111: INFO: common: created directory at: artifacts]
[2024-11-21 00:43:40,111: INFO: common: created directory at: artifacts/data_validation]
[2024-11-21 00:43:40,124: INFO: main: >>>>>> stage Data Validation stage completed <<<<<<

x==========x]
[2024-11-21 00:43:40,124: INFO: main: >>>>>> stage Data Cleaning stage started  <<<<<<]
[2024-11-21 00:43:40,132: INFO: main: >>>>>> stage Data Cleaning stage completed <<<<<< 

x==========x]
[2024-11-21 00:43:40,132: INFO: main: >>>>>> stage Data Transformation stage started <<<<<<]
[2024-11-21 00:43:40,132: INFO: main: >>>>>> stage Data Transformation stage completed <<<<<<

x==========x]
[2024-11-21 00:43:40,138: INFO: main: >>>>>> stage Data Spliting stage started <<<<<<]
[2024-11-21 00:43:40,138: INFO: main: >>>>>> stage Data Spliting stage completed <<<<<<

x==========x]
[2024-11-21 00:44:58,437: INFO: main: >>>>>> stage Data Ingestion stage started <<<<<<]
[2024-11-21 00:44:58,440: INFO: common: yaml file: config\config.yaml loaded successfully]
[2024-11-21 00:44:58,441: INFO: common: yaml file: params.yaml loaded successfully]
[2024-11-21 00:44:58,444: INFO: common: yaml file: schema.yaml loaded successfully]
[2024-11-21 00:44:58,445: INFO: common: created directory at: artifacts]
[2024-11-21 00:44:58,446: INFO: common: created directory at: artifacts/data_ingestion]
[2024-11-21 00:44:58,446: INFO: data_ingestion: File already exists of size: ~ 47 KB]
[2024-11-21 00:44:58,447: INFO: main: >>>>>> stage Data Ingestion stage completed <<<<<<

x==========x]
[2024-11-21 00:44:58,447: INFO: main: >>>>>> stage Data Validation stage started <<<<<<]
[2024-11-21 00:44:58,450: INFO: common: yaml file: config\config.yaml loaded successfully]
[2024-11-21 00:44:58,452: INFO: common: yaml file: params.yaml loaded successfully]
[2024-11-21 00:44:58,454: INFO: common: yaml file: schema.yaml loaded successfully]
[2024-11-21 00:44:58,455: INFO: common: created directory at: artifacts]
[2024-11-21 00:44:58,455: INFO: common: created directory at: artifacts/data_validation]
[2024-11-21 00:44:58,471: INFO: main: >>>>>> stage Data Validation stage completed <<<<<<

x==========x]
[2024-11-21 00:44:58,471: INFO: main: >>>>>> stage Data Cleaning stage started  <<<<<<]
[2024-11-21 00:44:58,482: INFO: common: yaml file: config\config.yaml loaded successfully]
[2024-11-21 00:44:58,485: INFO: common: yaml file: params.yaml loaded successfully]
[2024-11-21 00:44:58,488: INFO: common: yaml file: schema.yaml loaded successfully]
[2024-11-21 00:44:58,489: INFO: common: created directory at: artifacts]
[2024-11-21 00:44:58,490: INFO: common: created directory at: artifacts/data_cleaning]
[2024-11-21 00:44:58,517: INFO: data_cleaning: Cleaning the data]
[2024-11-21 00:44:58,517: INFO: data_cleaning: (400, 25)]
[2024-11-21 00:44:58,517: INFO: main: >>>>>> stage Data Cleaning stage completed <<<<<< 

x==========x]
[2024-11-21 00:44:58,517: INFO: main: >>>>>> stage Data Transformation stage started <<<<<<]
[2024-11-21 00:44:58,517: INFO: common: yaml file: config\config.yaml loaded successfully]
[2024-11-21 00:44:58,527: INFO: common: yaml file: params.yaml loaded successfully]
[2024-11-21 00:44:58,529: INFO: common: yaml file: schema.yaml loaded successfully]
[2024-11-21 00:44:58,531: INFO: common: created directory at: artifacts]
[2024-11-21 00:44:58,532: INFO: common: created directory at: artifacts/data_transformation]
[2024-11-21 00:44:58,586: INFO: data_transformation: Data transformation complete]
[2024-11-21 00:44:58,586: INFO: data_transformation: Data shape: (400, 25)]
[2024-11-21 00:44:58,587: INFO: main: >>>>>> stage Data Transformation stage completed <<<<<<

x==========x]
[2024-11-21 00:44:58,587: INFO: main: >>>>>> stage Data Spliting stage started <<<<<<]
[2024-11-21 00:44:58,589: INFO: common: yaml file: config\config.yaml loaded successfully]
[2024-11-21 00:44:58,590: INFO: common: yaml file: params.yaml loaded successfully]
[2024-11-21 00:44:58,593: INFO: common: yaml file: schema.yaml loaded successfully]
[2024-11-21 00:44:58,593: INFO: common: created directory at: artifacts]
[2024-11-21 00:44:58,594: INFO: common: created directory at: artifacts/data_training]
[2024-11-21 00:44:58,608: INFO: data_training: Splited data into training and test sets]
[2024-11-21 00:44:58,608: INFO: data_training: (300, 25)]
[2024-11-21 00:44:58,608: INFO: data_training: (100, 25)]
[2024-11-21 00:44:58,608: INFO: main: >>>>>> stage Data Spliting stage completed <<<<<<

x==========x]
[2024-11-21 00:45:32,036: INFO: main: >>>>>> stage Data Ingestion stage started <<<<<<]
[2024-11-21 00:45:32,036: INFO: common: yaml file: config\config.yaml loaded successfully]
[2024-11-21 00:45:32,052: INFO: common: yaml file: params.yaml loaded successfully]
[2024-11-21 00:45:32,052: INFO: common: yaml file: schema.yaml loaded successfully]
[2024-11-21 00:45:32,052: INFO: common: created directory at: artifacts]
[2024-11-21 00:45:32,052: INFO: common: created directory at: artifacts/data_ingestion]
[2024-11-21 00:45:32,056: INFO: data_ingestion: File already exists of size: ~ 47 KB]
[2024-11-21 00:45:32,056: INFO: main: >>>>>> stage Data Ingestion stage completed <<<<<<

x==========x]
[2024-11-21 00:45:32,057: INFO: main: >>>>>> stage Data Validation stage started <<<<<<]
[2024-11-21 00:45:32,058: INFO: common: yaml file: config\config.yaml loaded successfully]
[2024-11-21 00:45:32,059: INFO: common: yaml file: params.yaml loaded successfully]
[2024-11-21 00:45:32,061: INFO: common: yaml file: schema.yaml loaded successfully]
[2024-11-21 00:45:32,062: INFO: common: created directory at: artifacts]
[2024-11-21 00:45:32,062: INFO: common: created directory at: artifacts/data_validation]
[2024-11-21 00:45:32,075: INFO: main: >>>>>> stage Data Validation stage completed <<<<<<

x==========x]
[2024-11-21 00:45:32,076: INFO: main: >>>>>> stage Data Cleaning stage started  <<<<<<]
[2024-11-21 00:45:32,079: INFO: common: yaml file: config\config.yaml loaded successfully]
[2024-11-21 00:45:32,080: INFO: common: yaml file: params.yaml loaded successfully]
[2024-11-21 00:45:32,081: INFO: common: yaml file: schema.yaml loaded successfully]
[2024-11-21 00:45:32,081: INFO: common: created directory at: artifacts]
[2024-11-21 00:45:32,081: INFO: common: created directory at: artifacts/data_cleaning]
[2024-11-21 00:45:32,105: INFO: data_cleaning: Cleaning the data]
[2024-11-21 00:45:32,105: INFO: data_cleaning: (400, 25)]
[2024-11-21 00:45:32,106: INFO: main: >>>>>> stage Data Cleaning stage completed <<<<<< 

x==========x]
[2024-11-21 00:45:32,106: INFO: main: >>>>>> stage Data Transformation stage started <<<<<<]
[2024-11-21 00:45:32,108: INFO: common: yaml file: config\config.yaml loaded successfully]
[2024-11-21 00:45:32,109: INFO: common: yaml file: params.yaml loaded successfully]
[2024-11-21 00:45:32,112: INFO: common: yaml file: schema.yaml loaded successfully]
[2024-11-21 00:45:32,113: INFO: common: created directory at: artifacts]
[2024-11-21 00:45:32,113: INFO: common: created directory at: artifacts/data_transformation]
[2024-11-21 00:45:32,159: INFO: data_transformation: Data transformation complete]
[2024-11-21 00:45:32,159: INFO: data_transformation: Data shape: (400, 25)]
[2024-11-21 00:45:32,159: INFO: main: >>>>>> stage Data Transformation stage completed <<<<<<

x==========x]
[2024-11-21 00:45:32,160: INFO: main: >>>>>> stage Data Spliting stage started <<<<<<]
[2024-11-21 00:45:32,162: INFO: common: yaml file: config\config.yaml loaded successfully]
[2024-11-21 00:45:32,163: INFO: common: yaml file: params.yaml loaded successfully]
[2024-11-21 00:45:32,165: INFO: common: yaml file: schema.yaml loaded successfully]
[2024-11-21 00:45:32,166: INFO: common: created directory at: artifacts]
[2024-11-21 00:45:32,167: INFO: common: created directory at: artifacts/data_training]
[2024-11-21 00:45:32,191: INFO: data_training: Splited data into training and test sets]
[2024-11-21 00:45:32,192: INFO: data_training: (300, 25)]
[2024-11-21 00:45:32,192: INFO: data_training: (100, 25)]
[2024-11-21 00:45:32,193: INFO: main: >>>>>> stage Data Spliting stage completed <<<<<<

x==========x]
[2024-11-21 00:45:32,194: INFO: main: >>>>>> stage Model Trainer stage started <<<<<<]
[2024-11-21 00:45:32,194: INFO: common: yaml file: config\config.yaml loaded successfully]
[2024-11-21 00:45:32,194: INFO: common: yaml file: params.yaml loaded successfully]
[2024-11-21 00:45:32,199: INFO: common: yaml file: schema.yaml loaded successfully]
[2024-11-21 00:45:32,200: INFO: common: created directory at: artifacts]
[2024-11-21 00:45:32,200: INFO: common: created directory at: artifacts/model_trainer]
[2024-11-21 00:45:32,218: INFO: main: >>>>>> stage Model Trainer stage completed <<<<<<

x==========x]
[2024-11-21 01:20:16,089: INFO: common: yaml file: config\config.yaml loaded successfully]
[2024-11-21 01:20:16,091: INFO: common: yaml file: params.yaml loaded successfully]
[2024-11-21 01:20:16,091: INFO: common: yaml file: schema.yaml loaded successfully]
[2024-11-21 01:20:16,091: INFO: common: created directory at: artifacts]
[2024-11-21 01:21:20,625: INFO: common: yaml file: config\config.yaml loaded successfully]
[2024-11-21 01:21:20,630: INFO: common: yaml file: params.yaml loaded successfully]
[2024-11-21 01:21:20,633: INFO: common: yaml file: schema.yaml loaded successfully]
[2024-11-21 01:21:20,635: INFO: common: created directory at: artifacts]
[2024-11-21 01:21:20,635: INFO: common: created directory at: artifacts/model_trainer]
[2024-11-21 01:21:28,172: INFO: common: yaml file: config\config.yaml loaded successfully]
[2024-11-21 01:21:28,172: INFO: common: yaml file: params.yaml loaded successfully]
[2024-11-21 01:21:28,172: INFO: common: yaml file: schema.yaml loaded successfully]
[2024-11-21 01:21:28,172: INFO: common: created directory at: artifacts]
[2024-11-21 01:21:28,172: INFO: common: created directory at: artifacts/model_evaluation]
[2024-11-21 01:22:08,753: INFO: common: yaml file: config\config.yaml loaded successfully]
[2024-11-21 01:22:08,755: INFO: common: yaml file: params.yaml loaded successfully]
[2024-11-21 01:22:08,758: INFO: common: yaml file: schema.yaml loaded successfully]
[2024-11-21 01:22:08,759: INFO: common: created directory at: artifacts]
[2024-11-21 01:22:08,760: INFO: common: created directory at: artifacts/model_evaluation]
[2024-11-21 01:22:09,616: INFO: common: json file saved at: artifacts\model_evaluation\metrics.json]
[2024-11-21 01:33:43,019: INFO: main: >>>>>> stage Data Ingestion stage started <<<<<<]
[2024-11-21 01:33:43,021: INFO: common: yaml file: config\config.yaml loaded successfully]
[2024-11-21 01:33:43,023: INFO: common: yaml file: params.yaml loaded successfully]
[2024-11-21 01:33:43,026: INFO: common: yaml file: schema.yaml loaded successfully]
[2024-11-21 01:33:43,026: INFO: common: created directory at: artifacts]
[2024-11-21 01:33:43,026: INFO: common: created directory at: artifacts/data_ingestion]
[2024-11-21 01:33:43,027: INFO: data_ingestion: File already exists of size: ~ 47 KB]
[2024-11-21 01:33:43,027: INFO: main: >>>>>> stage Data Ingestion stage completed <<<<<<

x==========x]
[2024-11-21 01:33:43,027: INFO: main: >>>>>> stage Data Validation stage started <<<<<<]
[2024-11-21 01:33:43,029: INFO: common: yaml file: config\config.yaml loaded successfully]
[2024-11-21 01:33:43,030: INFO: common: yaml file: params.yaml loaded successfully]
[2024-11-21 01:33:43,032: INFO: common: yaml file: schema.yaml loaded successfully]
[2024-11-21 01:33:43,032: INFO: common: created directory at: artifacts]
[2024-11-21 01:33:43,033: INFO: common: created directory at: artifacts/data_validation]
[2024-11-21 01:33:43,045: INFO: main: >>>>>> stage Data Validation stage completed <<<<<<

x==========x]
[2024-11-21 01:33:43,045: INFO: main: >>>>>> stage Data Cleaning stage started  <<<<<<]
[2024-11-21 01:33:43,048: INFO: common: yaml file: config\config.yaml loaded successfully]
[2024-11-21 01:33:43,049: INFO: common: yaml file: params.yaml loaded successfully]
[2024-11-21 01:33:43,052: INFO: common: yaml file: schema.yaml loaded successfully]
[2024-11-21 01:33:43,052: INFO: common: created directory at: artifacts]
[2024-11-21 01:33:43,052: INFO: common: created directory at: artifacts/data_cleaning]
[2024-11-21 01:33:43,078: INFO: data_cleaning: Cleaning the data]
[2024-11-21 01:33:43,078: INFO: data_cleaning: (400, 25)]
[2024-11-21 01:33:43,079: INFO: main: >>>>>> stage Data Cleaning stage completed <<<<<< 

x==========x]
[2024-11-21 01:33:43,079: INFO: main: >>>>>> stage Data Transformation stage started <<<<<<]
[2024-11-21 01:33:43,082: INFO: common: yaml file: config\config.yaml loaded successfully]
[2024-11-21 01:33:43,082: INFO: common: yaml file: params.yaml loaded successfully]
[2024-11-21 01:33:43,085: INFO: common: yaml file: schema.yaml loaded successfully]
[2024-11-21 01:33:43,087: INFO: common: created directory at: artifacts]
[2024-11-21 01:33:43,087: INFO: common: created directory at: artifacts/data_transformation]
[2024-11-21 01:33:43,135: INFO: data_transformation: Data transformation complete]
[2024-11-21 01:33:43,135: INFO: data_transformation: Data shape: (400, 25)]
[2024-11-21 01:33:43,135: INFO: main: >>>>>> stage Data Transformation stage completed <<<<<<

x==========x]
[2024-11-21 01:33:43,135: INFO: main: >>>>>> stage Data Spliting stage started <<<<<<]
[2024-11-21 01:33:43,142: INFO: common: yaml file: config\config.yaml loaded successfully]
[2024-11-21 01:33:43,143: INFO: common: yaml file: params.yaml loaded successfully]
[2024-11-21 01:33:43,143: INFO: common: yaml file: schema.yaml loaded successfully]
[2024-11-21 01:33:43,143: INFO: common: created directory at: artifacts]
[2024-11-21 01:33:43,143: INFO: common: created directory at: artifacts/data_training]
[2024-11-21 01:33:43,167: INFO: data_training: Splited data into training and test sets]
[2024-11-21 01:33:43,168: INFO: data_training: (300, 25)]
[2024-11-21 01:33:43,168: INFO: data_training: (100, 25)]
[2024-11-21 01:33:43,169: INFO: main: >>>>>> stage Data Spliting stage completed <<<<<<

x==========x]
[2024-11-21 01:33:43,169: INFO: main: >>>>>> stage Model Trainer stage started <<<<<<]
[2024-11-21 01:33:43,172: INFO: common: yaml file: config\config.yaml loaded successfully]
[2024-11-21 01:33:43,173: INFO: common: yaml file: params.yaml loaded successfully]
[2024-11-21 01:33:43,175: INFO: common: yaml file: schema.yaml loaded successfully]
[2024-11-21 01:33:43,176: INFO: common: created directory at: artifacts]
[2024-11-21 01:33:43,176: INFO: common: created directory at: artifacts/model_trainer]
[2024-11-21 01:33:43,201: INFO: main: >>>>>> stage Model Trainer stage completed <<<<<<

x==========x]
[2024-11-21 01:33:43,202: INFO: main: >>>>>> stage Model evaluation stage started <<<<<<]
[2024-11-21 01:33:43,204: INFO: common: yaml file: config\config.yaml loaded successfully]
[2024-11-21 01:33:43,205: INFO: common: yaml file: params.yaml loaded successfully]
[2024-11-21 01:33:43,207: INFO: common: yaml file: schema.yaml loaded successfully]
[2024-11-21 01:33:43,208: INFO: common: created directory at: artifacts]
[2024-11-21 01:33:43,208: INFO: common: created directory at: artifacts/model_evaluation]
[2024-11-21 01:33:43,541: ERROR: main: name 'save_json' is not defined]
Traceback (most recent call last):
  File "C:\Users\Lenovo\Desktop\mlProject\main.py", line 81, in <module>
    data_ingestion.main()
  File "C:\Users\Lenovo\Desktop\mlProject\src\mlProject\pipeline\stage_07_model_evaluation.py", line 16, in main
    model_evaluation_config.log_into_mlflow()
  File "C:\Users\Lenovo\Desktop\mlProject\src\mlProject\components\model_evaluation.py", line 42, in log_into_mlflow
    save_json(path=Path(self.config.metric_file_name), data=scores)
    ^^^^^^^^^
NameError: name 'save_json' is not defined
[2024-11-21 01:35:30,057: INFO: main: >>>>>> stage Data Ingestion stage started <<<<<<]
[2024-11-21 01:35:30,073: INFO: common: yaml file: config\config.yaml loaded successfully]
[2024-11-21 01:35:30,073: INFO: common: yaml file: params.yaml loaded successfully]
[2024-11-21 01:35:30,077: INFO: common: yaml file: schema.yaml loaded successfully]
[2024-11-21 01:35:30,077: INFO: common: created directory at: artifacts]
[2024-11-21 01:35:30,077: INFO: common: created directory at: artifacts/data_ingestion]
[2024-11-21 01:35:30,079: INFO: data_ingestion: File already exists of size: ~ 47 KB]
[2024-11-21 01:35:30,079: INFO: main: >>>>>> stage Data Ingestion stage completed <<<<<<

x==========x]
[2024-11-21 01:35:30,080: INFO: main: >>>>>> stage Data Validation stage started <<<<<<]
[2024-11-21 01:35:30,083: INFO: common: yaml file: config\config.yaml loaded successfully]
[2024-11-21 01:35:30,084: INFO: common: yaml file: params.yaml loaded successfully]
[2024-11-21 01:35:30,086: INFO: common: yaml file: schema.yaml loaded successfully]
[2024-11-21 01:35:30,086: INFO: common: created directory at: artifacts]
[2024-11-21 01:35:30,086: INFO: common: created directory at: artifacts/data_validation]
[2024-11-21 01:35:30,095: INFO: main: >>>>>> stage Data Validation stage completed <<<<<<

x==========x]
[2024-11-21 01:35:30,095: INFO: main: >>>>>> stage Data Cleaning stage started  <<<<<<]
[2024-11-21 01:35:30,103: INFO: common: yaml file: config\config.yaml loaded successfully]
[2024-11-21 01:35:30,103: INFO: common: yaml file: params.yaml loaded successfully]
[2024-11-21 01:35:30,103: INFO: common: yaml file: schema.yaml loaded successfully]
[2024-11-21 01:35:30,103: INFO: common: created directory at: artifacts]
[2024-11-21 01:35:30,103: INFO: common: created directory at: artifacts/data_cleaning]
[2024-11-21 01:35:30,128: INFO: data_cleaning: Cleaning the data]
[2024-11-21 01:35:30,128: INFO: data_cleaning: (400, 25)]
[2024-11-21 01:35:30,128: INFO: main: >>>>>> stage Data Cleaning stage completed <<<<<< 

x==========x]
[2024-11-21 01:35:30,128: INFO: main: >>>>>> stage Data Transformation stage started <<<<<<]
[2024-11-21 01:35:30,136: INFO: common: yaml file: config\config.yaml loaded successfully]
[2024-11-21 01:35:30,136: INFO: common: yaml file: params.yaml loaded successfully]
[2024-11-21 01:35:30,140: INFO: common: yaml file: schema.yaml loaded successfully]
[2024-11-21 01:35:30,140: INFO: common: created directory at: artifacts]
[2024-11-21 01:35:30,141: INFO: common: created directory at: artifacts/data_transformation]
[2024-11-21 01:35:30,199: INFO: data_transformation: Data transformation complete]
[2024-11-21 01:35:30,199: INFO: data_transformation: Data shape: (400, 25)]
[2024-11-21 01:35:30,200: INFO: main: >>>>>> stage Data Transformation stage completed <<<<<<

x==========x]
[2024-11-21 01:35:30,200: INFO: main: >>>>>> stage Data Spliting stage started <<<<<<]
[2024-11-21 01:35:30,202: INFO: common: yaml file: config\config.yaml loaded successfully]
[2024-11-21 01:35:30,202: INFO: common: yaml file: params.yaml loaded successfully]
[2024-11-21 01:35:30,202: INFO: common: yaml file: schema.yaml loaded successfully]
[2024-11-21 01:35:30,202: INFO: common: created directory at: artifacts]
[2024-11-21 01:35:30,202: INFO: common: created directory at: artifacts/data_training]
[2024-11-21 01:35:30,227: INFO: data_training: Splited data into training and test sets]
[2024-11-21 01:35:30,228: INFO: data_training: (300, 25)]
[2024-11-21 01:35:30,228: INFO: data_training: (100, 25)]
[2024-11-21 01:35:30,228: INFO: main: >>>>>> stage Data Spliting stage completed <<<<<<

x==========x]
[2024-11-21 01:35:30,228: INFO: main: >>>>>> stage Model Trainer stage started <<<<<<]
[2024-11-21 01:35:30,228: INFO: common: yaml file: config\config.yaml loaded successfully]
[2024-11-21 01:35:30,228: INFO: common: yaml file: params.yaml loaded successfully]
[2024-11-21 01:35:30,235: INFO: common: yaml file: schema.yaml loaded successfully]
[2024-11-21 01:35:30,235: INFO: common: created directory at: artifacts]
[2024-11-21 01:35:30,236: INFO: common: created directory at: artifacts/model_trainer]
[2024-11-21 01:35:30,253: INFO: main: >>>>>> stage Model Trainer stage completed <<<<<<

x==========x]
[2024-11-21 01:35:30,261: INFO: main: >>>>>> stage Model evaluation stage started <<<<<<]
[2024-11-21 01:35:30,261: INFO: common: yaml file: config\config.yaml loaded successfully]
[2024-11-21 01:35:30,261: INFO: common: yaml file: params.yaml loaded successfully]
[2024-11-21 01:35:30,261: INFO: common: yaml file: schema.yaml loaded successfully]
[2024-11-21 01:35:30,261: INFO: common: created directory at: artifacts]
[2024-11-21 01:35:30,261: INFO: common: created directory at: artifacts/model_evaluation]
[2024-11-21 01:35:30,577: ERROR: main: name 'save_json' is not defined]
Traceback (most recent call last):
  File "C:\Users\Lenovo\Desktop\mlProject\main.py", line 81, in <module>
    data_ingestion.main()
  File "C:\Users\Lenovo\Desktop\mlProject\src\mlProject\pipeline\stage_07_model_evaluation.py", line 16, in main
    model_evaluation_config.log_into_mlflow()
  File "C:\Users\Lenovo\Desktop\mlProject\src\mlProject\components\model_evaluation.py", line 42, in log_into_mlflow
    save_json(path=Path(self.config.metric_file_name), data=scores)
    ^^^^^^^^^
NameError: name 'save_json' is not defined
[2024-11-21 01:37:38,315: INFO: main: >>>>>> stage Data Ingestion stage started <<<<<<]
[2024-11-21 01:37:38,315: INFO: common: yaml file: config\config.yaml loaded successfully]
[2024-11-21 01:37:38,315: INFO: common: yaml file: params.yaml loaded successfully]
[2024-11-21 01:37:38,331: INFO: common: yaml file: schema.yaml loaded successfully]
[2024-11-21 01:37:38,331: INFO: common: created directory at: artifacts]
[2024-11-21 01:37:38,331: INFO: common: created directory at: artifacts/data_ingestion]
[2024-11-21 01:37:38,333: INFO: data_ingestion: File already exists of size: ~ 47 KB]
[2024-11-21 01:37:38,333: INFO: main: >>>>>> stage Data Ingestion stage completed <<<<<<

x==========x]
[2024-11-21 01:37:38,333: INFO: main: >>>>>> stage Data Validation stage started <<<<<<]
[2024-11-21 01:37:38,335: INFO: common: yaml file: config\config.yaml loaded successfully]
[2024-11-21 01:37:38,336: INFO: common: yaml file: params.yaml loaded successfully]
[2024-11-21 01:37:38,339: INFO: common: yaml file: schema.yaml loaded successfully]
[2024-11-21 01:37:38,339: INFO: common: created directory at: artifacts]
[2024-11-21 01:37:38,339: INFO: common: created directory at: artifacts/data_validation]
[2024-11-21 01:37:38,347: INFO: main: >>>>>> stage Data Validation stage completed <<<<<<

x==========x]
[2024-11-21 01:37:38,347: INFO: main: >>>>>> stage Data Cleaning stage started  <<<<<<]
[2024-11-21 01:37:38,357: INFO: common: yaml file: config\config.yaml loaded successfully]
[2024-11-21 01:37:38,357: INFO: common: yaml file: params.yaml loaded successfully]
[2024-11-21 01:37:38,357: INFO: common: yaml file: schema.yaml loaded successfully]
[2024-11-21 01:37:38,357: INFO: common: created directory at: artifacts]
[2024-11-21 01:37:38,357: INFO: common: created directory at: artifacts/data_cleaning]
[2024-11-21 01:37:38,380: INFO: data_cleaning: Cleaning the data]
[2024-11-21 01:37:38,380: INFO: data_cleaning: (400, 25)]
[2024-11-21 01:37:38,388: INFO: main: >>>>>> stage Data Cleaning stage completed <<<<<< 

x==========x]
[2024-11-21 01:37:38,388: INFO: main: >>>>>> stage Data Transformation stage started <<<<<<]
[2024-11-21 01:37:38,388: INFO: common: yaml file: config\config.yaml loaded successfully]
[2024-11-21 01:37:38,388: INFO: common: yaml file: params.yaml loaded successfully]
[2024-11-21 01:37:38,393: INFO: common: yaml file: schema.yaml loaded successfully]
[2024-11-21 01:37:38,394: INFO: common: created directory at: artifacts]
[2024-11-21 01:37:38,394: INFO: common: created directory at: artifacts/data_transformation]
[2024-11-21 01:37:38,447: INFO: data_transformation: Data transformation complete]
[2024-11-21 01:37:38,447: INFO: data_transformation: Data shape: (400, 25)]
[2024-11-21 01:37:38,448: INFO: main: >>>>>> stage Data Transformation stage completed <<<<<<

x==========x]
[2024-11-21 01:37:38,448: INFO: main: >>>>>> stage Data Spliting stage started <<<<<<]
[2024-11-21 01:37:38,451: INFO: common: yaml file: config\config.yaml loaded successfully]
[2024-11-21 01:37:38,452: INFO: common: yaml file: params.yaml loaded successfully]
[2024-11-21 01:37:38,454: INFO: common: yaml file: schema.yaml loaded successfully]
[2024-11-21 01:37:38,455: INFO: common: created directory at: artifacts]
[2024-11-21 01:37:38,455: INFO: common: created directory at: artifacts/data_training]
[2024-11-21 01:37:38,476: INFO: data_training: Splited data into training and test sets]
[2024-11-21 01:37:38,477: INFO: data_training: (300, 25)]
[2024-11-21 01:37:38,477: INFO: data_training: (100, 25)]
[2024-11-21 01:37:38,477: INFO: main: >>>>>> stage Data Spliting stage completed <<<<<<

x==========x]
[2024-11-21 01:37:38,477: INFO: main: >>>>>> stage Model Trainer stage started <<<<<<]
[2024-11-21 01:37:38,480: INFO: common: yaml file: config\config.yaml loaded successfully]
[2024-11-21 01:37:38,480: INFO: common: yaml file: params.yaml loaded successfully]
[2024-11-21 01:37:38,484: INFO: common: yaml file: schema.yaml loaded successfully]
[2024-11-21 01:37:38,485: INFO: common: created directory at: artifacts]
[2024-11-21 01:37:38,485: INFO: common: created directory at: artifacts/model_trainer]
[2024-11-21 01:37:38,505: INFO: main: >>>>>> stage Model Trainer stage completed <<<<<<

x==========x]
[2024-11-21 01:37:38,505: INFO: main: >>>>>> stage Model evaluation stage started <<<<<<]
[2024-11-21 01:37:38,512: INFO: common: yaml file: config\config.yaml loaded successfully]
[2024-11-21 01:37:38,514: INFO: common: yaml file: params.yaml loaded successfully]
[2024-11-21 01:37:38,517: INFO: common: yaml file: schema.yaml loaded successfully]
[2024-11-21 01:37:38,517: INFO: common: created directory at: artifacts]
[2024-11-21 01:37:38,518: ERROR: main: "'ConfigBox' object has no attribute 'gradientboostingclassifier'"]
Traceback (most recent call last):
  File "C:\Users\Lenovo\AppData\Local\Programs\Python\Python311\Lib\site-packages\box\box.py", line 503, in __getitem__
    return super().__getitem__(item)
           ^^^^^^^^^^^^^^^^^^^^^^^^^
KeyError: 'GradientBoostingClassifier'

The above exception was the direct cause of the following exception:

Traceback (most recent call last):
  File "C:\Users\Lenovo\AppData\Local\Programs\Python\Python311\Lib\site-packages\box\box.py", line 536, in __getattr__
    value = self.__getitem__(item, _ignore_default=True)
            ^^^^^^^^^^^^^^^^^^^^^^^^^^^^^^^^^^^^^^^^^^^^
  File "C:\Users\Lenovo\AppData\Local\Programs\Python\Python311\Lib\site-packages\box\box.py", line 524, in __getitem__
    raise BoxKeyError(str(err)) from _exception_cause(err)
box.exceptions.BoxKeyError: "'GradientBoostingClassifier'"

During handling of the above exception, another exception occurred:

Traceback (most recent call last):
  File "C:\Users\Lenovo\AppData\Local\Programs\Python\Python311\Lib\site-packages\box\box.py", line 538, in __getattr__
    value = object.__getattribute__(self, item)
            ^^^^^^^^^^^^^^^^^^^^^^^^^^^^^^^^^^^
AttributeError: 'ConfigBox' object has no attribute 'GradientBoostingClassifier'

The above exception was the direct cause of the following exception:

Traceback (most recent call last):
  File "C:\Users\Lenovo\AppData\Local\Programs\Python\Python311\Lib\site-packages\box\config_box.py", line 28, in __getattr__
    return super().__getattr__(item)
           ^^^^^^^^^^^^^^^^^^^^^^^^^
  File "C:\Users\Lenovo\AppData\Local\Programs\Python\Python311\Lib\site-packages\box\box.py", line 552, in __getattr__
    raise BoxKeyError(str(err)) from _exception_cause(err)
box.exceptions.BoxKeyError: "'ConfigBox' object has no attribute 'GradientBoostingClassifier'"

During handling of the above exception, another exception occurred:

Traceback (most recent call last):
  File "C:\Users\Lenovo\AppData\Local\Programs\Python\Python311\Lib\site-packages\box\box.py", line 503, in __getitem__
    return super().__getitem__(item)
           ^^^^^^^^^^^^^^^^^^^^^^^^^
KeyError: 'gradientboostingclassifier'

The above exception was the direct cause of the following exception:

Traceback (most recent call last):
  File "C:\Users\Lenovo\AppData\Local\Programs\Python\Python311\Lib\site-packages\box\box.py", line 536, in __getattr__
    value = self.__getitem__(item, _ignore_default=True)
            ^^^^^^^^^^^^^^^^^^^^^^^^^^^^^^^^^^^^^^^^^^^^
  File "C:\Users\Lenovo\AppData\Local\Programs\Python\Python311\Lib\site-packages\box\box.py", line 524, in __getitem__
    raise BoxKeyError(str(err)) from _exception_cause(err)
box.exceptions.BoxKeyError: "'gradientboostingclassifier'"

During handling of the above exception, another exception occurred:

Traceback (most recent call last):
  File "C:\Users\Lenovo\AppData\Local\Programs\Python\Python311\Lib\site-packages\box\box.py", line 538, in __getattr__
    value = object.__getattribute__(self, item)
            ^^^^^^^^^^^^^^^^^^^^^^^^^^^^^^^^^^^
AttributeError: 'ConfigBox' object has no attribute 'gradientboostingclassifier'

The above exception was the direct cause of the following exception:

Traceback (most recent call last):
  File "C:\Users\Lenovo\Desktop\mlProject\main.py", line 81, in <module>
    data_ingestion.main()
  File "C:\Users\Lenovo\Desktop\mlProject\src\mlProject\pipeline\stage_07_model_evaluation.py", line 15, in main
    model_evaluation_config = config.get_model_evaluation_config()
                              ^^^^^^^^^^^^^^^^^^^^^^^^^^^^^^^^^^^^
  File "C:\Users\Lenovo\Desktop\stb_pfe_mlflow\src\stb_pfe_mlflow\config\configuration.py", line 118, in get_model_evaluation_config
    params = self.params.GradientBoostingClassifier
             ^^^^^^^^^^^^^^^^^^^^^^^^^^^^^^^^^^^^^^
  File "C:\Users\Lenovo\AppData\Local\Programs\Python\Python311\Lib\site-packages\box\config_box.py", line 30, in __getattr__
    return super().__getattr__(item.lower())
           ^^^^^^^^^^^^^^^^^^^^^^^^^^^^^^^^^
  File "C:\Users\Lenovo\AppData\Local\Programs\Python\Python311\Lib\site-packages\box\box.py", line 552, in __getattr__
    raise BoxKeyError(str(err)) from _exception_cause(err)
box.exceptions.BoxKeyError: "'ConfigBox' object has no attribute 'gradientboostingclassifier'"
[2024-11-21 01:38:25,984: INFO: main: >>>>>> stage Data Ingestion stage started <<<<<<]
[2024-11-21 01:38:25,984: INFO: common: yaml file: config\config.yaml loaded successfully]
[2024-11-21 01:38:25,984: INFO: common: yaml file: params.yaml loaded successfully]
[2024-11-21 01:38:25,993: INFO: common: yaml file: schema.yaml loaded successfully]
[2024-11-21 01:38:25,994: INFO: common: created directory at: artifacts]
[2024-11-21 01:38:25,994: INFO: common: created directory at: artifacts/data_ingestion]
[2024-11-21 01:38:25,996: INFO: data_ingestion: File already exists of size: ~ 47 KB]
[2024-11-21 01:38:25,996: INFO: main: >>>>>> stage Data Ingestion stage completed <<<<<<

x==========x]
[2024-11-21 01:38:25,997: INFO: main: >>>>>> stage Data Validation stage started <<<<<<]
[2024-11-21 01:38:25,998: INFO: common: yaml file: config\config.yaml loaded successfully]
[2024-11-21 01:38:25,998: INFO: common: yaml file: params.yaml loaded successfully]
[2024-11-21 01:38:26,006: INFO: common: yaml file: schema.yaml loaded successfully]
[2024-11-21 01:38:26,007: INFO: common: created directory at: artifacts]
[2024-11-21 01:38:26,008: INFO: common: created directory at: artifacts/data_validation]
[2024-11-21 01:38:26,024: INFO: main: >>>>>> stage Data Validation stage completed <<<<<<

x==========x]
[2024-11-21 01:38:26,025: INFO: main: >>>>>> stage Data Cleaning stage started  <<<<<<]
[2024-11-21 01:38:26,029: INFO: common: yaml file: config\config.yaml loaded successfully]
[2024-11-21 01:38:26,029: INFO: common: yaml file: params.yaml loaded successfully]
[2024-11-21 01:38:26,034: INFO: common: yaml file: schema.yaml loaded successfully]
[2024-11-21 01:38:26,035: INFO: common: created directory at: artifacts]
[2024-11-21 01:38:26,036: INFO: common: created directory at: artifacts/data_cleaning]
[2024-11-21 01:38:26,072: INFO: data_cleaning: Cleaning the data]
[2024-11-21 01:38:26,072: INFO: data_cleaning: (400, 25)]
[2024-11-21 01:38:26,072: INFO: main: >>>>>> stage Data Cleaning stage completed <<<<<< 

x==========x]
[2024-11-21 01:38:26,072: INFO: main: >>>>>> stage Data Transformation stage started <<<<<<]
[2024-11-21 01:38:26,082: INFO: common: yaml file: config\config.yaml loaded successfully]
[2024-11-21 01:38:26,084: INFO: common: yaml file: params.yaml loaded successfully]
[2024-11-21 01:38:26,088: INFO: common: yaml file: schema.yaml loaded successfully]
[2024-11-21 01:38:26,089: INFO: common: created directory at: artifacts]
[2024-11-21 01:38:26,091: INFO: common: created directory at: artifacts/data_transformation]
[2024-11-21 01:38:26,163: INFO: data_transformation: Data transformation complete]
[2024-11-21 01:38:26,163: INFO: data_transformation: Data shape: (400, 25)]
[2024-11-21 01:38:26,163: INFO: main: >>>>>> stage Data Transformation stage completed <<<<<<

x==========x]
[2024-11-21 01:38:26,163: INFO: main: >>>>>> stage Data Spliting stage started <<<<<<]
[2024-11-21 01:38:26,163: INFO: common: yaml file: config\config.yaml loaded successfully]
[2024-11-21 01:38:26,163: INFO: common: yaml file: params.yaml loaded successfully]
[2024-11-21 01:38:26,180: INFO: common: yaml file: schema.yaml loaded successfully]
[2024-11-21 01:38:26,181: INFO: common: created directory at: artifacts]
[2024-11-21 01:38:26,181: INFO: common: created directory at: artifacts/data_training]
[2024-11-21 01:38:26,211: INFO: data_training: Splited data into training and test sets]
[2024-11-21 01:38:26,211: INFO: data_training: (300, 25)]
[2024-11-21 01:38:26,211: INFO: data_training: (100, 25)]
[2024-11-21 01:38:26,212: INFO: main: >>>>>> stage Data Spliting stage completed <<<<<<

x==========x]
[2024-11-21 01:38:26,213: INFO: main: >>>>>> stage Model Trainer stage started <<<<<<]
[2024-11-21 01:38:26,217: INFO: common: yaml file: config\config.yaml loaded successfully]
[2024-11-21 01:38:26,219: INFO: common: yaml file: params.yaml loaded successfully]
[2024-11-21 01:38:26,222: INFO: common: yaml file: schema.yaml loaded successfully]
[2024-11-21 01:38:26,222: INFO: common: created directory at: artifacts]
[2024-11-21 01:38:26,223: INFO: common: created directory at: artifacts/model_trainer]
[2024-11-21 01:38:26,264: INFO: main: >>>>>> stage Model Trainer stage completed <<<<<<

x==========x]
[2024-11-21 01:38:26,265: INFO: main: >>>>>> stage Model evaluation stage started <<<<<<]
[2024-11-21 01:38:26,268: INFO: common: yaml file: config\config.yaml loaded successfully]
[2024-11-21 01:38:26,270: INFO: common: yaml file: params.yaml loaded successfully]
[2024-11-21 01:38:26,274: INFO: common: yaml file: schema.yaml loaded successfully]
[2024-11-21 01:38:26,275: INFO: common: created directory at: artifacts]
[2024-11-21 01:38:26,276: INFO: common: created directory at: artifacts/model_evaluation]
[2024-11-21 01:38:26,792: INFO: common: json file saved at: artifacts\model_evaluation\metrics.json]
[2024-11-21 01:38:31,477: INFO: main: >>>>>> stage Model evaluation stage completed <<<<<<

x==========x]
[2024-11-21 01:41:14,863: INFO: main: >>>>>> stage Data Ingestion stage started <<<<<<]
[2024-11-21 01:41:14,863: INFO: common: yaml file: config\config.yaml loaded successfully]
[2024-11-21 01:41:14,863: INFO: common: yaml file: params.yaml loaded successfully]
[2024-11-21 01:41:14,863: INFO: common: yaml file: schema.yaml loaded successfully]
[2024-11-21 01:41:14,863: INFO: common: created directory at: artifacts]
[2024-11-21 01:41:14,863: INFO: common: created directory at: artifacts/data_ingestion]
[2024-11-21 01:41:14,863: INFO: data_ingestion: File already exists of size: ~ 47 KB]
[2024-11-21 01:41:14,863: INFO: main: >>>>>> stage Data Ingestion stage completed <<<<<<

x==========x]
[2024-11-21 01:41:14,863: INFO: main: >>>>>> stage Data Validation stage started <<<<<<]
[2024-11-21 01:41:14,863: INFO: common: yaml file: config\config.yaml loaded successfully]
[2024-11-21 01:41:14,863: INFO: common: yaml file: params.yaml loaded successfully]
[2024-11-21 01:41:14,863: INFO: common: yaml file: schema.yaml loaded successfully]
[2024-11-21 01:41:14,863: INFO: common: created directory at: artifacts]
[2024-11-21 01:41:14,863: INFO: common: created directory at: artifacts/data_validation]
[2024-11-21 01:41:14,879: INFO: main: >>>>>> stage Data Validation stage completed <<<<<<

x==========x]
[2024-11-21 01:41:14,879: INFO: main: >>>>>> stage Data Cleaning stage started  <<<<<<]
[2024-11-21 01:41:14,889: INFO: common: yaml file: config\config.yaml loaded successfully]
[2024-11-21 01:41:14,890: INFO: common: yaml file: params.yaml loaded successfully]
[2024-11-21 01:41:14,892: INFO: common: yaml file: schema.yaml loaded successfully]
[2024-11-21 01:41:14,893: INFO: common: created directory at: artifacts]
[2024-11-21 01:41:14,893: INFO: common: created directory at: artifacts/data_cleaning]
[2024-11-21 01:41:14,915: INFO: data_cleaning: Cleaning the data]
[2024-11-21 01:41:14,916: INFO: data_cleaning: (400, 25)]
[2024-11-21 01:41:14,917: INFO: main: >>>>>> stage Data Cleaning stage completed <<<<<< 

x==========x]
[2024-11-21 01:41:14,917: INFO: main: >>>>>> stage Data Transformation stage started <<<<<<]
[2024-11-21 01:41:14,917: INFO: common: yaml file: config\config.yaml loaded successfully]
[2024-11-21 01:41:14,917: INFO: common: yaml file: params.yaml loaded successfully]
[2024-11-21 01:41:14,917: INFO: common: yaml file: schema.yaml loaded successfully]
[2024-11-21 01:41:14,917: INFO: common: created directory at: artifacts]
[2024-11-21 01:41:14,917: INFO: common: created directory at: artifacts/data_transformation]
[2024-11-21 01:41:14,967: INFO: data_transformation: Data transformation complete]
[2024-11-21 01:41:14,967: INFO: data_transformation: Data shape: (400, 25)]
[2024-11-21 01:41:14,967: INFO: main: >>>>>> stage Data Transformation stage completed <<<<<<

x==========x]
[2024-11-21 01:41:14,967: INFO: main: >>>>>> stage Data Spliting stage started <<<<<<]
[2024-11-21 01:41:14,974: INFO: common: yaml file: config\config.yaml loaded successfully]
[2024-11-21 01:41:14,975: INFO: common: yaml file: params.yaml loaded successfully]
[2024-11-21 01:41:14,977: INFO: common: yaml file: schema.yaml loaded successfully]
[2024-11-21 01:41:14,977: INFO: common: created directory at: artifacts]
[2024-11-21 01:41:14,977: INFO: common: created directory at: artifacts/data_training]
[2024-11-21 01:41:14,995: INFO: data_training: Splited data into training and test sets]
[2024-11-21 01:41:14,996: INFO: data_training: (300, 25)]
[2024-11-21 01:41:14,996: INFO: data_training: (100, 25)]
[2024-11-21 01:41:14,997: INFO: main: >>>>>> stage Data Spliting stage completed <<<<<<

x==========x]
[2024-11-21 01:41:14,998: INFO: main: >>>>>> stage Model Trainer stage started <<<<<<]
[2024-11-21 01:41:15,000: INFO: common: yaml file: config\config.yaml loaded successfully]
[2024-11-21 01:41:15,000: INFO: common: yaml file: params.yaml loaded successfully]
[2024-11-21 01:41:15,000: INFO: common: yaml file: schema.yaml loaded successfully]
[2024-11-21 01:41:15,000: INFO: common: created directory at: artifacts]
[2024-11-21 01:41:15,005: INFO: common: created directory at: artifacts/model_trainer]
[2024-11-21 01:41:15,025: INFO: main: >>>>>> stage Model Trainer stage completed <<<<<<

x==========x]
[2024-11-21 01:41:15,025: INFO: main: >>>>>> stage Model evaluation stage started <<<<<<]
[2024-11-21 01:41:15,025: INFO: common: yaml file: config\config.yaml loaded successfully]
[2024-11-21 01:41:15,025: INFO: common: yaml file: params.yaml loaded successfully]
[2024-11-21 01:41:15,033: INFO: common: yaml file: schema.yaml loaded successfully]
[2024-11-21 01:41:15,033: INFO: common: created directory at: artifacts]
[2024-11-21 01:41:15,033: INFO: common: created directory at: artifacts/model_evaluation]
[2024-11-21 01:41:15,671: INFO: common: json file saved at: artifacts\model_evaluation\metrics.json]
[2024-11-21 01:41:24,831: INFO: main: >>>>>> stage Model evaluation stage completed <<<<<<

x==========x]
[2024-11-21 01:41:44,406: INFO: main: >>>>>> stage Data Ingestion stage started <<<<<<]
[2024-11-21 01:41:44,406: INFO: common: yaml file: config\config.yaml loaded successfully]
[2024-11-21 01:41:44,406: INFO: common: yaml file: params.yaml loaded successfully]
[2024-11-21 01:41:44,421: INFO: common: yaml file: schema.yaml loaded successfully]
[2024-11-21 01:41:44,421: INFO: common: created directory at: artifacts]
[2024-11-21 01:41:44,421: INFO: common: created directory at: artifacts/data_ingestion]
[2024-11-21 01:41:44,421: INFO: data_ingestion: File already exists of size: ~ 47 KB]
[2024-11-21 01:41:44,421: INFO: main: >>>>>> stage Data Ingestion stage completed <<<<<<

x==========x]
[2024-11-21 01:41:44,421: INFO: main: >>>>>> stage Data Validation stage started <<<<<<]
[2024-11-21 01:41:44,421: INFO: common: yaml file: config\config.yaml loaded successfully]
[2024-11-21 01:41:44,428: INFO: common: yaml file: params.yaml loaded successfully]
[2024-11-21 01:41:44,430: INFO: common: yaml file: schema.yaml loaded successfully]
[2024-11-21 01:41:44,430: INFO: common: created directory at: artifacts]
[2024-11-21 01:41:44,431: INFO: common: created directory at: artifacts/data_validation]
[2024-11-21 01:41:44,442: INFO: main: >>>>>> stage Data Validation stage completed <<<<<<

x==========x]
[2024-11-21 01:41:44,442: INFO: main: >>>>>> stage Data Cleaning stage started  <<<<<<]
[2024-11-21 01:41:44,442: INFO: common: yaml file: config\config.yaml loaded successfully]
[2024-11-21 01:41:44,449: INFO: common: yaml file: params.yaml loaded successfully]
[2024-11-21 01:41:44,451: INFO: common: yaml file: schema.yaml loaded successfully]
[2024-11-21 01:41:44,451: INFO: common: created directory at: artifacts]
[2024-11-21 01:41:44,453: INFO: common: created directory at: artifacts/data_cleaning]
[2024-11-21 01:41:44,475: INFO: data_cleaning: Cleaning the data]
[2024-11-21 01:41:44,475: INFO: data_cleaning: (400, 25)]
[2024-11-21 01:41:44,475: INFO: main: >>>>>> stage Data Cleaning stage completed <<<<<< 

x==========x]
[2024-11-21 01:41:44,475: INFO: main: >>>>>> stage Data Transformation stage started <<<<<<]
[2024-11-21 01:41:44,475: INFO: common: yaml file: config\config.yaml loaded successfully]
[2024-11-21 01:41:44,484: INFO: common: yaml file: params.yaml loaded successfully]
[2024-11-21 01:41:44,485: INFO: common: yaml file: schema.yaml loaded successfully]
[2024-11-21 01:41:44,487: INFO: common: created directory at: artifacts]
[2024-11-21 01:41:44,488: INFO: common: created directory at: artifacts/data_transformation]
[2024-11-21 01:41:44,549: INFO: data_transformation: Data transformation complete]
[2024-11-21 01:41:44,550: INFO: data_transformation: Data shape: (400, 25)]
[2024-11-21 01:41:44,550: INFO: main: >>>>>> stage Data Transformation stage completed <<<<<<

x==========x]
[2024-11-21 01:41:44,551: INFO: main: >>>>>> stage Data Spliting stage started <<<<<<]
[2024-11-21 01:41:44,555: INFO: common: yaml file: config\config.yaml loaded successfully]
[2024-11-21 01:41:44,557: INFO: common: yaml file: params.yaml loaded successfully]
[2024-11-21 01:41:44,559: INFO: common: yaml file: schema.yaml loaded successfully]
[2024-11-21 01:41:44,560: INFO: common: created directory at: artifacts]
[2024-11-21 01:41:44,560: INFO: common: created directory at: artifacts/data_training]
[2024-11-21 01:41:44,575: INFO: data_training: Splited data into training and test sets]
[2024-11-21 01:41:44,575: INFO: data_training: (300, 25)]
[2024-11-21 01:41:44,575: INFO: data_training: (100, 25)]
[2024-11-21 01:41:44,575: INFO: main: >>>>>> stage Data Spliting stage completed <<<<<<

x==========x]
[2024-11-21 01:41:44,575: INFO: main: >>>>>> stage Model Trainer stage started <<<<<<]
[2024-11-21 01:41:44,585: INFO: common: yaml file: config\config.yaml loaded successfully]
[2024-11-21 01:41:44,587: INFO: common: yaml file: params.yaml loaded successfully]
[2024-11-21 01:41:44,590: INFO: common: yaml file: schema.yaml loaded successfully]
[2024-11-21 01:41:44,592: INFO: common: created directory at: artifacts]
[2024-11-21 01:41:44,596: INFO: common: created directory at: artifacts/model_trainer]
[2024-11-21 01:41:44,621: INFO: main: >>>>>> stage Model Trainer stage completed <<<<<<

x==========x]
[2024-11-21 01:41:44,621: INFO: main: >>>>>> stage Model evaluation stage started <<<<<<]
[2024-11-21 01:41:44,624: INFO: common: yaml file: config\config.yaml loaded successfully]
[2024-11-21 01:41:44,625: INFO: common: yaml file: params.yaml loaded successfully]
[2024-11-21 01:41:44,627: INFO: common: yaml file: schema.yaml loaded successfully]
[2024-11-21 01:41:44,628: INFO: common: created directory at: artifacts]
[2024-11-21 01:41:44,628: INFO: common: created directory at: artifacts/model_evaluation]
[2024-11-21 01:41:45,292: INFO: common: json file saved at: artifacts\model_evaluation\metrics.json]
[2024-11-21 01:41:54,179: INFO: main: >>>>>> stage Model evaluation stage completed <<<<<<

x==========x]
[2024-11-21 01:42:31,837: INFO: main: >>>>>> stage Data Ingestion stage started <<<<<<]
[2024-11-21 01:42:31,837: INFO: common: yaml file: config\config.yaml loaded successfully]
[2024-11-21 01:42:31,837: INFO: common: yaml file: params.yaml loaded successfully]
[2024-11-21 01:42:31,850: INFO: common: yaml file: schema.yaml loaded successfully]
[2024-11-21 01:42:31,850: INFO: common: created directory at: artifacts]
[2024-11-21 01:42:31,851: INFO: common: created directory at: artifacts/data_ingestion]
[2024-11-21 01:42:31,851: INFO: data_ingestion: File already exists of size: ~ 47 KB]
[2024-11-21 01:42:31,851: INFO: main: >>>>>> stage Data Ingestion stage completed <<<<<<

x==========x]
[2024-11-21 01:42:31,852: INFO: main: >>>>>> stage Data Validation stage started <<<<<<]
[2024-11-21 01:42:31,854: INFO: common: yaml file: config\config.yaml loaded successfully]
[2024-11-21 01:42:31,855: INFO: common: yaml file: params.yaml loaded successfully]
[2024-11-21 01:42:31,857: INFO: common: yaml file: schema.yaml loaded successfully]
[2024-11-21 01:42:31,857: INFO: common: created directory at: artifacts]
[2024-11-21 01:42:31,858: INFO: common: created directory at: artifacts/data_validation]
[2024-11-21 01:42:31,868: INFO: main: >>>>>> stage Data Validation stage completed <<<<<<

x==========x]
[2024-11-21 01:42:31,869: INFO: main: >>>>>> stage Data Cleaning stage started  <<<<<<]
[2024-11-21 01:42:31,873: INFO: common: yaml file: config\config.yaml loaded successfully]
[2024-11-21 01:42:31,874: INFO: common: yaml file: params.yaml loaded successfully]
[2024-11-21 01:42:31,876: INFO: common: yaml file: schema.yaml loaded successfully]
[2024-11-21 01:42:31,876: INFO: common: created directory at: artifacts]
[2024-11-21 01:42:31,876: INFO: common: created directory at: artifacts/data_cleaning]
[2024-11-21 01:42:31,900: INFO: data_cleaning: Cleaning the data]
[2024-11-21 01:42:31,901: INFO: data_cleaning: (400, 25)]
[2024-11-21 01:42:31,901: INFO: main: >>>>>> stage Data Cleaning stage completed <<<<<< 

x==========x]
[2024-11-21 01:42:31,901: INFO: main: >>>>>> stage Data Transformation stage started <<<<<<]
[2024-11-21 01:42:31,901: INFO: common: yaml file: config\config.yaml loaded successfully]
[2024-11-21 01:42:31,901: INFO: common: yaml file: params.yaml loaded successfully]
[2024-11-21 01:42:31,901: INFO: common: yaml file: schema.yaml loaded successfully]
[2024-11-21 01:42:31,901: INFO: common: created directory at: artifacts]
[2024-11-21 01:42:31,909: INFO: common: created directory at: artifacts/data_transformation]
[2024-11-21 01:42:31,951: INFO: data_transformation: Data transformation complete]
[2024-11-21 01:42:31,951: INFO: data_transformation: Data shape: (400, 25)]
[2024-11-21 01:42:31,951: INFO: main: >>>>>> stage Data Transformation stage completed <<<<<<

x==========x]
[2024-11-21 01:42:31,951: INFO: main: >>>>>> stage Data Spliting stage started <<<<<<]
[2024-11-21 01:42:31,959: INFO: common: yaml file: config\config.yaml loaded successfully]
[2024-11-21 01:42:31,960: INFO: common: yaml file: params.yaml loaded successfully]
[2024-11-21 01:42:31,962: INFO: common: yaml file: schema.yaml loaded successfully]
[2024-11-21 01:42:31,962: INFO: common: created directory at: artifacts]
[2024-11-21 01:42:31,962: INFO: common: created directory at: artifacts/data_training]
[2024-11-21 01:42:31,976: INFO: data_training: Splited data into training and test sets]
[2024-11-21 01:42:31,976: INFO: data_training: (300, 25)]
[2024-11-21 01:42:31,983: INFO: data_training: (100, 25)]
[2024-11-21 01:42:31,984: INFO: main: >>>>>> stage Data Spliting stage completed <<<<<<

x==========x]
[2024-11-21 01:42:31,984: INFO: main: >>>>>> stage Model Trainer stage started <<<<<<]
[2024-11-21 01:42:31,984: INFO: common: yaml file: config\config.yaml loaded successfully]
[2024-11-21 01:42:31,984: INFO: common: yaml file: params.yaml loaded successfully]
[2024-11-21 01:42:31,990: INFO: common: yaml file: schema.yaml loaded successfully]
[2024-11-21 01:42:31,990: INFO: common: created directory at: artifacts]
[2024-11-21 01:42:31,991: INFO: common: created directory at: artifacts/model_trainer]
[2024-11-21 01:42:32,009: INFO: main: >>>>>> stage Model Trainer stage completed <<<<<<

x==========x]
[2024-11-21 01:42:32,009: INFO: main: >>>>>> stage Model evaluation stage started <<<<<<]
[2024-11-21 01:42:32,018: INFO: common: yaml file: config\config.yaml loaded successfully]
[2024-11-21 01:42:32,018: INFO: common: yaml file: params.yaml loaded successfully]
[2024-11-21 01:42:32,018: INFO: common: yaml file: schema.yaml loaded successfully]
[2024-11-21 01:42:32,018: INFO: common: created directory at: artifacts]
[2024-11-21 01:42:32,018: INFO: common: created directory at: artifacts/model_evaluation]
[2024-11-21 01:42:32,760: INFO: common: json file saved at: artifacts\model_evaluation\metrics.json]
[2024-11-21 01:42:41,699: INFO: main: >>>>>> stage Model evaluation stage completed <<<<<<

x==========x]
[2024-11-21 01:43:37,701: INFO: main: >>>>>> stage Data Ingestion stage started <<<<<<]
[2024-11-21 01:43:37,704: INFO: common: yaml file: config\config.yaml loaded successfully]
[2024-11-21 01:43:37,707: INFO: common: yaml file: params.yaml loaded successfully]
[2024-11-21 01:43:37,708: INFO: common: yaml file: schema.yaml loaded successfully]
[2024-11-21 01:43:37,709: INFO: common: created directory at: artifacts]
[2024-11-21 01:43:37,709: INFO: common: created directory at: artifacts/data_ingestion]
[2024-11-21 01:43:37,710: INFO: data_ingestion: File already exists of size: ~ 47 KB]
[2024-11-21 01:43:37,710: INFO: main: >>>>>> stage Data Ingestion stage completed <<<<<<

x==========x]
[2024-11-21 01:43:37,710: INFO: main: >>>>>> stage Data Validation stage started <<<<<<]
[2024-11-21 01:43:37,712: INFO: common: yaml file: config\config.yaml loaded successfully]
[2024-11-21 01:43:37,713: INFO: common: yaml file: params.yaml loaded successfully]
[2024-11-21 01:43:37,715: INFO: common: yaml file: schema.yaml loaded successfully]
[2024-11-21 01:43:37,716: INFO: common: created directory at: artifacts]
[2024-11-21 01:43:37,716: INFO: common: created directory at: artifacts/data_validation]
[2024-11-21 01:43:37,727: INFO: main: >>>>>> stage Data Validation stage completed <<<<<<

x==========x]
[2024-11-21 01:43:37,727: INFO: main: >>>>>> stage Data Cleaning stage started  <<<<<<]
[2024-11-21 01:43:37,727: INFO: common: yaml file: config\config.yaml loaded successfully]
[2024-11-21 01:43:37,727: INFO: common: yaml file: params.yaml loaded successfully]
[2024-11-21 01:43:37,735: INFO: common: yaml file: schema.yaml loaded successfully]
[2024-11-21 01:43:37,736: INFO: common: created directory at: artifacts]
[2024-11-21 01:43:37,737: INFO: common: created directory at: artifacts/data_cleaning]
[2024-11-21 01:43:37,761: INFO: data_cleaning: Cleaning the data]
[2024-11-21 01:43:37,761: INFO: data_cleaning: (400, 25)]
[2024-11-21 01:43:37,761: INFO: main: >>>>>> stage Data Cleaning stage completed <<<<<< 

x==========x]
[2024-11-21 01:43:37,761: INFO: main: >>>>>> stage Data Transformation stage started <<<<<<]
[2024-11-21 01:43:37,766: INFO: common: yaml file: config\config.yaml loaded successfully]
[2024-11-21 01:43:37,767: INFO: common: yaml file: params.yaml loaded successfully]
[2024-11-21 01:43:37,769: INFO: common: yaml file: schema.yaml loaded successfully]
[2024-11-21 01:43:37,770: INFO: common: created directory at: artifacts]
[2024-11-21 01:43:37,770: INFO: common: created directory at: artifacts/data_transformation]
[2024-11-21 01:43:37,819: INFO: data_transformation: Data transformation complete]
[2024-11-21 01:43:37,819: INFO: data_transformation: Data shape: (400, 25)]
[2024-11-21 01:43:37,819: INFO: main: >>>>>> stage Data Transformation stage completed <<<<<<

x==========x]
[2024-11-21 01:43:37,819: INFO: main: >>>>>> stage Data Spliting stage started <<<<<<]
[2024-11-21 01:43:37,828: INFO: common: yaml file: config\config.yaml loaded successfully]
[2024-11-21 01:43:37,829: INFO: common: yaml file: params.yaml loaded successfully]
[2024-11-21 01:43:37,832: INFO: common: yaml file: schema.yaml loaded successfully]
[2024-11-21 01:43:37,832: INFO: common: created directory at: artifacts]
[2024-11-21 01:43:37,833: INFO: common: created directory at: artifacts/data_training]
[2024-11-21 01:43:37,850: INFO: data_training: Splited data into training and test sets]
[2024-11-21 01:43:37,851: INFO: data_training: (300, 25)]
[2024-11-21 01:43:37,851: INFO: data_training: (100, 25)]
[2024-11-21 01:43:37,852: INFO: main: >>>>>> stage Data Spliting stage completed <<<<<<

x==========x]
[2024-11-21 01:43:37,852: INFO: main: >>>>>> stage Model Trainer stage started <<<<<<]
[2024-11-21 01:43:37,854: INFO: common: yaml file: config\config.yaml loaded successfully]
[2024-11-21 01:43:37,854: INFO: common: yaml file: params.yaml loaded successfully]
[2024-11-21 01:43:37,858: INFO: common: yaml file: schema.yaml loaded successfully]
[2024-11-21 01:43:37,859: INFO: common: created directory at: artifacts]
[2024-11-21 01:43:37,859: INFO: common: created directory at: artifacts/model_trainer]
[2024-11-21 01:43:37,877: INFO: main: >>>>>> stage Model Trainer stage completed <<<<<<

x==========x]
[2024-11-21 01:43:37,877: INFO: main: >>>>>> stage Model evaluation stage started <<<<<<]
[2024-11-21 01:43:37,885: INFO: common: yaml file: config\config.yaml loaded successfully]
[2024-11-21 01:43:37,886: INFO: common: yaml file: params.yaml loaded successfully]
[2024-11-21 01:43:37,889: INFO: common: yaml file: schema.yaml loaded successfully]
[2024-11-21 01:43:37,889: INFO: common: created directory at: artifacts]
[2024-11-21 01:43:37,890: INFO: common: created directory at: artifacts/model_evaluation]
[2024-11-21 01:43:38,518: INFO: common: json file saved at: artifacts\model_evaluation\metrics.json]
[2024-11-21 01:43:47,764: INFO: main: >>>>>> stage Model evaluation stage completed <<<<<<

x==========x]
[2024-11-21 01:44:41,154: INFO: main: >>>>>> stage Data Ingestion stage started <<<<<<]
[2024-11-21 01:44:41,154: INFO: common: yaml file: config\config.yaml loaded successfully]
[2024-11-21 01:44:41,174: INFO: common: yaml file: params.yaml loaded successfully]
[2024-11-21 01:44:41,176: INFO: common: yaml file: schema.yaml loaded successfully]
[2024-11-21 01:44:41,177: INFO: common: created directory at: artifacts]
[2024-11-21 01:44:41,177: INFO: common: created directory at: artifacts/data_ingestion]
[2024-11-21 01:44:41,178: INFO: data_ingestion: File already exists of size: ~ 47 KB]
[2024-11-21 01:44:41,178: INFO: main: >>>>>> stage Data Ingestion stage completed <<<<<<

x==========x]
[2024-11-21 01:44:41,178: INFO: main: >>>>>> stage Data Validation stage started <<<<<<]
[2024-11-21 01:44:41,181: INFO: common: yaml file: config\config.yaml loaded successfully]
[2024-11-21 01:44:41,182: INFO: common: yaml file: params.yaml loaded successfully]
[2024-11-21 01:44:41,184: INFO: common: yaml file: schema.yaml loaded successfully]
[2024-11-21 01:44:41,184: INFO: common: created directory at: artifacts]
[2024-11-21 01:44:41,185: INFO: common: created directory at: artifacts/data_validation]
[2024-11-21 01:44:41,197: INFO: main: >>>>>> stage Data Validation stage completed <<<<<<

x==========x]
[2024-11-21 01:44:41,198: INFO: main: >>>>>> stage Data Cleaning stage started  <<<<<<]
[2024-11-21 01:44:41,202: INFO: common: yaml file: config\config.yaml loaded successfully]
[2024-11-21 01:44:41,203: INFO: common: yaml file: params.yaml loaded successfully]
[2024-11-21 01:44:41,204: INFO: common: yaml file: schema.yaml loaded successfully]
[2024-11-21 01:44:41,205: INFO: common: created directory at: artifacts]
[2024-11-21 01:44:41,205: INFO: common: created directory at: artifacts/data_cleaning]
[2024-11-21 01:44:41,228: INFO: data_cleaning: Cleaning the data]
[2024-11-21 01:44:41,228: INFO: data_cleaning: (400, 25)]
[2024-11-21 01:44:41,228: INFO: main: >>>>>> stage Data Cleaning stage completed <<<<<< 

x==========x]
[2024-11-21 01:44:41,228: INFO: main: >>>>>> stage Data Transformation stage started <<<<<<]
[2024-11-21 01:44:41,228: INFO: common: yaml file: config\config.yaml loaded successfully]
[2024-11-21 01:44:41,228: INFO: common: yaml file: params.yaml loaded successfully]
[2024-11-21 01:44:41,235: INFO: common: yaml file: schema.yaml loaded successfully]
[2024-11-21 01:44:41,236: INFO: common: created directory at: artifacts]
[2024-11-21 01:44:41,237: INFO: common: created directory at: artifacts/data_transformation]
[2024-11-21 01:44:41,286: INFO: data_transformation: Data transformation complete]
[2024-11-21 01:44:41,286: INFO: data_transformation: Data shape: (400, 25)]
[2024-11-21 01:44:41,286: INFO: main: >>>>>> stage Data Transformation stage completed <<<<<<

x==========x]
[2024-11-21 01:44:41,286: INFO: main: >>>>>> stage Data Spliting stage started <<<<<<]
[2024-11-21 01:44:41,294: INFO: common: yaml file: config\config.yaml loaded successfully]
[2024-11-21 01:44:41,294: INFO: common: yaml file: params.yaml loaded successfully]
[2024-11-21 01:44:41,299: INFO: common: yaml file: schema.yaml loaded successfully]
[2024-11-21 01:44:41,299: INFO: common: created directory at: artifacts]
[2024-11-21 01:44:41,300: INFO: common: created directory at: artifacts/data_training]
[2024-11-21 01:44:41,317: INFO: data_training: Splited data into training and test sets]
[2024-11-21 01:44:41,317: INFO: data_training: (300, 25)]
[2024-11-21 01:44:41,317: INFO: data_training: (100, 25)]
[2024-11-21 01:44:41,319: INFO: main: >>>>>> stage Data Spliting stage completed <<<<<<

x==========x]
[2024-11-21 01:44:41,320: INFO: main: >>>>>> stage Model Trainer stage started <<<<<<]
[2024-11-21 01:44:41,322: INFO: common: yaml file: config\config.yaml loaded successfully]
[2024-11-21 01:44:41,323: INFO: common: yaml file: params.yaml loaded successfully]
[2024-11-21 01:44:41,325: INFO: common: yaml file: schema.yaml loaded successfully]
[2024-11-21 01:44:41,326: INFO: common: created directory at: artifacts]
[2024-11-21 01:44:41,326: INFO: common: created directory at: artifacts/model_trainer]
[2024-11-21 01:44:41,345: INFO: main: >>>>>> stage Model Trainer stage completed <<<<<<

x==========x]
[2024-11-21 01:44:41,345: INFO: main: >>>>>> stage Model evaluation stage started <<<<<<]
[2024-11-21 01:44:41,353: INFO: common: yaml file: config\config.yaml loaded successfully]
[2024-11-21 01:44:41,354: INFO: common: yaml file: params.yaml loaded successfully]
[2024-11-21 01:44:41,356: INFO: common: yaml file: schema.yaml loaded successfully]
[2024-11-21 01:44:41,356: INFO: common: created directory at: artifacts]
[2024-11-21 01:44:41,357: INFO: common: created directory at: artifacts/model_evaluation]
[2024-11-21 01:44:41,993: INFO: common: json file saved at: artifacts\model_evaluation\metrics.json]
[2024-11-21 01:44:50,798: INFO: main: >>>>>> stage Model evaluation stage completed <<<<<<

x==========x]
[2024-11-29 14:35:32,243: INFO: main: >>>>>> stage Data Ingestion stage started <<<<<<]
[2024-11-29 14:35:32,260: INFO: common: yaml file: config\config.yaml loaded successfully]
[2024-11-29 14:35:32,260: INFO: common: yaml file: params.yaml loaded successfully]
[2024-11-29 14:35:32,260: INFO: common: yaml file: schema.yaml loaded successfully]
[2024-11-29 14:35:32,260: INFO: common: created directory at: artifacts]
[2024-11-29 14:35:32,260: INFO: common: created directory at: artifacts/data_ingestion]
[2024-11-29 14:35:32,260: INFO: data_ingestion: File already exists of size: ~ 47 KB]
[2024-11-29 14:35:32,260: INFO: main: >>>>>> stage Data Ingestion stage completed <<<<<<

x==========x]
[2024-11-29 14:35:32,260: INFO: main: >>>>>> stage Data Validation stage started <<<<<<]
[2024-11-29 14:35:32,260: INFO: common: yaml file: config\config.yaml loaded successfully]
[2024-11-29 14:35:32,260: INFO: common: yaml file: params.yaml loaded successfully]
[2024-11-29 14:35:32,260: INFO: common: yaml file: schema.yaml loaded successfully]
[2024-11-29 14:35:32,260: INFO: common: created directory at: artifacts]
[2024-11-29 14:35:32,260: INFO: common: created directory at: artifacts/data_validation]
[2024-11-29 14:35:32,275: INFO: main: >>>>>> stage Data Validation stage completed <<<<<<

x==========x]
[2024-11-29 14:35:32,299: INFO: main: >>>>>> stage Data Cleaning stage started  <<<<<<]
[2024-11-29 14:35:32,302: INFO: common: yaml file: config\config.yaml loaded successfully]
[2024-11-29 14:35:32,302: INFO: common: yaml file: params.yaml loaded successfully]
[2024-11-29 14:35:32,311: INFO: common: yaml file: schema.yaml loaded successfully]
[2024-11-29 14:35:32,311: INFO: common: created directory at: artifacts]
[2024-11-29 14:35:32,311: INFO: common: created directory at: artifacts/data_cleaning]
[2024-11-29 14:35:32,346: INFO: data_cleaning: Cleaning the data]
[2024-11-29 14:35:32,346: INFO: data_cleaning: (400, 25)]
[2024-11-29 14:35:32,346: INFO: main: >>>>>> stage Data Cleaning stage completed <<<<<< 

x==========x]
[2024-11-29 14:35:32,352: INFO: main: >>>>>> stage Data Transformation stage started <<<<<<]
[2024-11-29 14:35:32,356: INFO: common: yaml file: config\config.yaml loaded successfully]
[2024-11-29 14:35:32,357: INFO: common: yaml file: params.yaml loaded successfully]
[2024-11-29 14:35:32,360: INFO: common: yaml file: schema.yaml loaded successfully]
[2024-11-29 14:35:32,361: INFO: common: created directory at: artifacts]
[2024-11-29 14:35:32,361: INFO: common: created directory at: artifacts/data_transformation]
[2024-11-29 14:35:32,408: INFO: data_transformation: Data transformation complete]
[2024-11-29 14:35:32,408: INFO: data_transformation: Data shape: (400, 25)]
[2024-11-29 14:35:32,408: INFO: main: >>>>>> stage Data Transformation stage completed <<<<<<

x==========x]
[2024-11-29 14:35:32,408: INFO: main: >>>>>> stage Data Spliting stage started <<<<<<]
[2024-11-29 14:35:32,408: INFO: common: yaml file: config\config.yaml loaded successfully]
[2024-11-29 14:35:32,408: INFO: common: yaml file: params.yaml loaded successfully]
[2024-11-29 14:35:32,422: INFO: common: yaml file: schema.yaml loaded successfully]
[2024-11-29 14:35:32,423: INFO: common: created directory at: artifacts]
[2024-11-29 14:35:32,423: INFO: common: created directory at: artifacts/data_training]
[2024-11-29 14:35:32,444: INFO: data_training: Splited data into training and test sets]
[2024-11-29 14:35:32,444: INFO: data_training: (300, 25)]
[2024-11-29 14:35:32,444: INFO: data_training: (100, 25)]
[2024-11-29 14:35:32,444: INFO: main: >>>>>> stage Data Spliting stage completed <<<<<<

x==========x]
[2024-11-29 14:35:32,444: INFO: main: >>>>>> stage Model Trainer stage started <<<<<<]
[2024-11-29 14:35:32,444: INFO: common: yaml file: config\config.yaml loaded successfully]
[2024-11-29 14:35:32,453: INFO: common: yaml file: params.yaml loaded successfully]
[2024-11-29 14:35:32,456: INFO: common: yaml file: schema.yaml loaded successfully]
[2024-11-29 14:35:32,456: INFO: common: created directory at: artifacts]
[2024-11-29 14:35:32,457: INFO: common: created directory at: artifacts/model_trainer]
[2024-11-29 14:35:32,486: INFO: main: >>>>>> stage Model Trainer stage completed <<<<<<

x==========x]
[2024-11-29 14:35:32,487: INFO: main: >>>>>> stage Model evaluation stage started <<<<<<]
[2024-11-29 14:35:32,490: INFO: common: yaml file: config\config.yaml loaded successfully]
[2024-11-29 14:35:32,491: INFO: common: yaml file: params.yaml loaded successfully]
[2024-11-29 14:35:32,493: INFO: common: yaml file: schema.yaml loaded successfully]
[2024-11-29 14:35:32,493: INFO: common: created directory at: artifacts]
[2024-11-29 14:35:32,494: ERROR: main: "'ConfigBox' object has no attribute 'gradientboostingclassifier'"]
Traceback (most recent call last):
  File "C:\Users\Lenovo\AppData\Local\Programs\Python\Python311\Lib\site-packages\box\box.py", line 503, in __getitem__
    return super().__getitem__(item)
           ^^^^^^^^^^^^^^^^^^^^^^^^^
KeyError: 'GradientBoostingClassifier'

The above exception was the direct cause of the following exception:

Traceback (most recent call last):
  File "C:\Users\Lenovo\AppData\Local\Programs\Python\Python311\Lib\site-packages\box\box.py", line 536, in __getattr__
    value = self.__getitem__(item, _ignore_default=True)
            ^^^^^^^^^^^^^^^^^^^^^^^^^^^^^^^^^^^^^^^^^^^^
  File "C:\Users\Lenovo\AppData\Local\Programs\Python\Python311\Lib\site-packages\box\box.py", line 524, in __getitem__
    raise BoxKeyError(str(err)) from _exception_cause(err)
box.exceptions.BoxKeyError: "'GradientBoostingClassifier'"

During handling of the above exception, another exception occurred:

Traceback (most recent call last):
  File "C:\Users\Lenovo\AppData\Local\Programs\Python\Python311\Lib\site-packages\box\box.py", line 538, in __getattr__
    value = object.__getattribute__(self, item)
            ^^^^^^^^^^^^^^^^^^^^^^^^^^^^^^^^^^^
AttributeError: 'ConfigBox' object has no attribute 'GradientBoostingClassifier'

The above exception was the direct cause of the following exception:

Traceback (most recent call last):
  File "C:\Users\Lenovo\AppData\Local\Programs\Python\Python311\Lib\site-packages\box\config_box.py", line 28, in __getattr__
    return super().__getattr__(item)
           ^^^^^^^^^^^^^^^^^^^^^^^^^
  File "C:\Users\Lenovo\AppData\Local\Programs\Python\Python311\Lib\site-packages\box\box.py", line 552, in __getattr__
    raise BoxKeyError(str(err)) from _exception_cause(err)
box.exceptions.BoxKeyError: "'ConfigBox' object has no attribute 'GradientBoostingClassifier'"

During handling of the above exception, another exception occurred:

Traceback (most recent call last):
  File "C:\Users\Lenovo\AppData\Local\Programs\Python\Python311\Lib\site-packages\box\box.py", line 503, in __getitem__
    return super().__getitem__(item)
           ^^^^^^^^^^^^^^^^^^^^^^^^^
KeyError: 'gradientboostingclassifier'

The above exception was the direct cause of the following exception:

Traceback (most recent call last):
  File "C:\Users\Lenovo\AppData\Local\Programs\Python\Python311\Lib\site-packages\box\box.py", line 536, in __getattr__
    value = self.__getitem__(item, _ignore_default=True)
            ^^^^^^^^^^^^^^^^^^^^^^^^^^^^^^^^^^^^^^^^^^^^
  File "C:\Users\Lenovo\AppData\Local\Programs\Python\Python311\Lib\site-packages\box\box.py", line 524, in __getitem__
    raise BoxKeyError(str(err)) from _exception_cause(err)
box.exceptions.BoxKeyError: "'gradientboostingclassifier'"

During handling of the above exception, another exception occurred:

Traceback (most recent call last):
  File "C:\Users\Lenovo\AppData\Local\Programs\Python\Python311\Lib\site-packages\box\box.py", line 538, in __getattr__
    value = object.__getattribute__(self, item)
            ^^^^^^^^^^^^^^^^^^^^^^^^^^^^^^^^^^^
AttributeError: 'ConfigBox' object has no attribute 'gradientboostingclassifier'

The above exception was the direct cause of the following exception:

Traceback (most recent call last):
  File "C:\Users\Lenovo\Desktop\mlProject\main.py", line 81, in <module>
    data_ingestion.main()
  File "C:\Users\Lenovo\Desktop\mlProject\src\mlProject\pipeline\stage_07_model_evaluation.py", line 15, in main
    model_evaluation_config = config.get_model_evaluation_config()
                              ^^^^^^^^^^^^^^^^^^^^^^^^^^^^^^^^^^^^
  File "C:\Users\Lenovo\Desktop\stb_pfe_mlflow\src\stb_pfe_mlflow\config\configuration.py", line 118, in get_model_evaluation_config
    params = self.params.GradientBoostingClassifier
             ^^^^^^^^^^^^^^^^^^^^^^^^^^^^^^^^^^^^^^
  File "C:\Users\Lenovo\AppData\Local\Programs\Python\Python311\Lib\site-packages\box\config_box.py", line 30, in __getattr__
    return super().__getattr__(item.lower())
           ^^^^^^^^^^^^^^^^^^^^^^^^^^^^^^^^^
  File "C:\Users\Lenovo\AppData\Local\Programs\Python\Python311\Lib\site-packages\box\box.py", line 552, in __getattr__
    raise BoxKeyError(str(err)) from _exception_cause(err)
box.exceptions.BoxKeyError: "'ConfigBox' object has no attribute 'gradientboostingclassifier'"
[2024-11-29 14:36:55,052: INFO: main: >>>>>> stage Data Ingestion stage started <<<<<<]
[2024-11-29 14:36:55,052: INFO: common: yaml file: config\config.yaml loaded successfully]
[2024-11-29 14:36:55,052: INFO: common: yaml file: params.yaml loaded successfully]
[2024-11-29 14:36:55,052: INFO: common: yaml file: schema.yaml loaded successfully]
[2024-11-29 14:36:55,052: INFO: common: created directory at: artifacts]
[2024-11-29 14:36:55,052: INFO: common: created directory at: artifacts/data_ingestion]
[2024-11-29 14:36:55,052: INFO: data_ingestion: File already exists of size: ~ 47 KB]
[2024-11-29 14:36:55,052: INFO: main: >>>>>> stage Data Ingestion stage completed <<<<<<

x==========x]
[2024-11-29 14:36:55,052: INFO: main: >>>>>> stage Data Validation stage started <<<<<<]
[2024-11-29 14:36:55,052: INFO: common: yaml file: config\config.yaml loaded successfully]
[2024-11-29 14:36:55,052: INFO: common: yaml file: params.yaml loaded successfully]
[2024-11-29 14:36:55,068: INFO: common: yaml file: schema.yaml loaded successfully]
[2024-11-29 14:36:55,068: INFO: common: created directory at: artifacts]
[2024-11-29 14:36:55,068: INFO: common: created directory at: artifacts/data_validation]
[2024-11-29 14:36:55,068: INFO: main: >>>>>> stage Data Validation stage completed <<<<<<

x==========x]
[2024-11-29 14:36:55,068: INFO: main: >>>>>> stage Data Cleaning stage started  <<<<<<]
[2024-11-29 14:36:55,087: INFO: common: yaml file: config\config.yaml loaded successfully]
[2024-11-29 14:36:55,089: INFO: common: yaml file: params.yaml loaded successfully]
[2024-11-29 14:36:55,093: INFO: common: yaml file: schema.yaml loaded successfully]
[2024-11-29 14:36:55,094: INFO: common: created directory at: artifacts]
[2024-11-29 14:36:55,094: INFO: common: created directory at: artifacts/data_cleaning]
[2024-11-29 14:36:55,121: INFO: data_cleaning: Cleaning the data]
[2024-11-29 14:36:55,121: INFO: data_cleaning: (400, 25)]
[2024-11-29 14:36:55,121: INFO: main: >>>>>> stage Data Cleaning stage completed <<<<<< 

x==========x]
[2024-11-29 14:36:55,121: INFO: main: >>>>>> stage Data Transformation stage started <<<<<<]
[2024-11-29 14:36:55,129: INFO: common: yaml file: config\config.yaml loaded successfully]
[2024-11-29 14:36:55,132: INFO: common: yaml file: params.yaml loaded successfully]
[2024-11-29 14:36:55,134: INFO: common: yaml file: schema.yaml loaded successfully]
[2024-11-29 14:36:55,135: INFO: common: created directory at: artifacts]
[2024-11-29 14:36:55,135: INFO: common: created directory at: artifacts/data_transformation]
[2024-11-29 14:36:55,188: INFO: data_transformation: Data transformation complete]
[2024-11-29 14:36:55,188: INFO: data_transformation: Data shape: (400, 25)]
[2024-11-29 14:36:55,188: INFO: main: >>>>>> stage Data Transformation stage completed <<<<<<

x==========x]
[2024-11-29 14:36:55,188: INFO: main: >>>>>> stage Data Spliting stage started <<<<<<]
[2024-11-29 14:36:55,188: INFO: common: yaml file: config\config.yaml loaded successfully]
[2024-11-29 14:36:55,196: INFO: common: yaml file: params.yaml loaded successfully]
[2024-11-29 14:36:55,198: INFO: common: yaml file: schema.yaml loaded successfully]
[2024-11-29 14:36:55,199: INFO: common: created directory at: artifacts]
[2024-11-29 14:36:55,199: INFO: common: created directory at: artifacts/data_training]
[2024-11-29 14:36:55,221: INFO: data_training: Splited data into training and test sets]
[2024-11-29 14:36:55,221: INFO: data_training: (300, 25)]
[2024-11-29 14:36:55,221: INFO: data_training: (100, 25)]
[2024-11-29 14:36:55,222: INFO: main: >>>>>> stage Data Spliting stage completed <<<<<<

x==========x]
[2024-11-29 14:36:55,222: INFO: main: >>>>>> stage Model Trainer stage started <<<<<<]
[2024-11-29 14:36:55,225: INFO: common: yaml file: config\config.yaml loaded successfully]
[2024-11-29 14:36:55,227: INFO: common: yaml file: params.yaml loaded successfully]
[2024-11-29 14:36:55,229: INFO: common: yaml file: schema.yaml loaded successfully]
[2024-11-29 14:36:55,230: INFO: common: created directory at: artifacts]
[2024-11-29 14:36:55,231: INFO: common: created directory at: artifacts/model_trainer]
[2024-11-29 14:36:55,255: INFO: main: >>>>>> stage Model Trainer stage completed <<<<<<

x==========x]
[2024-11-29 14:36:55,255: INFO: main: >>>>>> stage Model evaluation stage started <<<<<<]
[2024-11-29 14:36:55,255: INFO: common: yaml file: config\config.yaml loaded successfully]
[2024-11-29 14:36:55,262: INFO: common: yaml file: params.yaml loaded successfully]
[2024-11-29 14:36:55,265: INFO: common: yaml file: schema.yaml loaded successfully]
[2024-11-29 14:36:55,265: INFO: common: created directory at: artifacts]
[2024-11-29 14:36:55,266: INFO: common: created directory at: artifacts/model_evaluation]
[2024-11-29 14:36:55,279: ERROR: main: "['tiers_key', 'Cluster'] not found in axis"]
Traceback (most recent call last):
  File "C:\Users\Lenovo\Desktop\mlProject\main.py", line 81, in <module>
    data_ingestion.main()
  File "C:\Users\Lenovo\Desktop\mlProject\src\mlProject\pipeline\stage_07_model_evaluation.py", line 17, in main
    model_evaluation_config.log_into_mlflow()
  File "C:\Users\Lenovo\Desktop\stb_pfe_mlflow\src\stb_pfe_mlflow\components\model_evaluation.py", line 31, in log_into_mlflow
    test_x = test_data.drop(
             ^^^^^^^^^^^^^^^
  File "C:\Users\Lenovo\AppData\Local\Programs\Python\Python311\Lib\site-packages\pandas\core\frame.py", line 5568, in drop
    return super().drop(
           ^^^^^^^^^^^^^
  File "C:\Users\Lenovo\AppData\Local\Programs\Python\Python311\Lib\site-packages\pandas\core\generic.py", line 4782, in drop
    obj = obj._drop_axis(labels, axis, level=level, errors=errors)
          ^^^^^^^^^^^^^^^^^^^^^^^^^^^^^^^^^^^^^^^^^^^^^^^^^^^^^^^^
  File "C:\Users\Lenovo\AppData\Local\Programs\Python\Python311\Lib\site-packages\pandas\core\generic.py", line 4824, in _drop_axis
    new_axis = axis.drop(labels, errors=errors)
               ^^^^^^^^^^^^^^^^^^^^^^^^^^^^^^^^
  File "C:\Users\Lenovo\AppData\Local\Programs\Python\Python311\Lib\site-packages\pandas\core\indexes\base.py", line 7069, in drop
    raise KeyError(f"{labels[mask].tolist()} not found in axis")
KeyError: "['tiers_key', 'Cluster'] not found in axis"
[2024-11-29 14:38:27,521: INFO: main: >>>>>> stage Data Ingestion stage started <<<<<<]
[2024-11-29 14:38:27,526: INFO: common: yaml file: config\config.yaml loaded successfully]
[2024-11-29 14:38:27,526: INFO: common: yaml file: params.yaml loaded successfully]
[2024-11-29 14:38:27,526: INFO: common: yaml file: schema.yaml loaded successfully]
[2024-11-29 14:38:27,526: INFO: common: created directory at: artifacts]
[2024-11-29 14:38:27,533: INFO: common: created directory at: artifacts/data_ingestion]
[2024-11-29 14:38:27,533: INFO: data_ingestion: File already exists of size: ~ 47 KB]
[2024-11-29 14:38:27,534: INFO: main: >>>>>> stage Data Ingestion stage completed <<<<<<

x==========x]
[2024-11-29 14:38:27,534: INFO: main: >>>>>> stage Data Validation stage started <<<<<<]
[2024-11-29 14:38:27,536: INFO: common: yaml file: config\config.yaml loaded successfully]
[2024-11-29 14:38:27,538: INFO: common: yaml file: params.yaml loaded successfully]
[2024-11-29 14:38:27,541: INFO: common: yaml file: schema.yaml loaded successfully]
[2024-11-29 14:38:27,542: INFO: common: created directory at: artifacts]
[2024-11-29 14:38:27,542: INFO: common: created directory at: artifacts/data_validation]
[2024-11-29 14:38:27,555: INFO: main: >>>>>> stage Data Validation stage completed <<<<<<

x==========x]
[2024-11-29 14:38:27,555: INFO: main: >>>>>> stage Data Cleaning stage started  <<<<<<]
[2024-11-29 14:38:27,563: INFO: common: yaml file: config\config.yaml loaded successfully]
[2024-11-29 14:38:27,563: INFO: common: yaml file: params.yaml loaded successfully]
[2024-11-29 14:38:27,569: INFO: common: yaml file: schema.yaml loaded successfully]
[2024-11-29 14:38:27,570: INFO: common: created directory at: artifacts]
[2024-11-29 14:38:27,570: INFO: common: created directory at: artifacts/data_cleaning]
[2024-11-29 14:38:27,606: INFO: data_cleaning: Cleaning the data]
[2024-11-29 14:38:27,606: INFO: data_cleaning: (400, 25)]
[2024-11-29 14:38:27,607: INFO: main: >>>>>> stage Data Cleaning stage completed <<<<<< 

x==========x]
[2024-11-29 14:38:27,607: INFO: main: >>>>>> stage Data Transformation stage started <<<<<<]
[2024-11-29 14:38:27,610: INFO: common: yaml file: config\config.yaml loaded successfully]
[2024-11-29 14:38:27,612: INFO: common: yaml file: params.yaml loaded successfully]
[2024-11-29 14:38:27,614: INFO: common: yaml file: schema.yaml loaded successfully]
[2024-11-29 14:38:27,614: INFO: common: created directory at: artifacts]
[2024-11-29 14:38:27,615: INFO: common: created directory at: artifacts/data_transformation]
[2024-11-29 14:38:27,672: INFO: data_transformation: Data transformation complete]
[2024-11-29 14:38:27,672: INFO: data_transformation: Data shape: (400, 25)]
[2024-11-29 14:38:27,672: INFO: main: >>>>>> stage Data Transformation stage completed <<<<<<

x==========x]
[2024-11-29 14:38:27,673: INFO: main: >>>>>> stage Data Spliting stage started <<<<<<]
[2024-11-29 14:38:27,675: INFO: common: yaml file: config\config.yaml loaded successfully]
[2024-11-29 14:38:27,676: INFO: common: yaml file: params.yaml loaded successfully]
[2024-11-29 14:38:27,679: INFO: common: yaml file: schema.yaml loaded successfully]
[2024-11-29 14:38:27,680: INFO: common: created directory at: artifacts]
[2024-11-29 14:38:27,680: INFO: common: created directory at: artifacts/data_training]
[2024-11-29 14:38:27,700: INFO: data_training: Splited data into training and test sets]
[2024-11-29 14:38:27,700: INFO: data_training: (300, 25)]
[2024-11-29 14:38:27,700: INFO: data_training: (100, 25)]
[2024-11-29 14:38:27,701: INFO: main: >>>>>> stage Data Spliting stage completed <<<<<<

x==========x]
[2024-11-29 14:38:27,701: INFO: main: >>>>>> stage Model Trainer stage started <<<<<<]
[2024-11-29 14:38:27,706: INFO: common: yaml file: config\config.yaml loaded successfully]
[2024-11-29 14:38:27,707: INFO: common: yaml file: params.yaml loaded successfully]
[2024-11-29 14:38:27,709: INFO: common: yaml file: schema.yaml loaded successfully]
[2024-11-29 14:38:27,710: INFO: common: created directory at: artifacts]
[2024-11-29 14:38:27,710: INFO: common: created directory at: artifacts/model_trainer]
[2024-11-29 14:38:27,747: INFO: main: >>>>>> stage Model Trainer stage completed <<<<<<

x==========x]
[2024-11-29 14:38:27,748: INFO: main: >>>>>> stage Model evaluation stage started <<<<<<]
[2024-11-29 14:38:27,748: INFO: common: yaml file: config\config.yaml loaded successfully]
[2024-11-29 14:38:27,748: INFO: common: yaml file: params.yaml loaded successfully]
[2024-11-29 14:38:27,756: INFO: common: yaml file: schema.yaml loaded successfully]
[2024-11-29 14:38:27,757: INFO: common: created directory at: artifacts]
[2024-11-29 14:38:27,758: INFO: common: created directory at: artifacts/model_evaluation]
[2024-11-29 14:38:27,772: ERROR: main: "['tiers_key', 'Cluster'] not found in axis"]
Traceback (most recent call last):
  File "C:\Users\Lenovo\Desktop\mlProject\main.py", line 81, in <module>
    data_ingestion.main()
  File "C:\Users\Lenovo\Desktop\mlProject\src\mlProject\pipeline\stage_07_model_evaluation.py", line 17, in main
    model_evaluation_config.log_into_mlflow()
  File "C:\Users\Lenovo\Desktop\stb_pfe_mlflow\src\stb_pfe_mlflow\components\model_evaluation.py", line 31, in log_into_mlflow
    test_x = test_data.drop(
             ^^^^^^^^^^^^^^^
  File "C:\Users\Lenovo\AppData\Local\Programs\Python\Python311\Lib\site-packages\pandas\core\frame.py", line 5568, in drop
    return super().drop(
           ^^^^^^^^^^^^^
  File "C:\Users\Lenovo\AppData\Local\Programs\Python\Python311\Lib\site-packages\pandas\core\generic.py", line 4782, in drop
    obj = obj._drop_axis(labels, axis, level=level, errors=errors)
          ^^^^^^^^^^^^^^^^^^^^^^^^^^^^^^^^^^^^^^^^^^^^^^^^^^^^^^^^
  File "C:\Users\Lenovo\AppData\Local\Programs\Python\Python311\Lib\site-packages\pandas\core\generic.py", line 4824, in _drop_axis
    new_axis = axis.drop(labels, errors=errors)
               ^^^^^^^^^^^^^^^^^^^^^^^^^^^^^^^^
  File "C:\Users\Lenovo\AppData\Local\Programs\Python\Python311\Lib\site-packages\pandas\core\indexes\base.py", line 7069, in drop
    raise KeyError(f"{labels[mask].tolist()} not found in axis")
KeyError: "['tiers_key', 'Cluster'] not found in axis"
[2024-11-29 14:39:21,863: INFO: main: >>>>>> stage Data Ingestion stage started <<<<<<]
[2024-11-29 14:39:21,863: INFO: common: yaml file: config\config.yaml loaded successfully]
[2024-11-29 14:39:21,879: INFO: common: yaml file: params.yaml loaded successfully]
[2024-11-29 14:39:21,879: INFO: common: yaml file: schema.yaml loaded successfully]
[2024-11-29 14:39:21,879: INFO: common: created directory at: artifacts]
[2024-11-29 14:39:21,882: INFO: common: created directory at: artifacts/data_ingestion]
[2024-11-29 14:39:21,882: INFO: data_ingestion: File already exists of size: ~ 47 KB]
[2024-11-29 14:39:21,883: INFO: main: >>>>>> stage Data Ingestion stage completed <<<<<<

x==========x]
[2024-11-29 14:39:21,884: INFO: main: >>>>>> stage Data Validation stage started <<<<<<]
[2024-11-29 14:39:21,887: INFO: common: yaml file: config\config.yaml loaded successfully]
[2024-11-29 14:39:21,888: INFO: common: yaml file: params.yaml loaded successfully]
[2024-11-29 14:39:21,892: INFO: common: yaml file: schema.yaml loaded successfully]
[2024-11-29 14:39:21,893: INFO: common: created directory at: artifacts]
[2024-11-29 14:39:21,893: INFO: common: created directory at: artifacts/data_validation]
[2024-11-29 14:39:21,909: INFO: main: >>>>>> stage Data Validation stage completed <<<<<<

x==========x]
[2024-11-29 14:39:21,909: INFO: main: >>>>>> stage Data Cleaning stage started  <<<<<<]
[2024-11-29 14:39:21,914: INFO: common: yaml file: config\config.yaml loaded successfully]
[2024-11-29 14:39:21,914: INFO: common: yaml file: params.yaml loaded successfully]
[2024-11-29 14:39:21,917: INFO: common: yaml file: schema.yaml loaded successfully]
[2024-11-29 14:39:21,918: INFO: common: created directory at: artifacts]
[2024-11-29 14:39:21,918: INFO: common: created directory at: artifacts/data_cleaning]
[2024-11-29 14:39:21,939: INFO: data_cleaning: Cleaning the data]
[2024-11-29 14:39:21,939: INFO: data_cleaning: (400, 25)]
[2024-11-29 14:39:21,939: INFO: main: >>>>>> stage Data Cleaning stage completed <<<<<< 

x==========x]
[2024-11-29 14:39:21,939: INFO: main: >>>>>> stage Data Transformation stage started <<<<<<]
[2024-11-29 14:39:21,939: INFO: common: yaml file: config\config.yaml loaded successfully]
[2024-11-29 14:39:21,948: INFO: common: yaml file: params.yaml loaded successfully]
[2024-11-29 14:39:21,950: INFO: common: yaml file: schema.yaml loaded successfully]
[2024-11-29 14:39:21,951: INFO: common: created directory at: artifacts]
[2024-11-29 14:39:21,951: INFO: common: created directory at: artifacts/data_transformation]
[2024-11-29 14:39:21,999: INFO: data_transformation: Data transformation complete]
[2024-11-29 14:39:22,000: INFO: data_transformation: Data shape: (400, 25)]
[2024-11-29 14:39:22,000: INFO: main: >>>>>> stage Data Transformation stage completed <<<<<<

x==========x]
[2024-11-29 14:39:22,000: INFO: main: >>>>>> stage Data Spliting stage started <<<<<<]
[2024-11-29 14:39:22,003: INFO: common: yaml file: config\config.yaml loaded successfully]
[2024-11-29 14:39:22,004: INFO: common: yaml file: params.yaml loaded successfully]
[2024-11-29 14:39:22,006: INFO: common: yaml file: schema.yaml loaded successfully]
[2024-11-29 14:39:22,007: INFO: common: created directory at: artifacts]
[2024-11-29 14:39:22,008: INFO: common: created directory at: artifacts/data_training]
[2024-11-29 14:39:22,026: INFO: data_training: Splited data into training and test sets]
[2024-11-29 14:39:22,026: INFO: data_training: (300, 25)]
[2024-11-29 14:39:22,026: INFO: data_training: (100, 25)]
[2024-11-29 14:39:22,026: INFO: main: >>>>>> stage Data Spliting stage completed <<<<<<

x==========x]
[2024-11-29 14:39:22,026: INFO: main: >>>>>> stage Model Trainer stage started <<<<<<]
[2024-11-29 14:39:22,031: INFO: common: yaml file: config\config.yaml loaded successfully]
[2024-11-29 14:39:22,032: INFO: common: yaml file: params.yaml loaded successfully]
[2024-11-29 14:39:22,035: INFO: common: yaml file: schema.yaml loaded successfully]
[2024-11-29 14:39:22,036: INFO: common: created directory at: artifacts]
[2024-11-29 14:39:22,036: INFO: common: created directory at: artifacts/model_trainer]
[2024-11-29 14:39:22,059: INFO: main: >>>>>> stage Model Trainer stage completed <<<<<<

x==========x]
[2024-11-29 14:39:22,059: INFO: main: >>>>>> stage Model evaluation stage started <<<<<<]
[2024-11-29 14:39:22,065: INFO: common: yaml file: config\config.yaml loaded successfully]
[2024-11-29 14:39:22,065: INFO: common: yaml file: params.yaml loaded successfully]
[2024-11-29 14:39:22,065: INFO: common: yaml file: schema.yaml loaded successfully]
[2024-11-29 14:39:22,065: INFO: common: created directory at: artifacts]
[2024-11-29 14:39:22,065: INFO: common: created directory at: artifacts/model_evaluation]
[2024-11-29 14:39:22,081: ERROR: main: "['tiers_key', 'Cluster'] not found in axis"]
Traceback (most recent call last):
  File "C:\Users\Lenovo\Desktop\mlProject\main.py", line 81, in <module>
    data_ingestion.main()
  File "C:\Users\Lenovo\Desktop\mlProject\src\mlProject\pipeline\stage_07_model_evaluation.py", line 17, in main
    model_evaluation_config.log_into_mlflow()
  File "C:\Users\Lenovo\Desktop\stb_pfe_mlflow\src\stb_pfe_mlflow\components\model_evaluation.py", line 31, in log_into_mlflow
    test_x = test_data.drop(
             ^^^^^^^^^^^^^^^
  File "C:\Users\Lenovo\AppData\Local\Programs\Python\Python311\Lib\site-packages\pandas\core\frame.py", line 5568, in drop
    return super().drop(
           ^^^^^^^^^^^^^
  File "C:\Users\Lenovo\AppData\Local\Programs\Python\Python311\Lib\site-packages\pandas\core\generic.py", line 4782, in drop
    obj = obj._drop_axis(labels, axis, level=level, errors=errors)
          ^^^^^^^^^^^^^^^^^^^^^^^^^^^^^^^^^^^^^^^^^^^^^^^^^^^^^^^^
  File "C:\Users\Lenovo\AppData\Local\Programs\Python\Python311\Lib\site-packages\pandas\core\generic.py", line 4824, in _drop_axis
    new_axis = axis.drop(labels, errors=errors)
               ^^^^^^^^^^^^^^^^^^^^^^^^^^^^^^^^
  File "C:\Users\Lenovo\AppData\Local\Programs\Python\Python311\Lib\site-packages\pandas\core\indexes\base.py", line 7069, in drop
    raise KeyError(f"{labels[mask].tolist()} not found in axis")
KeyError: "['tiers_key', 'Cluster'] not found in axis"
[2024-11-29 14:41:32,883: INFO: common: yaml file: config\config.yaml loaded successfully]
[2024-11-29 14:41:32,883: INFO: common: yaml file: params.yaml loaded successfully]
[2024-11-29 14:41:32,893: INFO: common: yaml file: schema.yaml loaded successfully]
[2024-11-29 14:41:32,894: INFO: common: created directory at: artifacts]
[2024-11-29 14:41:32,895: INFO: common: created directory at: artifacts/model_evaluation]
[2024-12-02 22:47:51,144: INFO: main: >>>>>> stage Data Ingestion stage started <<<<<<]
[2024-12-02 22:47:51,147: INFO: common: yaml file: config\config.yaml loaded successfully]
[2024-12-02 22:47:51,148: INFO: common: yaml file: params.yaml loaded successfully]
[2024-12-02 22:47:51,151: INFO: common: yaml file: schema.yaml loaded successfully]
[2024-12-02 22:47:51,152: INFO: common: created directory at: artifacts]
[2024-12-02 22:47:51,153: INFO: common: created directory at: artifacts/data_ingestion]
[2024-12-02 22:47:51,154: INFO: data_ingestion: File already exists of size: ~ 47 KB]
[2024-12-02 22:47:51,154: INFO: main: >>>>>> stage Data Ingestion stage completed <<<<<<

x==========x]
[2024-12-02 22:47:51,154: INFO: main: >>>>>> stage Data Validation stage started <<<<<<]
[2024-12-02 22:47:51,157: INFO: common: yaml file: config\config.yaml loaded successfully]
[2024-12-02 22:47:51,158: INFO: common: yaml file: params.yaml loaded successfully]
[2024-12-02 22:47:51,160: INFO: common: yaml file: schema.yaml loaded successfully]
[2024-12-02 22:47:51,162: INFO: common: created directory at: artifacts]
[2024-12-02 22:47:51,162: INFO: common: created directory at: artifacts/data_validation]
[2024-12-02 22:47:51,188: INFO: main: >>>>>> stage Data Validation stage completed <<<<<<

x==========x]
[2024-12-02 22:47:51,189: INFO: main: >>>>>> stage Data Cleaning stage started  <<<<<<]
[2024-12-02 22:47:51,193: INFO: common: yaml file: config\config.yaml loaded successfully]
[2024-12-02 22:47:51,194: INFO: common: yaml file: params.yaml loaded successfully]
[2024-12-02 22:47:51,197: INFO: common: yaml file: schema.yaml loaded successfully]
[2024-12-02 22:47:51,198: INFO: common: created directory at: artifacts]
[2024-12-02 22:47:51,198: INFO: common: created directory at: artifacts/data_cleaning]
[2024-12-02 22:47:51,250: INFO: data_cleaning: Cleaning the data]
[2024-12-02 22:47:51,250: INFO: data_cleaning: (400, 25)]
[2024-12-02 22:47:51,250: INFO: main: >>>>>> stage Data Cleaning stage completed <<<<<< 

x==========x]
[2024-12-02 22:47:51,250: INFO: main: >>>>>> stage Data Transformation stage started <<<<<<]
[2024-12-02 22:47:51,255: INFO: common: yaml file: config\config.yaml loaded successfully]
[2024-12-02 22:47:51,256: INFO: common: yaml file: params.yaml loaded successfully]
[2024-12-02 22:47:51,259: INFO: common: yaml file: schema.yaml loaded successfully]
[2024-12-02 22:47:51,259: INFO: common: created directory at: artifacts]
[2024-12-02 22:47:51,260: INFO: common: created directory at: artifacts/data_transformation]
[2024-12-02 22:47:51,324: INFO: data_transformation: Data transformation complete]
[2024-12-02 22:47:51,324: INFO: data_transformation: Data shape: (400, 25)]
[2024-12-02 22:47:51,325: INFO: main: >>>>>> stage Data Transformation stage completed <<<<<<

x==========x]
[2024-12-02 22:47:51,325: INFO: main: >>>>>> stage Data Spliting stage started <<<<<<]
[2024-12-02 22:47:51,327: INFO: common: yaml file: config\config.yaml loaded successfully]
[2024-12-02 22:47:51,328: INFO: common: yaml file: params.yaml loaded successfully]
[2024-12-02 22:47:51,330: INFO: common: yaml file: schema.yaml loaded successfully]
[2024-12-02 22:47:51,332: INFO: common: created directory at: artifacts]
[2024-12-02 22:47:51,332: INFO: common: created directory at: artifacts/data_training]
[2024-12-02 22:47:51,356: INFO: data_training: Splited data into training and test sets]
[2024-12-02 22:47:51,357: INFO: data_training: (300, 25)]
[2024-12-02 22:47:51,357: INFO: data_training: (100, 25)]
[2024-12-02 22:47:51,358: INFO: main: >>>>>> stage Data Spliting stage completed <<<<<<

x==========x]
[2024-12-02 22:47:51,358: INFO: main: >>>>>> stage Model Trainer stage started <<<<<<]
[2024-12-02 22:47:51,360: INFO: common: yaml file: config\config.yaml loaded successfully]
[2024-12-02 22:47:51,363: INFO: common: yaml file: params.yaml loaded successfully]
[2024-12-02 22:47:51,367: INFO: common: yaml file: schema.yaml loaded successfully]
[2024-12-02 22:47:51,367: INFO: common: created directory at: artifacts]
[2024-12-02 22:47:51,368: INFO: common: created directory at: artifacts/model_trainer]
[2024-12-02 22:47:51,400: INFO: main: >>>>>> stage Model Trainer stage completed <<<<<<

x==========x]
[2024-12-02 22:47:51,400: INFO: main: >>>>>> stage Model evaluation stage started <<<<<<]
[2024-12-02 22:47:51,402: INFO: common: yaml file: config\config.yaml loaded successfully]
[2024-12-02 22:47:51,404: INFO: common: yaml file: params.yaml loaded successfully]
[2024-12-02 22:47:51,406: INFO: common: yaml file: schema.yaml loaded successfully]
[2024-12-02 22:47:51,407: INFO: common: created directory at: artifacts]
[2024-12-02 22:47:51,407: ERROR: main: "'ConfigBox' object has no attribute 'gradientboostingclassifier'"]
Traceback (most recent call last):
  File "C:\Users\Lenovo\AppData\Local\Programs\Python\Python311\Lib\site-packages\box\box.py", line 503, in __getitem__
    return super().__getitem__(item)
           ^^^^^^^^^^^^^^^^^^^^^^^^^
KeyError: 'GradientBoostingClassifier'

The above exception was the direct cause of the following exception:

Traceback (most recent call last):
  File "C:\Users\Lenovo\AppData\Local\Programs\Python\Python311\Lib\site-packages\box\box.py", line 536, in __getattr__
    value = self.__getitem__(item, _ignore_default=True)
            ^^^^^^^^^^^^^^^^^^^^^^^^^^^^^^^^^^^^^^^^^^^^
  File "C:\Users\Lenovo\AppData\Local\Programs\Python\Python311\Lib\site-packages\box\box.py", line 524, in __getitem__
    raise BoxKeyError(str(err)) from _exception_cause(err)
box.exceptions.BoxKeyError: "'GradientBoostingClassifier'"

During handling of the above exception, another exception occurred:

Traceback (most recent call last):
  File "C:\Users\Lenovo\AppData\Local\Programs\Python\Python311\Lib\site-packages\box\box.py", line 538, in __getattr__
    value = object.__getattribute__(self, item)
            ^^^^^^^^^^^^^^^^^^^^^^^^^^^^^^^^^^^
AttributeError: 'ConfigBox' object has no attribute 'GradientBoostingClassifier'

The above exception was the direct cause of the following exception:

Traceback (most recent call last):
  File "C:\Users\Lenovo\AppData\Local\Programs\Python\Python311\Lib\site-packages\box\config_box.py", line 28, in __getattr__
    return super().__getattr__(item)
           ^^^^^^^^^^^^^^^^^^^^^^^^^
  File "C:\Users\Lenovo\AppData\Local\Programs\Python\Python311\Lib\site-packages\box\box.py", line 552, in __getattr__
    raise BoxKeyError(str(err)) from _exception_cause(err)
box.exceptions.BoxKeyError: "'ConfigBox' object has no attribute 'GradientBoostingClassifier'"

During handling of the above exception, another exception occurred:

Traceback (most recent call last):
  File "C:\Users\Lenovo\AppData\Local\Programs\Python\Python311\Lib\site-packages\box\box.py", line 503, in __getitem__
    return super().__getitem__(item)
           ^^^^^^^^^^^^^^^^^^^^^^^^^
KeyError: 'gradientboostingclassifier'

The above exception was the direct cause of the following exception:

Traceback (most recent call last):
  File "C:\Users\Lenovo\AppData\Local\Programs\Python\Python311\Lib\site-packages\box\box.py", line 536, in __getattr__
    value = self.__getitem__(item, _ignore_default=True)
            ^^^^^^^^^^^^^^^^^^^^^^^^^^^^^^^^^^^^^^^^^^^^
  File "C:\Users\Lenovo\AppData\Local\Programs\Python\Python311\Lib\site-packages\box\box.py", line 524, in __getitem__
    raise BoxKeyError(str(err)) from _exception_cause(err)
box.exceptions.BoxKeyError: "'gradientboostingclassifier'"

During handling of the above exception, another exception occurred:

Traceback (most recent call last):
  File "C:\Users\Lenovo\AppData\Local\Programs\Python\Python311\Lib\site-packages\box\box.py", line 538, in __getattr__
    value = object.__getattribute__(self, item)
            ^^^^^^^^^^^^^^^^^^^^^^^^^^^^^^^^^^^
AttributeError: 'ConfigBox' object has no attribute 'gradientboostingclassifier'

The above exception was the direct cause of the following exception:

Traceback (most recent call last):
  File "C:\Users\Lenovo\Desktop\mlProject\main.py", line 81, in <module>
    data_ingestion.main()
  File "C:\Users\Lenovo\Desktop\mlProject\src\mlProject\pipeline\stage_07_model_evaluation.py", line 15, in main
    model_evaluation_config = config.get_model_evaluation_config()
                              ^^^^^^^^^^^^^^^^^^^^^^^^^^^^^^^^^^^^
  File "C:\Users\Lenovo\Desktop\stb_pfe_mlflow\src\stb_pfe_mlflow\config\configuration.py", line 118, in get_model_evaluation_config
    params = self.params.GradientBoostingClassifier
             ^^^^^^^^^^^^^^^^^^^^^^^^^^^^^^^^^^^^^^
  File "C:\Users\Lenovo\AppData\Local\Programs\Python\Python311\Lib\site-packages\box\config_box.py", line 30, in __getattr__
    return super().__getattr__(item.lower())
           ^^^^^^^^^^^^^^^^^^^^^^^^^^^^^^^^^
  File "C:\Users\Lenovo\AppData\Local\Programs\Python\Python311\Lib\site-packages\box\box.py", line 552, in __getattr__
    raise BoxKeyError(str(err)) from _exception_cause(err)
box.exceptions.BoxKeyError: "'ConfigBox' object has no attribute 'gradientboostingclassifier'"
[2024-12-02 23:14:27,576: INFO: main: >>>>>> stage Data Ingestion stage started <<<<<<]
[2024-12-02 23:14:27,578: INFO: common: yaml file: config\config.yaml loaded successfully]
[2024-12-02 23:14:27,578: INFO: common: yaml file: params.yaml loaded successfully]
[2024-12-02 23:14:27,578: INFO: common: yaml file: schema.yaml loaded successfully]
[2024-12-02 23:14:27,578: INFO: common: created directory at: artifacts]
[2024-12-02 23:14:27,578: INFO: common: created directory at: artifacts/data_ingestion]
[2024-12-02 23:14:27,578: INFO: data_ingestion: File already exists of size: ~ 47 KB]
[2024-12-02 23:14:27,578: INFO: main: >>>>>> stage Data Ingestion stage completed <<<<<<

x==========x]
[2024-12-02 23:14:27,578: INFO: main: >>>>>> stage Data Validation stage started <<<<<<]
[2024-12-02 23:14:27,586: INFO: common: yaml file: config\config.yaml loaded successfully]
[2024-12-02 23:14:27,586: INFO: common: yaml file: params.yaml loaded successfully]
[2024-12-02 23:14:27,586: INFO: common: yaml file: schema.yaml loaded successfully]
[2024-12-02 23:14:27,586: INFO: common: created directory at: artifacts]
[2024-12-02 23:14:27,586: INFO: common: created directory at: artifacts/data_validation]
[2024-12-02 23:14:27,609: INFO: main: >>>>>> stage Data Validation stage completed <<<<<<

x==========x]
[2024-12-02 23:14:27,609: INFO: main: >>>>>> stage Data Cleaning stage started  <<<<<<]
[2024-12-02 23:14:27,613: INFO: common: yaml file: config\config.yaml loaded successfully]
[2024-12-02 23:14:27,614: INFO: common: yaml file: params.yaml loaded successfully]
[2024-12-02 23:14:27,616: INFO: common: yaml file: schema.yaml loaded successfully]
[2024-12-02 23:14:27,616: INFO: common: created directory at: artifacts]
[2024-12-02 23:14:27,616: INFO: common: created directory at: artifacts/data_cleaning]
[2024-12-02 23:14:27,654: INFO: data_cleaning: Cleaning the data]
[2024-12-02 23:14:27,655: INFO: data_cleaning: (400, 25)]
[2024-12-02 23:14:27,655: INFO: main: >>>>>> stage Data Cleaning stage completed <<<<<< 

x==========x]
[2024-12-02 23:14:27,656: INFO: main: >>>>>> stage Data Transformation stage started <<<<<<]
[2024-12-02 23:14:27,657: INFO: common: yaml file: config\config.yaml loaded successfully]
[2024-12-02 23:14:27,657: INFO: common: yaml file: params.yaml loaded successfully]
[2024-12-02 23:14:27,663: INFO: common: yaml file: schema.yaml loaded successfully]
[2024-12-02 23:14:27,664: INFO: common: created directory at: artifacts]
[2024-12-02 23:14:27,664: INFO: common: created directory at: artifacts/data_transformation]
[2024-12-02 23:14:27,729: INFO: data_transformation: Data transformation complete]
[2024-12-02 23:14:27,730: INFO: data_transformation: Data shape: (400, 25)]
[2024-12-02 23:14:27,730: INFO: main: >>>>>> stage Data Transformation stage completed <<<<<<

x==========x]
[2024-12-02 23:14:27,731: INFO: main: >>>>>> stage Data Spliting stage started <<<<<<]
[2024-12-02 23:14:27,734: INFO: common: yaml file: config\config.yaml loaded successfully]
[2024-12-02 23:14:27,734: INFO: common: yaml file: params.yaml loaded successfully]
[2024-12-02 23:14:27,738: INFO: common: yaml file: schema.yaml loaded successfully]
[2024-12-02 23:14:27,738: INFO: common: created directory at: artifacts]
[2024-12-02 23:14:27,739: INFO: common: created directory at: artifacts/data_training]
[2024-12-02 23:14:27,757: INFO: data_training: Splited data into training and test sets]
[2024-12-02 23:14:27,757: INFO: data_training: (300, 25)]
[2024-12-02 23:14:27,757: INFO: data_training: (100, 25)]
[2024-12-02 23:14:27,757: INFO: main: >>>>>> stage Data Spliting stage completed <<<<<<

x==========x]
[2024-12-02 23:14:27,757: INFO: main: >>>>>> stage Model Trainer stage started <<<<<<]
[2024-12-02 23:14:27,765: INFO: common: yaml file: config\config.yaml loaded successfully]
[2024-12-02 23:14:27,766: INFO: common: yaml file: params.yaml loaded successfully]
[2024-12-02 23:14:27,769: INFO: common: yaml file: schema.yaml loaded successfully]
[2024-12-02 23:14:27,769: INFO: common: created directory at: artifacts]
[2024-12-02 23:14:27,770: INFO: common: created directory at: artifacts/model_trainer]
[2024-12-02 23:14:27,789: INFO: main: >>>>>> stage Model Trainer stage completed <<<<<<

x==========x]
[2024-12-02 23:14:27,796: INFO: main: >>>>>> stage Model evaluation stage started <<<<<<]
[2024-12-02 23:14:27,797: INFO: common: yaml file: config\config.yaml loaded successfully]
[2024-12-02 23:14:27,797: INFO: common: yaml file: params.yaml loaded successfully]
[2024-12-02 23:14:27,803: INFO: common: yaml file: schema.yaml loaded successfully]
[2024-12-02 23:14:27,803: INFO: common: created directory at: artifacts]
[2024-12-02 23:14:27,804: ERROR: main: "'ConfigBox' object has no attribute 'gradientboostingclassifier'"]
Traceback (most recent call last):
  File "C:\Users\Lenovo\AppData\Local\Programs\Python\Python311\Lib\site-packages\box\box.py", line 503, in __getitem__
    return super().__getitem__(item)
           ^^^^^^^^^^^^^^^^^^^^^^^^^
KeyError: 'GradientBoostingClassifier'

The above exception was the direct cause of the following exception:

Traceback (most recent call last):
  File "C:\Users\Lenovo\AppData\Local\Programs\Python\Python311\Lib\site-packages\box\box.py", line 536, in __getattr__
    value = self.__getitem__(item, _ignore_default=True)
            ^^^^^^^^^^^^^^^^^^^^^^^^^^^^^^^^^^^^^^^^^^^^
  File "C:\Users\Lenovo\AppData\Local\Programs\Python\Python311\Lib\site-packages\box\box.py", line 524, in __getitem__
    raise BoxKeyError(str(err)) from _exception_cause(err)
box.exceptions.BoxKeyError: "'GradientBoostingClassifier'"

During handling of the above exception, another exception occurred:

Traceback (most recent call last):
  File "C:\Users\Lenovo\AppData\Local\Programs\Python\Python311\Lib\site-packages\box\box.py", line 538, in __getattr__
    value = object.__getattribute__(self, item)
            ^^^^^^^^^^^^^^^^^^^^^^^^^^^^^^^^^^^
AttributeError: 'ConfigBox' object has no attribute 'GradientBoostingClassifier'

The above exception was the direct cause of the following exception:

Traceback (most recent call last):
  File "C:\Users\Lenovo\AppData\Local\Programs\Python\Python311\Lib\site-packages\box\config_box.py", line 28, in __getattr__
    return super().__getattr__(item)
           ^^^^^^^^^^^^^^^^^^^^^^^^^
  File "C:\Users\Lenovo\AppData\Local\Programs\Python\Python311\Lib\site-packages\box\box.py", line 552, in __getattr__
    raise BoxKeyError(str(err)) from _exception_cause(err)
box.exceptions.BoxKeyError: "'ConfigBox' object has no attribute 'GradientBoostingClassifier'"

During handling of the above exception, another exception occurred:

Traceback (most recent call last):
  File "C:\Users\Lenovo\AppData\Local\Programs\Python\Python311\Lib\site-packages\box\box.py", line 503, in __getitem__
    return super().__getitem__(item)
           ^^^^^^^^^^^^^^^^^^^^^^^^^
KeyError: 'gradientboostingclassifier'

The above exception was the direct cause of the following exception:

Traceback (most recent call last):
  File "C:\Users\Lenovo\AppData\Local\Programs\Python\Python311\Lib\site-packages\box\box.py", line 536, in __getattr__
    value = self.__getitem__(item, _ignore_default=True)
            ^^^^^^^^^^^^^^^^^^^^^^^^^^^^^^^^^^^^^^^^^^^^
  File "C:\Users\Lenovo\AppData\Local\Programs\Python\Python311\Lib\site-packages\box\box.py", line 524, in __getitem__
    raise BoxKeyError(str(err)) from _exception_cause(err)
box.exceptions.BoxKeyError: "'gradientboostingclassifier'"

During handling of the above exception, another exception occurred:

Traceback (most recent call last):
  File "C:\Users\Lenovo\AppData\Local\Programs\Python\Python311\Lib\site-packages\box\box.py", line 538, in __getattr__
    value = object.__getattribute__(self, item)
            ^^^^^^^^^^^^^^^^^^^^^^^^^^^^^^^^^^^
AttributeError: 'ConfigBox' object has no attribute 'gradientboostingclassifier'

The above exception was the direct cause of the following exception:

Traceback (most recent call last):
  File "C:\Users\Lenovo\Desktop\mlProject\main.py", line 81, in <module>
    data_ingestion.main()
  File "C:\Users\Lenovo\Desktop\mlProject\src\mlProject\pipeline\stage_07_model_evaluation.py", line 15, in main
    model_evaluation_config = config.get_model_evaluation_config()
                              ^^^^^^^^^^^^^^^^^^^^^^^^^^^^^^^^^^^^
  File "C:\Users\Lenovo\Desktop\stb_pfe_mlflow\src\stb_pfe_mlflow\config\configuration.py", line 118, in get_model_evaluation_config
    params = self.params.GradientBoostingClassifier
             ^^^^^^^^^^^^^^^^^^^^^^^^^^^^^^^^^^^^^^
  File "C:\Users\Lenovo\AppData\Local\Programs\Python\Python311\Lib\site-packages\box\config_box.py", line 30, in __getattr__
    return super().__getattr__(item.lower())
           ^^^^^^^^^^^^^^^^^^^^^^^^^^^^^^^^^
  File "C:\Users\Lenovo\AppData\Local\Programs\Python\Python311\Lib\site-packages\box\box.py", line 552, in __getattr__
    raise BoxKeyError(str(err)) from _exception_cause(err)
box.exceptions.BoxKeyError: "'ConfigBox' object has no attribute 'gradientboostingclassifier'"
[2024-12-02 23:44:10,836: INFO: main: >>>>>> stage Data Ingestion stage started <<<<<<]
[2024-12-02 23:44:10,847: INFO: common: yaml file: config\config.yaml loaded successfully]
[2024-12-02 23:44:10,847: INFO: common: yaml file: params.yaml loaded successfully]
[2024-12-02 23:44:10,854: INFO: common: yaml file: schema.yaml loaded successfully]
[2024-12-02 23:44:10,854: INFO: common: created directory at: artifacts]
[2024-12-02 23:44:10,856: INFO: common: created directory at: artifacts/data_ingestion]
[2024-12-02 23:44:10,856: INFO: data_ingestion: File already exists of size: ~ 47 KB]
[2024-12-02 23:44:10,856: INFO: main: >>>>>> stage Data Ingestion stage completed <<<<<<

x==========x]
[2024-12-02 23:44:10,857: INFO: main: >>>>>> stage Data Validation stage started <<<<<<]
[2024-12-02 23:44:10,859: INFO: common: yaml file: config\config.yaml loaded successfully]
[2024-12-02 23:44:10,860: INFO: common: yaml file: params.yaml loaded successfully]
[2024-12-02 23:44:10,863: INFO: common: yaml file: schema.yaml loaded successfully]
[2024-12-02 23:44:10,863: INFO: common: created directory at: artifacts]
[2024-12-02 23:44:10,864: INFO: common: created directory at: artifacts/data_validation]
[2024-12-02 23:44:10,876: INFO: main: >>>>>> stage Data Validation stage completed <<<<<<

x==========x]
[2024-12-02 23:44:10,876: INFO: main: >>>>>> stage Data Cleaning stage started  <<<<<<]
[2024-12-02 23:44:10,881: INFO: common: yaml file: config\config.yaml loaded successfully]
[2024-12-02 23:44:10,881: INFO: common: yaml file: params.yaml loaded successfully]
[2024-12-02 23:44:10,887: INFO: common: yaml file: schema.yaml loaded successfully]
[2024-12-02 23:44:10,887: INFO: common: created directory at: artifacts]
[2024-12-02 23:44:10,887: INFO: common: created directory at: artifacts/data_cleaning]
[2024-12-02 23:44:10,917: INFO: data_cleaning: Cleaning the data]
[2024-12-02 23:44:10,917: INFO: data_cleaning: (400, 25)]
[2024-12-02 23:44:10,917: INFO: main: >>>>>> stage Data Cleaning stage completed <<<<<< 

x==========x]
[2024-12-02 23:44:10,917: INFO: main: >>>>>> stage Data Transformation stage started <<<<<<]
[2024-12-02 23:44:10,923: INFO: common: yaml file: config\config.yaml loaded successfully]
[2024-12-02 23:44:10,924: INFO: common: yaml file: params.yaml loaded successfully]
[2024-12-02 23:44:10,926: INFO: common: yaml file: schema.yaml loaded successfully]
[2024-12-02 23:44:10,927: INFO: common: created directory at: artifacts]
[2024-12-02 23:44:10,927: INFO: common: created directory at: artifacts/data_transformation]
[2024-12-02 23:44:10,988: INFO: data_transformation: Data transformation complete]
[2024-12-02 23:44:10,988: INFO: data_transformation: Data shape: (400, 25)]
[2024-12-02 23:44:10,989: INFO: main: >>>>>> stage Data Transformation stage completed <<<<<<

x==========x]
[2024-12-02 23:44:10,989: INFO: main: >>>>>> stage Data Spliting stage started <<<<<<]
[2024-12-02 23:44:10,992: INFO: common: yaml file: config\config.yaml loaded successfully]
[2024-12-02 23:44:10,993: INFO: common: yaml file: params.yaml loaded successfully]
[2024-12-02 23:44:10,996: INFO: common: yaml file: schema.yaml loaded successfully]
[2024-12-02 23:44:10,996: INFO: common: created directory at: artifacts]
[2024-12-02 23:44:10,996: INFO: common: created directory at: artifacts/data_training]
[2024-12-02 23:44:11,018: INFO: data_training: Splited data into training and test sets]
[2024-12-02 23:44:11,019: INFO: data_training: (300, 25)]
[2024-12-02 23:44:11,019: INFO: data_training: (100, 25)]
[2024-12-02 23:44:11,020: INFO: main: >>>>>> stage Data Spliting stage completed <<<<<<

x==========x]
[2024-12-02 23:44:11,020: INFO: main: >>>>>> stage Model Trainer stage started <<<<<<]
[2024-12-02 23:44:11,022: INFO: common: yaml file: config\config.yaml loaded successfully]
[2024-12-02 23:44:11,022: INFO: common: yaml file: params.yaml loaded successfully]
[2024-12-02 23:44:11,025: INFO: common: yaml file: schema.yaml loaded successfully]
[2024-12-02 23:44:11,025: INFO: common: created directory at: artifacts]
[2024-12-02 23:44:11,027: INFO: common: created directory at: artifacts/model_trainer]
[2024-12-02 23:44:11,048: INFO: main: >>>>>> stage Model Trainer stage completed <<<<<<

x==========x]
[2024-12-02 23:47:56,134: INFO: common: yaml file: config\config.yaml loaded successfully]
[2024-12-02 23:47:56,139: INFO: common: yaml file: params.yaml loaded successfully]
[2024-12-02 23:47:56,143: INFO: common: yaml file: schema.yaml loaded successfully]
[2024-12-02 23:47:56,145: INFO: common: created directory at: artifacts]
[2024-12-02 23:50:31,350: INFO: common: yaml file: config\config.yaml loaded successfully]
[2024-12-02 23:50:31,352: INFO: common: yaml file: params.yaml loaded successfully]
[2024-12-02 23:50:31,356: INFO: common: yaml file: schema.yaml loaded successfully]
[2024-12-02 23:50:31,359: INFO: common: created directory at: artifacts]
[2024-12-02 23:54:20,527: INFO: common: yaml file: config\config.yaml loaded successfully]
[2024-12-02 23:54:20,532: INFO: common: yaml file: params.yaml loaded successfully]
[2024-12-02 23:54:20,536: INFO: common: yaml file: schema.yaml loaded successfully]
[2024-12-02 23:54:20,538: INFO: common: created directory at: artifacts]
[2024-12-02 23:57:13,205: INFO: main: >>>>>> stage Data Ingestion stage started <<<<<<]
[2024-12-02 23:57:13,208: INFO: common: yaml file: config\config.yaml loaded successfully]
[2024-12-02 23:57:13,210: INFO: common: yaml file: params.yaml loaded successfully]
[2024-12-02 23:57:13,213: INFO: common: yaml file: schema.yaml loaded successfully]
[2024-12-02 23:57:13,213: INFO: common: created directory at: artifacts]
[2024-12-02 23:57:13,213: INFO: common: created directory at: artifacts/data_ingestion]
[2024-12-02 23:57:13,215: INFO: data_ingestion: File already exists of size: ~ 47 KB]
[2024-12-02 23:57:13,216: INFO: main: >>>>>> stage Data Ingestion stage completed <<<<<<

x==========x]
[2024-12-02 23:57:13,216: INFO: main: >>>>>> stage Data Validation stage started <<<<<<]
[2024-12-02 23:57:13,218: INFO: common: yaml file: config\config.yaml loaded successfully]
[2024-12-02 23:57:13,220: INFO: common: yaml file: params.yaml loaded successfully]
[2024-12-02 23:57:13,222: INFO: common: yaml file: schema.yaml loaded successfully]
[2024-12-02 23:57:13,222: INFO: common: created directory at: artifacts]
[2024-12-02 23:57:13,223: INFO: common: created directory at: artifacts/data_validation]
[2024-12-02 23:57:13,245: INFO: main: >>>>>> stage Data Validation stage completed <<<<<<

x==========x]
[2024-12-02 23:57:13,246: INFO: main: >>>>>> stage Data Cleaning stage started  <<<<<<]
[2024-12-02 23:57:13,250: INFO: common: yaml file: config\config.yaml loaded successfully]
[2024-12-02 23:57:13,251: INFO: common: yaml file: params.yaml loaded successfully]
[2024-12-02 23:57:13,255: INFO: common: yaml file: schema.yaml loaded successfully]
[2024-12-02 23:57:13,256: INFO: common: created directory at: artifacts]
[2024-12-02 23:57:13,256: INFO: common: created directory at: artifacts/data_cleaning]
[2024-12-02 23:57:13,306: INFO: data_cleaning: Cleaning the data]
[2024-12-02 23:57:13,307: INFO: data_cleaning: (400, 25)]
[2024-12-02 23:57:13,307: INFO: main: >>>>>> stage Data Cleaning stage completed <<<<<< 

x==========x]
[2024-12-02 23:57:13,307: INFO: main: >>>>>> stage Data Transformation stage started <<<<<<]
[2024-12-02 23:57:13,310: INFO: common: yaml file: config\config.yaml loaded successfully]
[2024-12-02 23:57:13,312: INFO: common: yaml file: params.yaml loaded successfully]
[2024-12-02 23:57:13,314: INFO: common: yaml file: schema.yaml loaded successfully]
[2024-12-02 23:57:13,315: INFO: common: created directory at: artifacts]
[2024-12-02 23:57:13,315: INFO: common: created directory at: artifacts/data_transformation]
[2024-12-02 23:57:13,392: INFO: data_transformation: Data transformation complete]
[2024-12-02 23:57:13,393: INFO: data_transformation: Data shape: (400, 25)]
[2024-12-02 23:57:13,394: INFO: main: >>>>>> stage Data Transformation stage completed <<<<<<

x==========x]
[2024-12-02 23:57:13,394: INFO: main: >>>>>> stage Data Spliting stage started <<<<<<]
[2024-12-02 23:57:13,397: INFO: common: yaml file: config\config.yaml loaded successfully]
[2024-12-02 23:57:13,398: INFO: common: yaml file: params.yaml loaded successfully]
[2024-12-02 23:57:13,400: INFO: common: yaml file: schema.yaml loaded successfully]
[2024-12-02 23:57:13,401: INFO: common: created directory at: artifacts]
[2024-12-02 23:57:13,402: INFO: common: created directory at: artifacts/data_training]
[2024-12-02 23:57:13,424: INFO: data_training: Splited data into training and test sets]
[2024-12-02 23:57:13,425: INFO: data_training: (300, 25)]
[2024-12-02 23:57:13,425: INFO: data_training: (100, 25)]
[2024-12-02 23:57:13,426: INFO: main: >>>>>> stage Data Spliting stage completed <<<<<<

x==========x]
[2024-12-02 23:57:13,426: INFO: main: >>>>>> stage Model Trainer stage started <<<<<<]
[2024-12-02 23:57:13,428: INFO: common: yaml file: config\config.yaml loaded successfully]
[2024-12-02 23:57:13,430: INFO: common: yaml file: params.yaml loaded successfully]
[2024-12-02 23:57:13,432: INFO: common: yaml file: schema.yaml loaded successfully]
[2024-12-02 23:57:13,434: INFO: common: created directory at: artifacts]
[2024-12-02 23:57:13,434: INFO: common: created directory at: artifacts/model_trainer]
[2024-12-02 23:57:13,467: INFO: main: >>>>>> stage Model Trainer stage completed <<<<<<

x==========x]
[2024-12-02 23:58:04,879: INFO: main: >>>>>> stage Data Ingestion stage started <<<<<<]
[2024-12-02 23:58:04,883: INFO: common: yaml file: config\config.yaml loaded successfully]
[2024-12-02 23:58:04,884: INFO: common: yaml file: params.yaml loaded successfully]
[2024-12-02 23:58:04,887: INFO: common: yaml file: schema.yaml loaded successfully]
[2024-12-02 23:58:04,887: INFO: common: created directory at: artifacts]
[2024-12-02 23:58:04,888: INFO: common: created directory at: artifacts/data_ingestion]
[2024-12-02 23:58:04,889: INFO: data_ingestion: File already exists of size: ~ 47 KB]
[2024-12-02 23:58:04,889: INFO: main: >>>>>> stage Data Ingestion stage completed <<<<<<

x==========x]
[2024-12-02 23:58:04,890: INFO: main: >>>>>> stage Data Validation stage started <<<<<<]
[2024-12-02 23:58:04,892: INFO: common: yaml file: config\config.yaml loaded successfully]
[2024-12-02 23:58:04,894: INFO: common: yaml file: params.yaml loaded successfully]
[2024-12-02 23:58:04,896: INFO: common: yaml file: schema.yaml loaded successfully]
[2024-12-02 23:58:04,896: INFO: common: created directory at: artifacts]
[2024-12-02 23:58:04,897: INFO: common: created directory at: artifacts/data_validation]
[2024-12-02 23:58:04,913: INFO: main: >>>>>> stage Data Validation stage completed <<<<<<

x==========x]
[2024-12-02 23:58:04,914: INFO: main: >>>>>> stage Data Cleaning stage started  <<<<<<]
[2024-12-02 23:58:04,917: INFO: common: yaml file: config\config.yaml loaded successfully]
[2024-12-02 23:58:04,918: INFO: common: yaml file: params.yaml loaded successfully]
[2024-12-02 23:58:04,922: INFO: common: yaml file: schema.yaml loaded successfully]
[2024-12-02 23:58:04,923: INFO: common: created directory at: artifacts]
[2024-12-02 23:58:04,923: INFO: common: created directory at: artifacts/data_cleaning]
[2024-12-02 23:58:04,958: INFO: data_cleaning: Cleaning the data]
[2024-12-02 23:58:04,958: INFO: data_cleaning: (400, 25)]
[2024-12-02 23:58:04,958: INFO: main: >>>>>> stage Data Cleaning stage completed <<<<<< 

x==========x]
[2024-12-02 23:58:04,959: INFO: main: >>>>>> stage Data Transformation stage started <<<<<<]
[2024-12-02 23:58:04,962: INFO: common: yaml file: config\config.yaml loaded successfully]
[2024-12-02 23:58:04,965: INFO: common: yaml file: params.yaml loaded successfully]
[2024-12-02 23:58:04,967: INFO: common: yaml file: schema.yaml loaded successfully]
[2024-12-02 23:58:04,968: INFO: common: created directory at: artifacts]
[2024-12-02 23:58:04,969: INFO: common: created directory at: artifacts/data_transformation]
[2024-12-02 23:58:05,046: INFO: data_transformation: Data transformation complete]
[2024-12-02 23:58:05,046: INFO: data_transformation: Data shape: (400, 25)]
[2024-12-02 23:58:05,047: INFO: main: >>>>>> stage Data Transformation stage completed <<<<<<

x==========x]
[2024-12-02 23:58:05,047: INFO: main: >>>>>> stage Data Spliting stage started <<<<<<]
[2024-12-02 23:58:05,049: INFO: common: yaml file: config\config.yaml loaded successfully]
[2024-12-02 23:58:05,051: INFO: common: yaml file: params.yaml loaded successfully]
[2024-12-02 23:58:05,054: INFO: common: yaml file: schema.yaml loaded successfully]
[2024-12-02 23:58:05,054: INFO: common: created directory at: artifacts]
[2024-12-02 23:58:05,055: INFO: common: created directory at: artifacts/data_training]
[2024-12-02 23:58:05,078: INFO: data_training: Splited data into training and test sets]
[2024-12-02 23:58:05,079: INFO: data_training: (300, 25)]
[2024-12-02 23:58:05,079: INFO: data_training: (100, 25)]
[2024-12-02 23:58:05,080: INFO: main: >>>>>> stage Data Spliting stage completed <<<<<<

x==========x]
[2024-12-02 23:58:05,081: INFO: main: >>>>>> stage Model Trainer stage started <<<<<<]
[2024-12-02 23:58:05,083: INFO: common: yaml file: config\config.yaml loaded successfully]
[2024-12-02 23:58:05,084: INFO: common: yaml file: params.yaml loaded successfully]
[2024-12-02 23:58:05,087: INFO: common: yaml file: schema.yaml loaded successfully]
[2024-12-02 23:58:05,088: INFO: common: created directory at: artifacts]
[2024-12-02 23:58:05,089: INFO: common: created directory at: artifacts/model_trainer]
[2024-12-02 23:58:05,117: INFO: main: >>>>>> stage Model Trainer stage completed <<<<<<

x==========x]
[2024-12-02 23:58:05,118: INFO: main: >>>>>> stage Model evaluation stage started <<<<<<]
[2024-12-02 23:58:05,120: INFO: common: yaml file: config\config.yaml loaded successfully]
[2024-12-02 23:58:05,121: INFO: common: yaml file: params.yaml loaded successfully]
[2024-12-02 23:58:05,123: INFO: common: yaml file: schema.yaml loaded successfully]
[2024-12-02 23:58:05,125: INFO: common: created directory at: artifacts]
[2024-12-02 23:58:05,125: ERROR: main: "'ConfigBox' object has no attribute 'model_evaluation'"]
Traceback (most recent call last):
  File "C:\Users\Lenovo\AppData\Local\Programs\Python\Python311\Lib\site-packages\box\box.py", line 503, in __getitem__
    return super().__getitem__(item)
           ^^^^^^^^^^^^^^^^^^^^^^^^^
KeyError: 'model_evaluation'

The above exception was the direct cause of the following exception:

Traceback (most recent call last):
  File "C:\Users\Lenovo\AppData\Local\Programs\Python\Python311\Lib\site-packages\box\box.py", line 536, in __getattr__
    value = self.__getitem__(item, _ignore_default=True)
            ^^^^^^^^^^^^^^^^^^^^^^^^^^^^^^^^^^^^^^^^^^^^
  File "C:\Users\Lenovo\AppData\Local\Programs\Python\Python311\Lib\site-packages\box\box.py", line 524, in __getitem__
    raise BoxKeyError(str(err)) from _exception_cause(err)
box.exceptions.BoxKeyError: "'model_evaluation'"

During handling of the above exception, another exception occurred:

Traceback (most recent call last):
  File "C:\Users\Lenovo\AppData\Local\Programs\Python\Python311\Lib\site-packages\box\box.py", line 538, in __getattr__
    value = object.__getattribute__(self, item)
            ^^^^^^^^^^^^^^^^^^^^^^^^^^^^^^^^^^^
AttributeError: 'ConfigBox' object has no attribute 'model_evaluation'

The above exception was the direct cause of the following exception:

Traceback (most recent call last):
  File "C:\Users\Lenovo\AppData\Local\Programs\Python\Python311\Lib\site-packages\box\config_box.py", line 28, in __getattr__
    return super().__getattr__(item)
           ^^^^^^^^^^^^^^^^^^^^^^^^^
  File "C:\Users\Lenovo\AppData\Local\Programs\Python\Python311\Lib\site-packages\box\box.py", line 552, in __getattr__
    raise BoxKeyError(str(err)) from _exception_cause(err)
box.exceptions.BoxKeyError: "'ConfigBox' object has no attribute 'model_evaluation'"

During handling of the above exception, another exception occurred:

Traceback (most recent call last):
  File "C:\Users\Lenovo\AppData\Local\Programs\Python\Python311\Lib\site-packages\box\box.py", line 503, in __getitem__
    return super().__getitem__(item)
           ^^^^^^^^^^^^^^^^^^^^^^^^^
KeyError: 'model_evaluation'

The above exception was the direct cause of the following exception:

Traceback (most recent call last):
  File "C:\Users\Lenovo\AppData\Local\Programs\Python\Python311\Lib\site-packages\box\box.py", line 536, in __getattr__
    value = self.__getitem__(item, _ignore_default=True)
            ^^^^^^^^^^^^^^^^^^^^^^^^^^^^^^^^^^^^^^^^^^^^
  File "C:\Users\Lenovo\AppData\Local\Programs\Python\Python311\Lib\site-packages\box\box.py", line 524, in __getitem__
    raise BoxKeyError(str(err)) from _exception_cause(err)
box.exceptions.BoxKeyError: "'model_evaluation'"

During handling of the above exception, another exception occurred:

Traceback (most recent call last):
  File "C:\Users\Lenovo\AppData\Local\Programs\Python\Python311\Lib\site-packages\box\box.py", line 538, in __getattr__
    value = object.__getattribute__(self, item)
            ^^^^^^^^^^^^^^^^^^^^^^^^^^^^^^^^^^^
AttributeError: 'ConfigBox' object has no attribute 'model_evaluation'

The above exception was the direct cause of the following exception:

Traceback (most recent call last):
  File "C:\Users\Lenovo\Desktop\mlProject\main.py", line 81, in <module>
    data_ingestion.main()
  File "C:\Users\Lenovo\Desktop\mlProject\src\mlProject\pipeline\stage_07_model_evaluation.py", line 15, in main
    model_evaluation_config = config.get_model_evaluation_config()
                              ^^^^^^^^^^^^^^^^^^^^^^^^^^^^^^^^^^^^
  File "C:\Users\Lenovo\Desktop\mlProject\src\mlProject\config\configuration.py", line 114, in get_model_evaluation_config
    config = self.config.model_evaluation
             ^^^^^^^^^^^^^^^^^^^^^^^^^^^^
  File "C:\Users\Lenovo\AppData\Local\Programs\Python\Python311\Lib\site-packages\box\config_box.py", line 30, in __getattr__
    return super().__getattr__(item.lower())
           ^^^^^^^^^^^^^^^^^^^^^^^^^^^^^^^^^
  File "C:\Users\Lenovo\AppData\Local\Programs\Python\Python311\Lib\site-packages\box\box.py", line 552, in __getattr__
    raise BoxKeyError(str(err)) from _exception_cause(err)
box.exceptions.BoxKeyError: "'ConfigBox' object has no attribute 'model_evaluation'"
[2024-12-02 23:58:43,850: INFO: main: >>>>>> stage Data Ingestion stage started <<<<<<]
[2024-12-02 23:58:43,854: INFO: common: yaml file: config\config.yaml loaded successfully]
[2024-12-02 23:58:43,855: INFO: common: yaml file: params.yaml loaded successfully]
[2024-12-02 23:58:43,858: INFO: common: yaml file: schema.yaml loaded successfully]
[2024-12-02 23:58:43,858: INFO: common: created directory at: artifacts]
[2024-12-02 23:58:43,858: INFO: common: created directory at: artifacts/data_ingestion]
[2024-12-02 23:58:43,859: INFO: data_ingestion: File already exists of size: ~ 47 KB]
[2024-12-02 23:58:43,859: INFO: main: >>>>>> stage Data Ingestion stage completed <<<<<<

x==========x]
[2024-12-02 23:58:43,859: INFO: main: >>>>>> stage Data Validation stage started <<<<<<]
[2024-12-02 23:58:43,862: INFO: common: yaml file: config\config.yaml loaded successfully]
[2024-12-02 23:58:43,863: INFO: common: yaml file: params.yaml loaded successfully]
[2024-12-02 23:58:43,866: INFO: common: yaml file: schema.yaml loaded successfully]
[2024-12-02 23:58:43,866: INFO: common: created directory at: artifacts]
[2024-12-02 23:58:43,868: INFO: common: created directory at: artifacts/data_validation]
[2024-12-02 23:58:43,885: INFO: main: >>>>>> stage Data Validation stage completed <<<<<<

x==========x]
[2024-12-02 23:58:43,886: INFO: main: >>>>>> stage Data Cleaning stage started  <<<<<<]
[2024-12-02 23:58:43,890: INFO: common: yaml file: config\config.yaml loaded successfully]
[2024-12-02 23:58:43,892: INFO: common: yaml file: params.yaml loaded successfully]
[2024-12-02 23:58:43,894: INFO: common: yaml file: schema.yaml loaded successfully]
[2024-12-02 23:58:43,895: INFO: common: created directory at: artifacts]
[2024-12-02 23:58:43,896: INFO: common: created directory at: artifacts/data_cleaning]
[2024-12-02 23:58:43,928: INFO: data_cleaning: Cleaning the data]
[2024-12-02 23:58:43,928: INFO: data_cleaning: (400, 25)]
[2024-12-02 23:58:43,929: INFO: main: >>>>>> stage Data Cleaning stage completed <<<<<< 

x==========x]
[2024-12-02 23:58:43,930: INFO: main: >>>>>> stage Data Transformation stage started <<<<<<]
[2024-12-02 23:58:43,933: INFO: common: yaml file: config\config.yaml loaded successfully]
[2024-12-02 23:58:43,934: INFO: common: yaml file: params.yaml loaded successfully]
[2024-12-02 23:58:43,937: INFO: common: yaml file: schema.yaml loaded successfully]
[2024-12-02 23:58:43,938: INFO: common: created directory at: artifacts]
[2024-12-02 23:58:43,939: INFO: common: created directory at: artifacts/data_transformation]
[2024-12-02 23:58:44,009: INFO: data_transformation: Data transformation complete]
[2024-12-02 23:58:44,009: INFO: data_transformation: Data shape: (400, 25)]
[2024-12-02 23:58:44,010: INFO: main: >>>>>> stage Data Transformation stage completed <<<<<<

x==========x]
[2024-12-02 23:58:44,010: INFO: main: >>>>>> stage Data Spliting stage started <<<<<<]
[2024-12-02 23:58:44,013: INFO: common: yaml file: config\config.yaml loaded successfully]
[2024-12-02 23:58:44,014: INFO: common: yaml file: params.yaml loaded successfully]
[2024-12-02 23:58:44,017: INFO: common: yaml file: schema.yaml loaded successfully]
[2024-12-02 23:58:44,018: INFO: common: created directory at: artifacts]
[2024-12-02 23:58:44,019: INFO: common: created directory at: artifacts/data_training]
[2024-12-02 23:58:44,044: INFO: data_training: Splited data into training and test sets]
[2024-12-02 23:58:44,044: INFO: data_training: (300, 25)]
[2024-12-02 23:58:44,046: INFO: data_training: (100, 25)]
[2024-12-02 23:58:44,046: INFO: main: >>>>>> stage Data Spliting stage completed <<<<<<

x==========x]
[2024-12-02 23:58:44,047: INFO: main: >>>>>> stage Model Trainer stage started <<<<<<]
[2024-12-02 23:58:44,050: INFO: common: yaml file: config\config.yaml loaded successfully]
[2024-12-02 23:58:44,052: INFO: common: yaml file: params.yaml loaded successfully]
[2024-12-02 23:58:44,055: INFO: common: yaml file: schema.yaml loaded successfully]
[2024-12-02 23:58:44,056: INFO: common: created directory at: artifacts]
[2024-12-02 23:58:44,057: INFO: common: created directory at: artifacts/model_trainer]
[2024-12-02 23:58:44,090: INFO: main: >>>>>> stage Model Trainer stage completed <<<<<<

x==========x]
[2024-12-02 23:58:44,091: INFO: main: >>>>>> stage Model evaluation stage started <<<<<<]
[2024-12-02 23:58:44,094: INFO: common: yaml file: config\config.yaml loaded successfully]
[2024-12-02 23:58:44,095: INFO: common: yaml file: params.yaml loaded successfully]
[2024-12-02 23:58:44,098: INFO: common: yaml file: schema.yaml loaded successfully]
[2024-12-02 23:58:44,099: INFO: common: created directory at: artifacts]
[2024-12-02 23:58:44,099: INFO: common: created directory at: artifacts/model_evaluation]
[2024-12-02 23:58:44,617: ERROR: main: name 'save_json' is not defined]
Traceback (most recent call last):
  File "C:\Users\Lenovo\Desktop\mlProject\main.py", line 81, in <module>
    data_ingestion.main()
  File "C:\Users\Lenovo\Desktop\mlProject\src\mlProject\pipeline\stage_07_model_evaluation.py", line 17, in main
    model_evaluation_config.log_into_mlflow()
  File "C:\Users\Lenovo\Desktop\mlProject\src\mlProject\components\model_evaluation.py", line 42, in log_into_mlflow
    save_json(path=Path(self.config.metric_file_name), data=scores)
    ^^^^^^^^^
NameError: name 'save_json' is not defined
[2024-12-02 23:59:19,400: INFO: main: >>>>>> stage Data Ingestion stage started <<<<<<]
[2024-12-02 23:59:19,404: INFO: common: yaml file: config\config.yaml loaded successfully]
[2024-12-02 23:59:19,405: INFO: common: yaml file: params.yaml loaded successfully]
[2024-12-02 23:59:19,408: INFO: common: yaml file: schema.yaml loaded successfully]
[2024-12-02 23:59:19,408: INFO: common: created directory at: artifacts]
[2024-12-02 23:59:19,409: INFO: common: created directory at: artifacts/data_ingestion]
[2024-12-02 23:59:19,410: INFO: data_ingestion: File already exists of size: ~ 47 KB]
[2024-12-02 23:59:19,410: INFO: main: >>>>>> stage Data Ingestion stage completed <<<<<<

x==========x]
[2024-12-02 23:59:19,411: INFO: main: >>>>>> stage Data Validation stage started <<<<<<]
[2024-12-02 23:59:19,414: INFO: common: yaml file: config\config.yaml loaded successfully]
[2024-12-02 23:59:19,416: INFO: common: yaml file: params.yaml loaded successfully]
[2024-12-02 23:59:19,420: INFO: common: yaml file: schema.yaml loaded successfully]
[2024-12-02 23:59:19,421: INFO: common: created directory at: artifacts]
[2024-12-02 23:59:19,421: INFO: common: created directory at: artifacts/data_validation]
[2024-12-02 23:59:19,434: INFO: main: >>>>>> stage Data Validation stage completed <<<<<<

x==========x]
[2024-12-02 23:59:19,434: INFO: main: >>>>>> stage Data Cleaning stage started  <<<<<<]
[2024-12-02 23:59:19,440: INFO: common: yaml file: config\config.yaml loaded successfully]
[2024-12-02 23:59:19,441: INFO: common: yaml file: params.yaml loaded successfully]
[2024-12-02 23:59:19,444: INFO: common: yaml file: schema.yaml loaded successfully]
[2024-12-02 23:59:19,444: INFO: common: created directory at: artifacts]
[2024-12-02 23:59:19,445: INFO: common: created directory at: artifacts/data_cleaning]
[2024-12-02 23:59:19,477: INFO: data_cleaning: Cleaning the data]
[2024-12-02 23:59:19,478: INFO: data_cleaning: (400, 25)]
[2024-12-02 23:59:19,478: INFO: main: >>>>>> stage Data Cleaning stage completed <<<<<< 

x==========x]
[2024-12-02 23:59:19,479: INFO: main: >>>>>> stage Data Transformation stage started <<<<<<]
[2024-12-02 23:59:19,482: INFO: common: yaml file: config\config.yaml loaded successfully]
[2024-12-02 23:59:19,483: INFO: common: yaml file: params.yaml loaded successfully]
[2024-12-02 23:59:19,486: INFO: common: yaml file: schema.yaml loaded successfully]
[2024-12-02 23:59:19,487: INFO: common: created directory at: artifacts]
[2024-12-02 23:59:19,489: INFO: common: created directory at: artifacts/data_transformation]
[2024-12-02 23:59:19,557: INFO: data_transformation: Data transformation complete]
[2024-12-02 23:59:19,557: INFO: data_transformation: Data shape: (400, 25)]
[2024-12-02 23:59:19,557: INFO: main: >>>>>> stage Data Transformation stage completed <<<<<<

x==========x]
[2024-12-02 23:59:19,558: INFO: main: >>>>>> stage Data Spliting stage started <<<<<<]
[2024-12-02 23:59:19,560: INFO: common: yaml file: config\config.yaml loaded successfully]
[2024-12-02 23:59:19,562: INFO: common: yaml file: params.yaml loaded successfully]
[2024-12-02 23:59:19,564: INFO: common: yaml file: schema.yaml loaded successfully]
[2024-12-02 23:59:19,565: INFO: common: created directory at: artifacts]
[2024-12-02 23:59:19,566: INFO: common: created directory at: artifacts/data_training]
[2024-12-02 23:59:19,588: INFO: data_training: Splited data into training and test sets]
[2024-12-02 23:59:19,588: INFO: data_training: (300, 25)]
[2024-12-02 23:59:19,589: INFO: data_training: (100, 25)]
[2024-12-02 23:59:19,590: INFO: main: >>>>>> stage Data Spliting stage completed <<<<<<

x==========x]
[2024-12-02 23:59:19,590: INFO: main: >>>>>> stage Model Trainer stage started <<<<<<]
[2024-12-02 23:59:19,593: INFO: common: yaml file: config\config.yaml loaded successfully]
[2024-12-02 23:59:19,595: INFO: common: yaml file: params.yaml loaded successfully]
[2024-12-02 23:59:19,599: INFO: common: yaml file: schema.yaml loaded successfully]
[2024-12-02 23:59:19,599: INFO: common: created directory at: artifacts]
[2024-12-02 23:59:19,599: INFO: common: created directory at: artifacts/model_trainer]
[2024-12-02 23:59:19,626: INFO: main: >>>>>> stage Model Trainer stage completed <<<<<<

x==========x]
[2024-12-02 23:59:19,627: INFO: main: >>>>>> stage Model evaluation stage started <<<<<<]
[2024-12-02 23:59:19,629: INFO: common: yaml file: config\config.yaml loaded successfully]
[2024-12-02 23:59:19,631: INFO: common: yaml file: params.yaml loaded successfully]
[2024-12-02 23:59:19,634: INFO: common: yaml file: schema.yaml loaded successfully]
[2024-12-02 23:59:19,635: INFO: common: created directory at: artifacts]
[2024-12-02 23:59:19,635: INFO: common: created directory at: artifacts/model_evaluation]
[2024-12-02 23:59:20,005: INFO: common: json file saved at: artifacts\model_evaluation\metrics.json]
[2024-12-02 23:59:26,807: INFO: main: >>>>>> stage Model evaluation stage completed <<<<<<

x==========x]
[2024-12-03 00:00:49,366: INFO: main: >>>>>> stage Data Ingestion stage started <<<<<<]
[2024-12-03 00:00:49,369: INFO: common: yaml file: config\config.yaml loaded successfully]
[2024-12-03 00:00:49,371: INFO: common: yaml file: params.yaml loaded successfully]
[2024-12-03 00:00:49,373: INFO: common: yaml file: schema.yaml loaded successfully]
[2024-12-03 00:00:49,374: INFO: common: created directory at: artifacts]
[2024-12-03 00:00:49,374: INFO: common: created directory at: artifacts/data_ingestion]
[2024-12-03 00:00:49,374: INFO: data_ingestion: File already exists of size: ~ 47 KB]
[2024-12-03 00:00:49,375: INFO: main: >>>>>> stage Data Ingestion stage completed <<<<<<

x==========x]
[2024-12-03 00:00:49,375: INFO: main: >>>>>> stage Data Validation stage started <<<<<<]
[2024-12-03 00:00:49,377: INFO: common: yaml file: config\config.yaml loaded successfully]
[2024-12-03 00:00:49,378: INFO: common: yaml file: params.yaml loaded successfully]
[2024-12-03 00:00:49,381: INFO: common: yaml file: schema.yaml loaded successfully]
[2024-12-03 00:00:49,381: INFO: common: created directory at: artifacts]
[2024-12-03 00:00:49,382: INFO: common: created directory at: artifacts/data_validation]
[2024-12-03 00:00:49,395: INFO: main: >>>>>> stage Data Validation stage completed <<<<<<

x==========x]
[2024-12-03 00:00:49,395: INFO: main: >>>>>> stage Data Cleaning stage started  <<<<<<]
[2024-12-03 00:00:49,399: INFO: common: yaml file: config\config.yaml loaded successfully]
[2024-12-03 00:00:49,401: INFO: common: yaml file: params.yaml loaded successfully]
[2024-12-03 00:00:49,404: INFO: common: yaml file: schema.yaml loaded successfully]
[2024-12-03 00:00:49,404: INFO: common: created directory at: artifacts]
[2024-12-03 00:00:49,405: INFO: common: created directory at: artifacts/data_cleaning]
[2024-12-03 00:00:49,438: INFO: data_cleaning: Cleaning the data]
[2024-12-03 00:00:49,438: INFO: data_cleaning: (400, 25)]
[2024-12-03 00:00:49,439: INFO: main: >>>>>> stage Data Cleaning stage completed <<<<<< 

x==========x]
[2024-12-03 00:00:49,439: INFO: main: >>>>>> stage Data Transformation stage started <<<<<<]
[2024-12-03 00:00:49,443: INFO: common: yaml file: config\config.yaml loaded successfully]
[2024-12-03 00:00:49,445: INFO: common: yaml file: params.yaml loaded successfully]
[2024-12-03 00:00:49,447: INFO: common: yaml file: schema.yaml loaded successfully]
[2024-12-03 00:00:49,448: INFO: common: created directory at: artifacts]
[2024-12-03 00:00:49,449: INFO: common: created directory at: artifacts/data_transformation]
[2024-12-03 00:00:49,518: INFO: data_transformation: Data transformation complete]
[2024-12-03 00:00:49,518: INFO: data_transformation: Data shape: (400, 25)]
[2024-12-03 00:00:49,519: INFO: main: >>>>>> stage Data Transformation stage completed <<<<<<

x==========x]
[2024-12-03 00:00:49,519: INFO: main: >>>>>> stage Data Spliting stage started <<<<<<]
[2024-12-03 00:00:49,522: INFO: common: yaml file: config\config.yaml loaded successfully]
[2024-12-03 00:00:49,524: INFO: common: yaml file: params.yaml loaded successfully]
[2024-12-03 00:00:49,527: INFO: common: yaml file: schema.yaml loaded successfully]
[2024-12-03 00:00:49,527: INFO: common: created directory at: artifacts]
[2024-12-03 00:00:49,528: INFO: common: created directory at: artifacts/data_training]
[2024-12-03 00:00:49,550: INFO: data_training: Splited data into training and test sets]
[2024-12-03 00:00:49,550: INFO: data_training: (300, 25)]
[2024-12-03 00:00:49,550: INFO: data_training: (100, 25)]
[2024-12-03 00:00:49,552: INFO: main: >>>>>> stage Data Spliting stage completed <<<<<<

x==========x]
[2024-12-03 00:00:49,553: INFO: main: >>>>>> stage Model Trainer stage started <<<<<<]
[2024-12-03 00:00:49,556: INFO: common: yaml file: config\config.yaml loaded successfully]
[2024-12-03 00:00:49,558: INFO: common: yaml file: params.yaml loaded successfully]
[2024-12-03 00:00:49,561: INFO: common: yaml file: schema.yaml loaded successfully]
[2024-12-03 00:00:49,561: INFO: common: created directory at: artifacts]
[2024-12-03 00:00:49,562: INFO: common: created directory at: artifacts/model_trainer]
[2024-12-03 00:00:49,592: INFO: main: >>>>>> stage Model Trainer stage completed <<<<<<

x==========x]
[2024-12-03 00:00:49,593: INFO: main: >>>>>> stage Model evaluation stage started <<<<<<]
[2024-12-03 00:00:49,596: INFO: common: yaml file: config\config.yaml loaded successfully]
[2024-12-03 00:00:49,597: INFO: common: yaml file: params.yaml loaded successfully]
[2024-12-03 00:00:49,600: INFO: common: yaml file: schema.yaml loaded successfully]
[2024-12-03 00:00:49,601: INFO: common: created directory at: artifacts]
[2024-12-03 00:00:49,601: INFO: common: created directory at: artifacts/model_evaluation]
[2024-12-03 00:00:50,468: INFO: common: json file saved at: artifacts\model_evaluation\metrics.json]
[2024-12-03 00:01:02,247: INFO: main: >>>>>> stage Model evaluation stage completed <<<<<<

x==========x]
[2024-12-03 00:53:01,557: INFO: main: >>>>>> stage Data Ingestion stage started <<<<<<]
[2024-12-03 00:53:01,561: INFO: common: yaml file: config\config.yaml loaded successfully]
[2024-12-03 00:53:01,562: INFO: common: yaml file: params.yaml loaded successfully]
[2024-12-03 00:53:01,565: INFO: common: yaml file: schema.yaml loaded successfully]
[2024-12-03 00:53:01,565: INFO: common: created directory at: artifacts]
[2024-12-03 00:53:01,565: INFO: common: created directory at: artifacts/data_ingestion]
[2024-12-03 00:53:01,566: INFO: data_ingestion: File already exists of size: ~ 47 KB]
[2024-12-03 00:53:01,566: INFO: main: >>>>>> stage Data Ingestion stage completed <<<<<<

x==========x]
[2024-12-03 00:53:01,567: INFO: main: >>>>>> stage Data Validation stage started <<<<<<]
[2024-12-03 00:53:01,569: INFO: common: yaml file: config\config.yaml loaded successfully]
[2024-12-03 00:53:01,571: INFO: common: yaml file: params.yaml loaded successfully]
[2024-12-03 00:53:01,573: INFO: common: yaml file: schema.yaml loaded successfully]
[2024-12-03 00:53:01,573: INFO: common: created directory at: artifacts]
[2024-12-03 00:53:01,573: INFO: common: created directory at: artifacts/data_validation]
[2024-12-03 00:53:01,597: INFO: main: >>>>>> stage Data Validation stage completed <<<<<<

x==========x]
[2024-12-03 00:53:01,597: INFO: main: >>>>>> stage Data Cleaning stage started  <<<<<<]
[2024-12-03 00:53:01,601: INFO: common: yaml file: config\config.yaml loaded successfully]
[2024-12-03 00:53:01,602: INFO: common: yaml file: params.yaml loaded successfully]
[2024-12-03 00:53:01,605: INFO: common: yaml file: schema.yaml loaded successfully]
[2024-12-03 00:53:01,605: INFO: common: created directory at: artifacts]
[2024-12-03 00:53:01,605: INFO: common: created directory at: artifacts/data_cleaning]
[2024-12-03 00:53:01,653: INFO: data_cleaning: Cleaning the data]
[2024-12-03 00:53:01,653: INFO: data_cleaning: (400, 25)]
[2024-12-03 00:53:01,653: INFO: main: >>>>>> stage Data Cleaning stage completed <<<<<< 

x==========x]
[2024-12-03 00:53:01,653: INFO: main: >>>>>> stage Data Transformation stage started <<<<<<]
[2024-12-03 00:53:01,656: INFO: common: yaml file: config\config.yaml loaded successfully]
[2024-12-03 00:53:01,657: INFO: common: yaml file: params.yaml loaded successfully]
[2024-12-03 00:53:01,660: INFO: common: yaml file: schema.yaml loaded successfully]
[2024-12-03 00:53:01,661: INFO: common: created directory at: artifacts]
[2024-12-03 00:53:01,662: INFO: common: created directory at: artifacts/data_transformation]
[2024-12-03 00:53:01,755: INFO: data_transformation: Data transformation complete]
[2024-12-03 00:53:01,757: INFO: data_transformation: Data shape: (400, 25)]
[2024-12-03 00:53:01,757: INFO: main: >>>>>> stage Data Transformation stage completed <<<<<<

x==========x]
[2024-12-03 00:53:01,758: INFO: main: >>>>>> stage Data Spliting stage started <<<<<<]
[2024-12-03 00:53:01,761: INFO: common: yaml file: config\config.yaml loaded successfully]
[2024-12-03 00:53:01,763: INFO: common: yaml file: params.yaml loaded successfully]
[2024-12-03 00:53:01,765: INFO: common: yaml file: schema.yaml loaded successfully]
[2024-12-03 00:53:01,766: INFO: common: created directory at: artifacts]
[2024-12-03 00:53:01,766: INFO: common: created directory at: artifacts/data_training]
[2024-12-03 00:53:01,791: INFO: data_training: Splited data into training and test sets]
[2024-12-03 00:53:01,791: INFO: data_training: (300, 25)]
[2024-12-03 00:53:01,792: INFO: data_training: (100, 25)]
[2024-12-03 00:53:01,793: INFO: main: >>>>>> stage Data Spliting stage completed <<<<<<

x==========x]
[2024-12-03 00:53:01,794: INFO: main: >>>>>> stage Model Trainer stage started <<<<<<]
[2024-12-03 00:53:01,796: INFO: common: yaml file: config\config.yaml loaded successfully]
[2024-12-03 00:53:01,797: INFO: common: yaml file: params.yaml loaded successfully]
[2024-12-03 00:53:01,800: INFO: common: yaml file: schema.yaml loaded successfully]
[2024-12-03 00:53:01,801: INFO: common: created directory at: artifacts]
[2024-12-03 00:53:01,802: INFO: common: created directory at: artifacts/model_trainer]
[2024-12-03 00:53:01,836: INFO: main: >>>>>> stage Model Trainer stage completed <<<<<<

x==========x]
[2024-12-03 00:53:01,837: INFO: main: >>>>>> stage Model evaluation stage started <<<<<<]
[2024-12-03 00:53:01,839: INFO: common: yaml file: config\config.yaml loaded successfully]
[2024-12-03 00:53:01,842: INFO: common: yaml file: params.yaml loaded successfully]
[2024-12-03 00:53:01,845: INFO: common: yaml file: schema.yaml loaded successfully]
[2024-12-03 00:53:01,846: INFO: common: created directory at: artifacts]
[2024-12-03 00:53:01,846: INFO: common: created directory at: artifacts/model_evaluation]
[2024-12-03 00:53:02,386: INFO: common: json file saved at: artifacts\model_evaluation\metrics.json]
[2024-12-03 00:53:09,723: INFO: main: >>>>>> stage Model evaluation stage completed <<<<<<

x==========x]
[2024-12-03 00:55:48,450: INFO: main: >>>>>> stage Data Ingestion stage started <<<<<<]
[2024-12-03 00:55:48,455: INFO: common: yaml file: config\config.yaml loaded successfully]
[2024-12-03 00:55:48,457: INFO: common: yaml file: params.yaml loaded successfully]
[2024-12-03 00:55:48,460: INFO: common: yaml file: schema.yaml loaded successfully]
[2024-12-03 00:55:48,460: INFO: common: created directory at: artifacts]
[2024-12-03 00:55:48,461: INFO: common: created directory at: artifacts/data_ingestion]
[2024-12-03 00:55:48,462: INFO: data_ingestion: File already exists of size: ~ 47 KB]
[2024-12-03 00:55:48,462: INFO: main: >>>>>> stage Data Ingestion stage completed <<<<<<

x==========x]
[2024-12-03 00:55:48,462: INFO: main: >>>>>> stage Data Validation stage started <<<<<<]
[2024-12-03 00:55:48,465: INFO: common: yaml file: config\config.yaml loaded successfully]
[2024-12-03 00:55:48,467: INFO: common: yaml file: params.yaml loaded successfully]
[2024-12-03 00:55:48,469: INFO: common: yaml file: schema.yaml loaded successfully]
[2024-12-03 00:55:48,471: INFO: common: created directory at: artifacts]
[2024-12-03 00:55:48,472: INFO: common: created directory at: artifacts/data_validation]
[2024-12-03 00:55:48,486: INFO: main: >>>>>> stage Data Validation stage completed <<<<<<

x==========x]
[2024-12-03 00:55:48,486: INFO: main: >>>>>> stage Data Cleaning stage started  <<<<<<]
[2024-12-03 00:55:48,491: INFO: common: yaml file: config\config.yaml loaded successfully]
[2024-12-03 00:55:48,492: INFO: common: yaml file: params.yaml loaded successfully]
[2024-12-03 00:55:48,494: INFO: common: yaml file: schema.yaml loaded successfully]
[2024-12-03 00:55:48,495: INFO: common: created directory at: artifacts]
[2024-12-03 00:55:48,495: INFO: common: created directory at: artifacts/data_cleaning]
[2024-12-03 00:55:48,533: INFO: data_cleaning: Cleaning the data]
[2024-12-03 00:55:48,534: INFO: data_cleaning: (400, 25)]
[2024-12-03 00:55:48,534: INFO: main: >>>>>> stage Data Cleaning stage completed <<<<<< 

x==========x]
[2024-12-03 00:55:48,535: INFO: main: >>>>>> stage Data Transformation stage started <<<<<<]
[2024-12-03 00:55:48,537: INFO: common: yaml file: config\config.yaml loaded successfully]
[2024-12-03 00:55:48,539: INFO: common: yaml file: params.yaml loaded successfully]
[2024-12-03 00:55:48,542: INFO: common: yaml file: schema.yaml loaded successfully]
[2024-12-03 00:55:48,543: INFO: common: created directory at: artifacts]
[2024-12-03 00:55:48,543: INFO: common: created directory at: artifacts/data_transformation]
[2024-12-03 00:55:48,619: INFO: data_transformation: Data transformation complete]
[2024-12-03 00:55:48,619: INFO: data_transformation: Data shape: (400, 25)]
[2024-12-03 00:55:48,620: INFO: main: >>>>>> stage Data Transformation stage completed <<<<<<

x==========x]
[2024-12-03 00:55:48,620: INFO: main: >>>>>> stage Data Spliting stage started <<<<<<]
[2024-12-03 00:55:48,624: INFO: common: yaml file: config\config.yaml loaded successfully]
[2024-12-03 00:55:48,625: INFO: common: yaml file: params.yaml loaded successfully]
[2024-12-03 00:55:48,628: INFO: common: yaml file: schema.yaml loaded successfully]
[2024-12-03 00:55:48,629: INFO: common: created directory at: artifacts]
[2024-12-03 00:55:48,630: INFO: common: created directory at: artifacts/data_training]
[2024-12-03 00:55:48,653: INFO: data_training: Splited data into training and test sets]
[2024-12-03 00:55:48,653: INFO: data_training: (300, 25)]
[2024-12-03 00:55:48,654: INFO: data_training: (100, 25)]
[2024-12-03 00:55:48,655: INFO: main: >>>>>> stage Data Spliting stage completed <<<<<<

x==========x]
[2024-12-03 00:55:48,656: INFO: main: >>>>>> stage Model Trainer stage started <<<<<<]
[2024-12-03 00:55:48,659: INFO: common: yaml file: config\config.yaml loaded successfully]
[2024-12-03 00:55:48,661: INFO: common: yaml file: params.yaml loaded successfully]
[2024-12-03 00:55:48,664: INFO: common: yaml file: schema.yaml loaded successfully]
[2024-12-03 00:55:48,665: INFO: common: created directory at: artifacts]
[2024-12-03 00:55:48,666: INFO: common: created directory at: artifacts/model_trainer]
[2024-12-03 00:55:48,697: INFO: main: >>>>>> stage Model Trainer stage completed <<<<<<

x==========x]
[2024-12-03 00:55:48,698: INFO: main: >>>>>> stage Model evaluation stage started <<<<<<]
[2024-12-03 00:55:48,701: INFO: common: yaml file: config\config.yaml loaded successfully]
[2024-12-03 00:55:48,704: INFO: common: yaml file: params.yaml loaded successfully]
[2024-12-03 00:55:48,707: INFO: common: yaml file: schema.yaml loaded successfully]
[2024-12-03 00:55:48,708: INFO: common: created directory at: artifacts]
[2024-12-03 00:55:48,709: INFO: common: created directory at: artifacts/model_evaluation]
[2024-12-03 00:55:49,132: INFO: common: json file saved at: artifacts\model_evaluation\metrics.json]
[2024-12-03 00:55:55,087: INFO: main: >>>>>> stage Model evaluation stage completed <<<<<<

x==========x]
[2024-12-03 00:58:40,698: INFO: main: >>>>>> stage Data Ingestion stage started <<<<<<]
[2024-12-03 00:58:40,703: INFO: common: yaml file: config\config.yaml loaded successfully]
[2024-12-03 00:58:40,705: INFO: common: yaml file: params.yaml loaded successfully]
[2024-12-03 00:58:40,708: INFO: common: yaml file: schema.yaml loaded successfully]
[2024-12-03 00:58:40,709: INFO: common: created directory at: artifacts]
[2024-12-03 00:58:40,710: INFO: common: created directory at: artifacts/data_ingestion]
[2024-12-03 00:58:40,711: INFO: data_ingestion: File already exists of size: ~ 47 KB]
[2024-12-03 00:58:40,711: INFO: main: >>>>>> stage Data Ingestion stage completed <<<<<<

x==========x]
[2024-12-03 00:58:40,712: INFO: main: >>>>>> stage Data Validation stage started <<<<<<]
[2024-12-03 00:58:40,715: INFO: common: yaml file: config\config.yaml loaded successfully]
[2024-12-03 00:58:40,717: INFO: common: yaml file: params.yaml loaded successfully]
[2024-12-03 00:58:40,720: INFO: common: yaml file: schema.yaml loaded successfully]
[2024-12-03 00:58:40,721: INFO: common: created directory at: artifacts]
[2024-12-03 00:58:40,721: INFO: common: created directory at: artifacts/data_validation]
[2024-12-03 00:58:40,740: INFO: main: >>>>>> stage Data Validation stage completed <<<<<<

x==========x]
[2024-12-03 00:58:40,741: INFO: main: >>>>>> stage Data Cleaning stage started  <<<<<<]
[2024-12-03 00:58:40,746: INFO: common: yaml file: config\config.yaml loaded successfully]
[2024-12-03 00:58:40,748: INFO: common: yaml file: params.yaml loaded successfully]
[2024-12-03 00:58:40,752: INFO: common: yaml file: schema.yaml loaded successfully]
[2024-12-03 00:58:40,753: INFO: common: created directory at: artifacts]
[2024-12-03 00:58:40,754: INFO: common: created directory at: artifacts/data_cleaning]
[2024-12-03 00:58:40,800: INFO: data_cleaning: Cleaning the data]
[2024-12-03 00:58:40,800: INFO: data_cleaning: (400, 25)]
[2024-12-03 00:58:40,801: INFO: main: >>>>>> stage Data Cleaning stage completed <<<<<< 

x==========x]
[2024-12-03 00:58:40,801: INFO: main: >>>>>> stage Data Transformation stage started <<<<<<]
[2024-12-03 00:58:40,804: INFO: common: yaml file: config\config.yaml loaded successfully]
[2024-12-03 00:58:40,806: INFO: common: yaml file: params.yaml loaded successfully]
[2024-12-03 00:58:40,810: INFO: common: yaml file: schema.yaml loaded successfully]
[2024-12-03 00:58:40,811: INFO: common: created directory at: artifacts]
[2024-12-03 00:58:40,812: INFO: common: created directory at: artifacts/data_transformation]
[2024-12-03 00:58:40,890: INFO: data_transformation: Data transformation complete]
[2024-12-03 00:58:40,890: INFO: data_transformation: Data shape: (400, 25)]
[2024-12-03 00:58:40,891: INFO: main: >>>>>> stage Data Transformation stage completed <<<<<<

x==========x]
[2024-12-03 00:58:40,891: INFO: main: >>>>>> stage Data Spliting stage started <<<<<<]
[2024-12-03 00:58:40,894: INFO: common: yaml file: config\config.yaml loaded successfully]
[2024-12-03 00:58:40,896: INFO: common: yaml file: params.yaml loaded successfully]
[2024-12-03 00:58:40,899: INFO: common: yaml file: schema.yaml loaded successfully]
[2024-12-03 00:58:40,900: INFO: common: created directory at: artifacts]
[2024-12-03 00:58:40,900: INFO: common: created directory at: artifacts/data_training]
[2024-12-03 00:58:40,926: INFO: data_training: Splited data into training and test sets]
[2024-12-03 00:58:40,927: INFO: data_training: (300, 25)]
[2024-12-03 00:58:40,927: INFO: data_training: (100, 25)]
[2024-12-03 00:58:40,929: INFO: main: >>>>>> stage Data Spliting stage completed <<<<<<

x==========x]
[2024-12-03 00:58:40,929: INFO: main: >>>>>> stage Model Trainer stage started <<<<<<]
[2024-12-03 00:58:40,932: INFO: common: yaml file: config\config.yaml loaded successfully]
[2024-12-03 00:58:40,934: INFO: common: yaml file: params.yaml loaded successfully]
[2024-12-03 00:58:40,937: INFO: common: yaml file: schema.yaml loaded successfully]
[2024-12-03 00:58:40,937: INFO: common: created directory at: artifacts]
[2024-12-03 00:58:40,938: INFO: common: created directory at: artifacts/model_trainer]
[2024-12-03 00:58:40,972: INFO: main: >>>>>> stage Model Trainer stage completed <<<<<<

x==========x]
[2024-12-03 00:58:40,973: INFO: main: >>>>>> stage Model evaluation stage started <<<<<<]
[2024-12-03 00:58:40,977: INFO: common: yaml file: config\config.yaml loaded successfully]
[2024-12-03 00:58:40,979: INFO: common: yaml file: params.yaml loaded successfully]
[2024-12-03 00:58:40,981: INFO: common: yaml file: schema.yaml loaded successfully]
[2024-12-03 00:58:40,982: INFO: common: created directory at: artifacts]
[2024-12-03 00:58:40,983: INFO: common: created directory at: artifacts/model_evaluation]
[2024-12-03 00:58:41,455: INFO: common: json file saved at: artifacts\model_evaluation\metrics.json]
[2024-12-03 00:58:47,752: INFO: main: >>>>>> stage Model evaluation stage completed <<<<<<

x==========x]
[2024-12-03 14:18:36,877: INFO: main: >>>>>> stage Data Ingestion stage started <<<<<<]
[2024-12-03 14:18:36,902: INFO: common: yaml file: config\config.yaml loaded successfully]
[2024-12-03 14:18:36,903: INFO: common: yaml file: params.yaml loaded successfully]
[2024-12-03 14:18:36,905: INFO: common: yaml file: schema.yaml loaded successfully]
[2024-12-03 14:18:36,906: INFO: common: created directory at: artifacts]
[2024-12-03 14:18:36,906: INFO: common: created directory at: artifacts/data_ingestion]
[2024-12-03 14:18:36,907: INFO: data_ingestion: File already exists of size: ~ 48 KB]
[2024-12-03 14:18:36,908: INFO: main: >>>>>> stage Data Ingestion stage completed <<<<<<

x==========x]
[2024-12-03 14:18:36,908: INFO: main: >>>>>> stage Data Validation stage started <<<<<<]
[2024-12-03 14:18:36,910: INFO: common: yaml file: config\config.yaml loaded successfully]
[2024-12-03 14:18:36,912: INFO: common: yaml file: params.yaml loaded successfully]
[2024-12-03 14:18:36,915: INFO: common: yaml file: schema.yaml loaded successfully]
[2024-12-03 14:18:36,916: INFO: common: created directory at: artifacts]
[2024-12-03 14:18:36,916: INFO: common: created directory at: artifacts/data_validation]
[2024-12-03 14:18:36,941: INFO: main: >>>>>> stage Data Validation stage completed <<<<<<

x==========x]
[2024-12-03 14:18:36,943: INFO: main: >>>>>> stage Data Cleaning stage started  <<<<<<]
[2024-12-03 14:18:36,959: INFO: common: yaml file: config\config.yaml loaded successfully]
[2024-12-03 14:18:36,960: INFO: common: yaml file: params.yaml loaded successfully]
[2024-12-03 14:18:36,962: INFO: common: yaml file: schema.yaml loaded successfully]
[2024-12-03 14:18:36,963: INFO: common: created directory at: artifacts]
[2024-12-03 14:18:36,964: INFO: common: created directory at: artifacts/data_cleaning]
[2024-12-03 14:18:36,982: INFO: data_cleaning: Cleaning the data]
[2024-12-03 14:18:36,983: INFO: data_cleaning: (400, 25)]
[2024-12-03 14:18:36,983: INFO: main: >>>>>> stage Data Cleaning stage completed <<<<<< 

x==========x]
[2024-12-03 14:18:36,984: INFO: main: >>>>>> stage Data Transformation stage started <<<<<<]
[2024-12-03 14:18:36,986: INFO: common: yaml file: config\config.yaml loaded successfully]
[2024-12-03 14:18:36,987: INFO: common: yaml file: params.yaml loaded successfully]
[2024-12-03 14:18:36,989: INFO: common: yaml file: schema.yaml loaded successfully]
[2024-12-03 14:18:36,989: INFO: common: created directory at: artifacts]
[2024-12-03 14:18:36,990: INFO: common: created directory at: artifacts/data_transformation]
[2024-12-03 14:18:37,041: INFO: data_transformation: Data transformation complete]
[2024-12-03 14:18:37,042: INFO: data_transformation: Data shape: (400, 25)]
[2024-12-03 14:18:37,042: INFO: main: >>>>>> stage Data Transformation stage completed <<<<<<

x==========x]
[2024-12-03 14:18:37,043: INFO: main: >>>>>> stage Data Spliting stage started <<<<<<]
[2024-12-03 14:18:37,044: INFO: common: yaml file: config\config.yaml loaded successfully]
[2024-12-03 14:18:37,045: INFO: common: yaml file: params.yaml loaded successfully]
[2024-12-03 14:18:37,048: INFO: common: yaml file: schema.yaml loaded successfully]
[2024-12-03 14:18:37,049: INFO: common: created directory at: artifacts]
[2024-12-03 14:18:37,050: INFO: common: created directory at: artifacts/data_training]
[2024-12-03 14:18:37,089: INFO: data_training: Splited data into training and test sets]
[2024-12-03 14:18:37,090: INFO: data_training: (300, 25)]
[2024-12-03 14:18:37,090: INFO: data_training: (100, 25)]
[2024-12-03 14:18:37,091: INFO: main: >>>>>> stage Data Spliting stage completed <<<<<<

x==========x]
[2024-12-03 14:18:37,095: INFO: main: >>>>>> stage Model Trainer stage started <<<<<<]
[2024-12-03 14:18:37,098: INFO: common: yaml file: config\config.yaml loaded successfully]
[2024-12-03 14:18:37,099: INFO: common: yaml file: params.yaml loaded successfully]
[2024-12-03 14:18:37,102: INFO: common: yaml file: schema.yaml loaded successfully]
[2024-12-03 14:18:37,103: INFO: common: created directory at: artifacts]
[2024-12-03 14:18:37,103: INFO: common: created directory at: artifacts/model_trainer]
[2024-12-03 14:18:37,146: INFO: main: >>>>>> stage Model Trainer stage completed <<<<<<

x==========x]
[2024-12-03 14:18:37,147: INFO: main: >>>>>> stage Model evaluation stage started <<<<<<]
[2024-12-03 14:18:37,149: INFO: common: yaml file: config\config.yaml loaded successfully]
[2024-12-03 14:18:37,151: INFO: common: yaml file: params.yaml loaded successfully]
[2024-12-03 14:18:37,153: INFO: common: yaml file: schema.yaml loaded successfully]
[2024-12-03 14:18:37,153: INFO: common: created directory at: artifacts]
[2024-12-03 14:18:37,154: INFO: common: created directory at: artifacts/model_evaluation]
[2024-12-03 14:18:37,479: INFO: common: json file saved at: artifacts\model_evaluation\metrics.json]
[2024-12-03 14:18:40,353: ERROR: main: [WinError 5] Access is denied: 'C:\\Users\\Lenovo']
Traceback (most recent call last):
  File "C:\Users\MSI\dirassa\ML\mlProject\main.py", line 81, in <module>
    data_ingestion.main()
  File "C:\Users\MSI\dirassa\ML\mlProject\src\mlProject\pipeline\stage_07_model_evaluation.py", line 17, in main
    model_evaluation_config.log_into_mlflow()
  File "C:\Users\MSI\dirassa\ML\mlProject\src\mlProject\components\model_evaluation.py", line 63, in log_into_mlflow
    mlflow.sklearn.log_model(model, "model")
  File "C:\Users\MSI\AppData\Local\Programs\Python\Python311\Lib\site-packages\mlflow\sklearn\__init__.py", line 424, in log_model
    return Model.log(
           ^^^^^^^^^^
  File "C:\Users\MSI\AppData\Local\Programs\Python\Python311\Lib\site-packages\mlflow\models\model.py", line 552, in log
    mlflow.tracking.fluent.log_artifacts(local_path, mlflow_model.artifact_path)
  File "C:\Users\MSI\AppData\Local\Programs\Python\Python311\Lib\site-packages\mlflow\tracking\fluent.py", line 817, in log_artifacts
    MlflowClient().log_artifacts(run_id, local_dir, artifact_path)
  File "C:\Users\MSI\AppData\Local\Programs\Python\Python311\Lib\site-packages\mlflow\tracking\client.py", line 1069, in log_artifacts
    self._tracking_client.log_artifacts(run_id, local_dir, artifact_path)
  File "C:\Users\MSI\AppData\Local\Programs\Python\Python311\Lib\site-packages\mlflow\tracking\_tracking_service\client.py", line 448, in log_artifacts
    self._get_artifact_repo(run_id).log_artifacts(local_dir, artifact_path)
  File "C:\Users\MSI\AppData\Local\Programs\Python\Python311\Lib\site-packages\mlflow\store\artifact\local_artifact_repo.py", line 57, in log_artifacts
    mkdir(artifact_dir)
  File "C:\Users\MSI\AppData\Local\Programs\Python\Python311\Lib\site-packages\mlflow\utils\file_utils.py", line 121, in mkdir
    raise e
  File "C:\Users\MSI\AppData\Local\Programs\Python\Python311\Lib\site-packages\mlflow\utils\file_utils.py", line 118, in mkdir
    os.makedirs(target)
  File "<frozen os>", line 215, in makedirs
  File "<frozen os>", line 215, in makedirs
  File "<frozen os>", line 215, in makedirs
  [Previous line repeated 4 more times]
  File "<frozen os>", line 225, in makedirs
PermissionError: [WinError 5] Access is denied: 'C:\\Users\\Lenovo'
[2024-12-03 14:19:46,024: INFO: common: yaml file: config\config.yaml loaded successfully]
[2024-12-03 14:19:46,029: INFO: common: yaml file: params.yaml loaded successfully]
[2024-12-03 14:19:46,032: INFO: common: yaml file: schema.yaml loaded successfully]
[2024-12-03 14:19:46,034: INFO: common: created directory at: artifacts]
[2024-12-03 14:19:46,036: INFO: common: created directory at: artifacts/model_evaluation]
[2024-12-03 14:19:46,612: INFO: common: json file saved at: artifacts\model_evaluation\metrics.json]
[2024-12-03 14:20:54,623: INFO: main: >>>>>> stage Data Ingestion stage started <<<<<<]
[2024-12-03 14:20:54,625: INFO: common: yaml file: config\config.yaml loaded successfully]
[2024-12-03 14:20:54,626: INFO: common: yaml file: params.yaml loaded successfully]
[2024-12-03 14:20:54,628: INFO: common: yaml file: schema.yaml loaded successfully]
[2024-12-03 14:20:54,628: INFO: common: created directory at: artifacts]
[2024-12-03 14:20:54,628: INFO: common: created directory at: artifacts/data_ingestion]
[2024-12-03 14:20:54,628: INFO: data_ingestion: File already exists of size: ~ 48 KB]
[2024-12-03 14:20:54,629: INFO: main: >>>>>> stage Data Ingestion stage completed <<<<<<

x==========x]
[2024-12-03 14:20:54,629: INFO: main: >>>>>> stage Data Validation stage started <<<<<<]
[2024-12-03 14:20:54,630: INFO: common: yaml file: config\config.yaml loaded successfully]
[2024-12-03 14:20:54,631: INFO: common: yaml file: params.yaml loaded successfully]
[2024-12-03 14:20:54,632: INFO: common: yaml file: schema.yaml loaded successfully]
[2024-12-03 14:20:54,633: INFO: common: created directory at: artifacts]
[2024-12-03 14:20:54,633: INFO: common: created directory at: artifacts/data_validation]
[2024-12-03 14:20:54,642: INFO: main: >>>>>> stage Data Validation stage completed <<<<<<

x==========x]
[2024-12-03 14:20:54,643: INFO: main: >>>>>> stage Data Cleaning stage started  <<<<<<]
[2024-12-03 14:20:54,647: INFO: common: yaml file: config\config.yaml loaded successfully]
[2024-12-03 14:20:54,649: INFO: common: yaml file: params.yaml loaded successfully]
[2024-12-03 14:20:54,651: INFO: common: yaml file: schema.yaml loaded successfully]
[2024-12-03 14:20:54,651: INFO: common: created directory at: artifacts]
[2024-12-03 14:20:54,652: INFO: common: created directory at: artifacts/data_cleaning]
[2024-12-03 14:20:54,675: INFO: data_cleaning: Cleaning the data]
[2024-12-03 14:20:54,676: INFO: data_cleaning: (400, 25)]
[2024-12-03 14:20:54,676: INFO: main: >>>>>> stage Data Cleaning stage completed <<<<<< 

x==========x]
[2024-12-03 14:20:54,677: INFO: main: >>>>>> stage Data Transformation stage started <<<<<<]
[2024-12-03 14:20:54,680: INFO: common: yaml file: config\config.yaml loaded successfully]
[2024-12-03 14:20:54,682: INFO: common: yaml file: params.yaml loaded successfully]
[2024-12-03 14:20:54,684: INFO: common: yaml file: schema.yaml loaded successfully]
[2024-12-03 14:20:54,685: INFO: common: created directory at: artifacts]
[2024-12-03 14:20:54,685: INFO: common: created directory at: artifacts/data_transformation]
[2024-12-03 14:20:54,753: INFO: data_transformation: Data transformation complete]
[2024-12-03 14:20:54,753: INFO: data_transformation: Data shape: (400, 25)]
[2024-12-03 14:20:54,754: INFO: main: >>>>>> stage Data Transformation stage completed <<<<<<

x==========x]
[2024-12-03 14:20:54,754: INFO: main: >>>>>> stage Data Spliting stage started <<<<<<]
[2024-12-03 14:20:54,756: INFO: common: yaml file: config\config.yaml loaded successfully]
[2024-12-03 14:20:54,757: INFO: common: yaml file: params.yaml loaded successfully]
[2024-12-03 14:20:54,759: INFO: common: yaml file: schema.yaml loaded successfully]
[2024-12-03 14:20:54,760: INFO: common: created directory at: artifacts]
[2024-12-03 14:20:54,760: INFO: common: created directory at: artifacts/data_training]
[2024-12-03 14:20:54,791: INFO: data_training: Splited data into training and test sets]
[2024-12-03 14:20:54,791: INFO: data_training: (300, 25)]
[2024-12-03 14:20:54,791: INFO: data_training: (100, 25)]
[2024-12-03 14:20:54,792: INFO: main: >>>>>> stage Data Spliting stage completed <<<<<<

x==========x]
[2024-12-03 14:20:54,793: INFO: main: >>>>>> stage Model Trainer stage started <<<<<<]
[2024-12-03 14:20:54,795: INFO: common: yaml file: config\config.yaml loaded successfully]
[2024-12-03 14:20:54,796: INFO: common: yaml file: params.yaml loaded successfully]
[2024-12-03 14:20:54,798: INFO: common: yaml file: schema.yaml loaded successfully]
[2024-12-03 14:20:54,799: INFO: common: created directory at: artifacts]
[2024-12-03 14:20:54,799: INFO: common: created directory at: artifacts/model_trainer]
[2024-12-03 14:20:54,854: INFO: main: >>>>>> stage Model Trainer stage completed <<<<<<

x==========x]
[2024-12-03 14:20:54,855: INFO: main: >>>>>> stage Model evaluation stage started <<<<<<]
[2024-12-03 14:20:54,856: INFO: common: yaml file: config\config.yaml loaded successfully]
[2024-12-03 14:20:54,858: INFO: common: yaml file: params.yaml loaded successfully]
[2024-12-03 14:20:54,859: INFO: common: yaml file: schema.yaml loaded successfully]
[2024-12-03 14:20:54,860: INFO: common: created directory at: artifacts]
[2024-12-03 14:20:54,860: INFO: common: created directory at: artifacts/model_evaluation]
[2024-12-03 14:20:55,115: INFO: common: json file saved at: artifacts\model_evaluation\metrics.json]
[2024-12-03 14:20:58,003: ERROR: main: [WinError 5] Access is denied: 'C:\\Users\\Lenovo']
Traceback (most recent call last):
  File "C:\Users\MSI\dirassa\ML\mlProject\main.py", line 81, in <module>
    data_ingestion.main()
  File "C:\Users\MSI\dirassa\ML\mlProject\src\mlProject\pipeline\stage_07_model_evaluation.py", line 17, in main
    model_evaluation_config.log_into_mlflow()
  File "C:\Users\MSI\dirassa\ML\mlProject\src\mlProject\components\model_evaluation.py", line 63, in log_into_mlflow
    mlflow.sklearn.log_model(model, "model")
  File "C:\Users\MSI\AppData\Local\Programs\Python\Python311\Lib\site-packages\mlflow\sklearn\__init__.py", line 424, in log_model
    return Model.log(
           ^^^^^^^^^^
  File "C:\Users\MSI\AppData\Local\Programs\Python\Python311\Lib\site-packages\mlflow\models\model.py", line 552, in log
    mlflow.tracking.fluent.log_artifacts(local_path, mlflow_model.artifact_path)
  File "C:\Users\MSI\AppData\Local\Programs\Python\Python311\Lib\site-packages\mlflow\tracking\fluent.py", line 817, in log_artifacts
    MlflowClient().log_artifacts(run_id, local_dir, artifact_path)
  File "C:\Users\MSI\AppData\Local\Programs\Python\Python311\Lib\site-packages\mlflow\tracking\client.py", line 1069, in log_artifacts
    self._tracking_client.log_artifacts(run_id, local_dir, artifact_path)
  File "C:\Users\MSI\AppData\Local\Programs\Python\Python311\Lib\site-packages\mlflow\tracking\_tracking_service\client.py", line 448, in log_artifacts
    self._get_artifact_repo(run_id).log_artifacts(local_dir, artifact_path)
  File "C:\Users\MSI\AppData\Local\Programs\Python\Python311\Lib\site-packages\mlflow\store\artifact\local_artifact_repo.py", line 57, in log_artifacts
    mkdir(artifact_dir)
  File "C:\Users\MSI\AppData\Local\Programs\Python\Python311\Lib\site-packages\mlflow\utils\file_utils.py", line 121, in mkdir
    raise e
  File "C:\Users\MSI\AppData\Local\Programs\Python\Python311\Lib\site-packages\mlflow\utils\file_utils.py", line 118, in mkdir
    os.makedirs(target)
  File "<frozen os>", line 215, in makedirs
  File "<frozen os>", line 215, in makedirs
  File "<frozen os>", line 215, in makedirs
  [Previous line repeated 4 more times]
  File "<frozen os>", line 225, in makedirs
PermissionError: [WinError 5] Access is denied: 'C:\\Users\\Lenovo'
[2024-12-03 14:23:05,438: INFO: main: >>>>>> stage Data Ingestion stage started <<<<<<]
[2024-12-03 14:23:05,440: INFO: common: yaml file: config\config.yaml loaded successfully]
[2024-12-03 14:23:05,440: INFO: common: yaml file: params.yaml loaded successfully]
[2024-12-03 14:23:05,442: INFO: common: yaml file: schema.yaml loaded successfully]
[2024-12-03 14:23:05,443: INFO: common: created directory at: artifacts]
[2024-12-03 14:23:05,443: INFO: common: created directory at: artifacts/data_ingestion]
[2024-12-03 14:23:05,444: INFO: data_ingestion: File already exists of size: ~ 48 KB]
[2024-12-03 14:23:05,445: INFO: main: >>>>>> stage Data Ingestion stage completed <<<<<<

x==========x]
[2024-12-03 14:23:05,445: INFO: main: >>>>>> stage Data Validation stage started <<<<<<]
[2024-12-03 14:23:05,447: INFO: common: yaml file: config\config.yaml loaded successfully]
[2024-12-03 14:23:05,448: INFO: common: yaml file: params.yaml loaded successfully]
[2024-12-03 14:23:05,450: INFO: common: yaml file: schema.yaml loaded successfully]
[2024-12-03 14:23:05,450: INFO: common: created directory at: artifacts]
[2024-12-03 14:23:05,451: INFO: common: created directory at: artifacts/data_validation]
[2024-12-03 14:23:05,460: INFO: main: >>>>>> stage Data Validation stage completed <<<<<<

x==========x]
[2024-12-03 14:23:05,461: INFO: main: >>>>>> stage Data Cleaning stage started  <<<<<<]
[2024-12-03 14:23:05,465: INFO: common: yaml file: config\config.yaml loaded successfully]
[2024-12-03 14:23:05,467: INFO: common: yaml file: params.yaml loaded successfully]
[2024-12-03 14:23:05,469: INFO: common: yaml file: schema.yaml loaded successfully]
[2024-12-03 14:23:05,470: INFO: common: created directory at: artifacts]
[2024-12-03 14:23:05,470: INFO: common: created directory at: artifacts/data_cleaning]
[2024-12-03 14:23:05,489: INFO: data_cleaning: Cleaning the data]
[2024-12-03 14:23:05,490: INFO: data_cleaning: (400, 25)]
[2024-12-03 14:23:05,490: INFO: main: >>>>>> stage Data Cleaning stage completed <<<<<< 

x==========x]
[2024-12-03 14:23:05,491: INFO: main: >>>>>> stage Data Transformation stage started <<<<<<]
[2024-12-03 14:23:05,493: INFO: common: yaml file: config\config.yaml loaded successfully]
[2024-12-03 14:23:05,495: INFO: common: yaml file: params.yaml loaded successfully]
[2024-12-03 14:23:05,496: INFO: common: yaml file: schema.yaml loaded successfully]
[2024-12-03 14:23:05,497: INFO: common: created directory at: artifacts]
[2024-12-03 14:23:05,498: INFO: common: created directory at: artifacts/data_transformation]
[2024-12-03 14:23:05,544: INFO: data_transformation: Data transformation complete]
[2024-12-03 14:23:05,545: INFO: data_transformation: Data shape: (400, 25)]
[2024-12-03 14:23:05,546: INFO: main: >>>>>> stage Data Transformation stage completed <<<<<<

x==========x]
[2024-12-03 14:23:05,546: INFO: main: >>>>>> stage Data Spliting stage started <<<<<<]
[2024-12-03 14:23:05,548: INFO: common: yaml file: config\config.yaml loaded successfully]
[2024-12-03 14:23:05,549: INFO: common: yaml file: params.yaml loaded successfully]
[2024-12-03 14:23:05,551: INFO: common: yaml file: schema.yaml loaded successfully]
[2024-12-03 14:23:05,551: INFO: common: created directory at: artifacts]
[2024-12-03 14:23:05,552: INFO: common: created directory at: artifacts/data_training]
[2024-12-03 14:23:05,580: INFO: data_training: Splited data into training and test sets]
[2024-12-03 14:23:05,580: INFO: data_training: (300, 25)]
[2024-12-03 14:23:05,580: INFO: data_training: (100, 25)]
[2024-12-03 14:23:05,581: INFO: main: >>>>>> stage Data Spliting stage completed <<<<<<

x==========x]
[2024-12-03 14:23:05,582: INFO: main: >>>>>> stage Model Trainer stage started <<<<<<]
[2024-12-03 14:23:05,584: INFO: common: yaml file: config\config.yaml loaded successfully]
[2024-12-03 14:23:05,586: INFO: common: yaml file: params.yaml loaded successfully]
[2024-12-03 14:23:05,588: INFO: common: yaml file: schema.yaml loaded successfully]
[2024-12-03 14:23:05,589: INFO: common: created directory at: artifacts]
[2024-12-03 14:23:05,590: INFO: common: created directory at: artifacts/model_trainer]
[2024-12-03 14:23:05,638: INFO: main: >>>>>> stage Model Trainer stage completed <<<<<<

x==========x]
[2024-12-03 14:23:05,638: INFO: main: >>>>>> stage Model evaluation stage started <<<<<<]
[2024-12-03 14:23:05,640: INFO: common: yaml file: config\config.yaml loaded successfully]
[2024-12-03 14:23:05,641: INFO: common: yaml file: params.yaml loaded successfully]
[2024-12-03 14:23:05,643: INFO: common: yaml file: schema.yaml loaded successfully]
[2024-12-03 14:23:05,643: INFO: common: created directory at: artifacts]
[2024-12-03 14:23:05,644: INFO: common: created directory at: artifacts/model_evaluation]
[2024-12-03 14:23:06,130: INFO: common: json file saved at: artifacts\model_evaluation\metrics.json]
[2024-12-03 14:23:13,516: INFO: main: >>>>>> stage Model evaluation stage completed <<<<<<

x==========x]
[2024-12-03 14:38:22,842: INFO: main: >>>>>> stage Data Ingestion stage started <<<<<<]
[2024-12-03 14:38:22,845: INFO: common: yaml file: config\config.yaml loaded successfully]
[2024-12-03 14:38:22,847: INFO: common: yaml file: params.yaml loaded successfully]
[2024-12-03 14:38:22,848: INFO: common: yaml file: schema.yaml loaded successfully]
[2024-12-03 14:38:22,848: INFO: common: created directory at: artifacts]
[2024-12-03 14:38:22,849: INFO: common: created directory at: artifacts/data_ingestion]
[2024-12-03 14:38:22,849: INFO: data_ingestion: File already exists of size: ~ 48 KB]
[2024-12-03 14:38:22,849: INFO: main: >>>>>> stage Data Ingestion stage completed <<<<<<

x==========x]
[2024-12-03 14:38:22,849: INFO: main: >>>>>> stage Data Validation stage started <<<<<<]
[2024-12-03 14:38:22,851: INFO: common: yaml file: config\config.yaml loaded successfully]
[2024-12-03 14:38:22,852: INFO: common: yaml file: params.yaml loaded successfully]
[2024-12-03 14:38:22,853: INFO: common: yaml file: schema.yaml loaded successfully]
[2024-12-03 14:38:22,853: INFO: common: created directory at: artifacts]
[2024-12-03 14:38:22,854: INFO: common: created directory at: artifacts/data_validation]
[2024-12-03 14:38:22,868: INFO: main: >>>>>> stage Data Validation stage completed <<<<<<

x==========x]
[2024-12-03 14:38:22,869: INFO: main: >>>>>> stage Data Cleaning stage started  <<<<<<]
[2024-12-03 14:38:22,879: INFO: common: yaml file: config\config.yaml loaded successfully]
[2024-12-03 14:38:22,881: INFO: common: yaml file: params.yaml loaded successfully]
[2024-12-03 14:38:22,883: INFO: common: yaml file: schema.yaml loaded successfully]
[2024-12-03 14:38:22,884: INFO: common: created directory at: artifacts]
[2024-12-03 14:38:22,885: INFO: common: created directory at: artifacts/data_cleaning]
[2024-12-03 14:38:22,913: INFO: data_cleaning: Cleaning the data]
[2024-12-03 14:38:22,913: INFO: data_cleaning: (400, 25)]
[2024-12-03 14:38:22,914: INFO: main: >>>>>> stage Data Cleaning stage completed <<<<<< 

x==========x]
[2024-12-03 14:38:22,914: INFO: main: >>>>>> stage Data Transformation stage started <<<<<<]
[2024-12-03 14:38:22,916: INFO: common: yaml file: config\config.yaml loaded successfully]
[2024-12-03 14:38:22,917: INFO: common: yaml file: params.yaml loaded successfully]
[2024-12-03 14:38:22,920: INFO: common: yaml file: schema.yaml loaded successfully]
[2024-12-03 14:38:22,920: INFO: common: created directory at: artifacts]
[2024-12-03 14:38:22,920: INFO: common: created directory at: artifacts/data_transformation]
[2024-12-03 14:38:22,973: INFO: data_transformation: Data transformation complete]
[2024-12-03 14:38:22,973: INFO: data_transformation: Data shape: (400, 25)]
[2024-12-03 14:38:22,973: INFO: main: >>>>>> stage Data Transformation stage completed <<<<<<

x==========x]
[2024-12-03 14:38:22,974: INFO: main: >>>>>> stage Data Spliting stage started <<<<<<]
[2024-12-03 14:38:22,975: INFO: common: yaml file: config\config.yaml loaded successfully]
[2024-12-03 14:38:22,976: INFO: common: yaml file: params.yaml loaded successfully]
[2024-12-03 14:38:22,977: INFO: common: yaml file: schema.yaml loaded successfully]
[2024-12-03 14:38:22,978: INFO: common: created directory at: artifacts]
[2024-12-03 14:38:22,978: INFO: common: created directory at: artifacts/data_training]
[2024-12-03 14:38:23,013: INFO: data_training: Splited data into training and test sets]
[2024-12-03 14:38:23,014: INFO: data_training: (300, 25)]
[2024-12-03 14:38:23,014: INFO: data_training: (100, 25)]
[2024-12-03 14:38:23,015: INFO: main: >>>>>> stage Data Spliting stage completed <<<<<<

x==========x]
[2024-12-03 14:38:23,015: INFO: main: >>>>>> stage Model Trainer stage started <<<<<<]
[2024-12-03 14:38:23,016: INFO: common: yaml file: config\config.yaml loaded successfully]
[2024-12-03 14:38:23,017: INFO: common: yaml file: params.yaml loaded successfully]
[2024-12-03 14:38:23,019: INFO: common: yaml file: schema.yaml loaded successfully]
[2024-12-03 14:38:23,020: INFO: common: created directory at: artifacts]
[2024-12-03 14:38:23,020: ERROR: main: "'ConfigBox' object has no attribute 'logisticregression'"]
Traceback (most recent call last):
  File "C:\Users\MSI\AppData\Local\Programs\Python\Python311\Lib\site-packages\box\box.py", line 503, in __getitem__
    return super().__getitem__(item)
           ^^^^^^^^^^^^^^^^^^^^^^^^^
KeyError: 'LogisticRegression'

The above exception was the direct cause of the following exception:

Traceback (most recent call last):
  File "C:\Users\MSI\AppData\Local\Programs\Python\Python311\Lib\site-packages\box\box.py", line 536, in __getattr__
    value = self.__getitem__(item, _ignore_default=True)
            ^^^^^^^^^^^^^^^^^^^^^^^^^^^^^^^^^^^^^^^^^^^^
  File "C:\Users\MSI\AppData\Local\Programs\Python\Python311\Lib\site-packages\box\box.py", line 524, in __getitem__
    raise BoxKeyError(str(err)) from _exception_cause(err)
box.exceptions.BoxKeyError: "'LogisticRegression'"

During handling of the above exception, another exception occurred:

Traceback (most recent call last):
  File "C:\Users\MSI\AppData\Local\Programs\Python\Python311\Lib\site-packages\box\box.py", line 538, in __getattr__
    value = object.__getattribute__(self, item)
            ^^^^^^^^^^^^^^^^^^^^^^^^^^^^^^^^^^^
AttributeError: 'ConfigBox' object has no attribute 'LogisticRegression'

The above exception was the direct cause of the following exception:

Traceback (most recent call last):
  File "C:\Users\MSI\AppData\Local\Programs\Python\Python311\Lib\site-packages\box\config_box.py", line 28, in __getattr__
    return super().__getattr__(item)
           ^^^^^^^^^^^^^^^^^^^^^^^^^
  File "C:\Users\MSI\AppData\Local\Programs\Python\Python311\Lib\site-packages\box\box.py", line 552, in __getattr__
    raise BoxKeyError(str(err)) from _exception_cause(err)
box.exceptions.BoxKeyError: "'ConfigBox' object has no attribute 'LogisticRegression'"

During handling of the above exception, another exception occurred:

Traceback (most recent call last):
  File "C:\Users\MSI\AppData\Local\Programs\Python\Python311\Lib\site-packages\box\box.py", line 503, in __getitem__
    return super().__getitem__(item)
           ^^^^^^^^^^^^^^^^^^^^^^^^^
KeyError: 'logisticregression'

The above exception was the direct cause of the following exception:

Traceback (most recent call last):
  File "C:\Users\MSI\AppData\Local\Programs\Python\Python311\Lib\site-packages\box\box.py", line 536, in __getattr__
    value = self.__getitem__(item, _ignore_default=True)
            ^^^^^^^^^^^^^^^^^^^^^^^^^^^^^^^^^^^^^^^^^^^^
  File "C:\Users\MSI\AppData\Local\Programs\Python\Python311\Lib\site-packages\box\box.py", line 524, in __getitem__
    raise BoxKeyError(str(err)) from _exception_cause(err)
box.exceptions.BoxKeyError: "'logisticregression'"

During handling of the above exception, another exception occurred:

Traceback (most recent call last):
  File "C:\Users\MSI\AppData\Local\Programs\Python\Python311\Lib\site-packages\box\box.py", line 538, in __getattr__
    value = object.__getattribute__(self, item)
            ^^^^^^^^^^^^^^^^^^^^^^^^^^^^^^^^^^^
AttributeError: 'ConfigBox' object has no attribute 'logisticregression'

The above exception was the direct cause of the following exception:

Traceback (most recent call last):
  File "C:\Users\MSI\dirassa\ML\mlProject\main.py", line 71, in <module>
    data_ingestion.main()
  File "C:\Users\MSI\dirassa\ML\mlProject\src\mlProject\pipeline\stage_06_model_trainer.py", line 15, in main
    model_trainer_config = config.get_model_trainer_config()
                           ^^^^^^^^^^^^^^^^^^^^^^^^^^^^^^^^^
  File "C:\Users\MSI\dirassa\ML\mlProject\src\mlProject\config\configuration.py", line 94, in get_model_trainer_config
    params = self.params.LogisticRegression
             ^^^^^^^^^^^^^^^^^^^^^^^^^^^^^^
  File "C:\Users\MSI\AppData\Local\Programs\Python\Python311\Lib\site-packages\box\config_box.py", line 30, in __getattr__
    return super().__getattr__(item.lower())
           ^^^^^^^^^^^^^^^^^^^^^^^^^^^^^^^^^
  File "C:\Users\MSI\AppData\Local\Programs\Python\Python311\Lib\site-packages\box\box.py", line 552, in __getattr__
    raise BoxKeyError(str(err)) from _exception_cause(err)
box.exceptions.BoxKeyError: "'ConfigBox' object has no attribute 'logisticregression'"
[2024-12-03 14:38:52,074: INFO: main: >>>>>> stage Data Ingestion stage started <<<<<<]
[2024-12-03 14:38:52,076: INFO: common: yaml file: config\config.yaml loaded successfully]
[2024-12-03 14:38:52,077: INFO: common: yaml file: params.yaml loaded successfully]
[2024-12-03 14:38:52,078: INFO: common: yaml file: schema.yaml loaded successfully]
[2024-12-03 14:38:52,079: INFO: common: created directory at: artifacts]
[2024-12-03 14:38:52,079: INFO: common: created directory at: artifacts/data_ingestion]
[2024-12-03 14:38:52,079: INFO: data_ingestion: File already exists of size: ~ 48 KB]
[2024-12-03 14:38:52,079: INFO: main: >>>>>> stage Data Ingestion stage completed <<<<<<

x==========x]
[2024-12-03 14:38:52,082: INFO: main: >>>>>> stage Data Validation stage started <<<<<<]
[2024-12-03 14:38:52,084: INFO: common: yaml file: config\config.yaml loaded successfully]
[2024-12-03 14:38:52,085: INFO: common: yaml file: params.yaml loaded successfully]
[2024-12-03 14:38:52,088: INFO: common: yaml file: schema.yaml loaded successfully]
[2024-12-03 14:38:52,089: INFO: common: created directory at: artifacts]
[2024-12-03 14:38:52,089: INFO: common: created directory at: artifacts/data_validation]
[2024-12-03 14:38:52,104: INFO: main: >>>>>> stage Data Validation stage completed <<<<<<

x==========x]
[2024-12-03 14:38:52,104: INFO: main: >>>>>> stage Data Cleaning stage started  <<<<<<]
[2024-12-03 14:38:52,108: INFO: common: yaml file: config\config.yaml loaded successfully]
[2024-12-03 14:38:52,109: INFO: common: yaml file: params.yaml loaded successfully]
[2024-12-03 14:38:52,111: INFO: common: yaml file: schema.yaml loaded successfully]
[2024-12-03 14:38:52,112: INFO: common: created directory at: artifacts]
[2024-12-03 14:38:52,112: INFO: common: created directory at: artifacts/data_cleaning]
[2024-12-03 14:38:52,136: INFO: data_cleaning: Cleaning the data]
[2024-12-03 14:38:52,136: INFO: data_cleaning: (400, 25)]
[2024-12-03 14:38:52,137: INFO: main: >>>>>> stage Data Cleaning stage completed <<<<<< 

x==========x]
[2024-12-03 14:38:52,137: INFO: main: >>>>>> stage Data Transformation stage started <<<<<<]
[2024-12-03 14:38:52,140: INFO: common: yaml file: config\config.yaml loaded successfully]
[2024-12-03 14:38:52,141: INFO: common: yaml file: params.yaml loaded successfully]
[2024-12-03 14:38:52,142: INFO: common: yaml file: schema.yaml loaded successfully]
[2024-12-03 14:38:52,143: INFO: common: created directory at: artifacts]
[2024-12-03 14:38:52,143: INFO: common: created directory at: artifacts/data_transformation]
[2024-12-03 14:38:52,189: INFO: data_transformation: Data transformation complete]
[2024-12-03 14:38:52,189: INFO: data_transformation: Data shape: (400, 25)]
[2024-12-03 14:38:52,189: INFO: main: >>>>>> stage Data Transformation stage completed <<<<<<

x==========x]
[2024-12-03 14:38:52,190: INFO: main: >>>>>> stage Data Spliting stage started <<<<<<]
[2024-12-03 14:38:52,192: INFO: common: yaml file: config\config.yaml loaded successfully]
[2024-12-03 14:38:52,192: INFO: common: yaml file: params.yaml loaded successfully]
[2024-12-03 14:38:52,194: INFO: common: yaml file: schema.yaml loaded successfully]
[2024-12-03 14:38:52,194: INFO: common: created directory at: artifacts]
[2024-12-03 14:38:52,194: INFO: common: created directory at: artifacts/data_training]
[2024-12-03 14:38:52,234: INFO: data_training: Splited data into training and test sets]
[2024-12-03 14:38:52,234: INFO: data_training: (300, 25)]
[2024-12-03 14:38:52,234: INFO: data_training: (100, 25)]
[2024-12-03 14:38:52,235: INFO: main: >>>>>> stage Data Spliting stage completed <<<<<<

x==========x]
[2024-12-03 14:38:52,236: INFO: main: >>>>>> stage Model Trainer stage started <<<<<<]
[2024-12-03 14:38:52,237: INFO: common: yaml file: config\config.yaml loaded successfully]
[2024-12-03 14:38:52,238: INFO: common: yaml file: params.yaml loaded successfully]
[2024-12-03 14:38:52,239: INFO: common: yaml file: schema.yaml loaded successfully]
[2024-12-03 14:38:52,240: INFO: common: created directory at: artifacts]
[2024-12-03 14:38:52,240: INFO: common: created directory at: artifacts/model_trainer]
[2024-12-03 14:38:52,272: ERROR: main: KNeighborsClassifier.__init__() got an unexpected keyword argument 'random_state']
Traceback (most recent call last):
  File "C:\Users\MSI\dirassa\ML\mlProject\main.py", line 71, in <module>
    data_ingestion.main()
  File "C:\Users\MSI\dirassa\ML\mlProject\src\mlProject\pipeline\stage_06_model_trainer.py", line 17, in main
    model_trainer_config.train()
  File "C:\Users\MSI\dirassa\ML\mlProject\src\mlProject\components\model_trainer.py", line 32, in train
    kn = KNeighborsClassifier (
         ^^^^^^^^^^^^^^^^^^^^^^
TypeError: KNeighborsClassifier.__init__() got an unexpected keyword argument 'random_state'
[2024-12-03 14:39:08,648: INFO: main: >>>>>> stage Data Ingestion stage started <<<<<<]
[2024-12-03 14:39:08,651: INFO: common: yaml file: config\config.yaml loaded successfully]
[2024-12-03 14:39:08,652: INFO: common: yaml file: params.yaml loaded successfully]
[2024-12-03 14:39:08,654: INFO: common: yaml file: schema.yaml loaded successfully]
[2024-12-03 14:39:08,655: INFO: common: created directory at: artifacts]
[2024-12-03 14:39:08,655: INFO: common: created directory at: artifacts/data_ingestion]
[2024-12-03 14:39:08,656: INFO: data_ingestion: File already exists of size: ~ 48 KB]
[2024-12-03 14:39:08,656: INFO: main: >>>>>> stage Data Ingestion stage completed <<<<<<

x==========x]
[2024-12-03 14:39:08,657: INFO: main: >>>>>> stage Data Validation stage started <<<<<<]
[2024-12-03 14:39:08,659: INFO: common: yaml file: config\config.yaml loaded successfully]
[2024-12-03 14:39:08,660: INFO: common: yaml file: params.yaml loaded successfully]
[2024-12-03 14:39:08,663: INFO: common: yaml file: schema.yaml loaded successfully]
[2024-12-03 14:39:08,663: INFO: common: created directory at: artifacts]
[2024-12-03 14:39:08,664: INFO: common: created directory at: artifacts/data_validation]
[2024-12-03 14:39:08,684: INFO: main: >>>>>> stage Data Validation stage completed <<<<<<

x==========x]
[2024-12-03 14:39:08,686: INFO: main: >>>>>> stage Data Cleaning stage started  <<<<<<]
[2024-12-03 14:39:08,690: INFO: common: yaml file: config\config.yaml loaded successfully]
[2024-12-03 14:39:08,691: INFO: common: yaml file: params.yaml loaded successfully]
[2024-12-03 14:39:08,693: INFO: common: yaml file: schema.yaml loaded successfully]
[2024-12-03 14:39:08,693: INFO: common: created directory at: artifacts]
[2024-12-03 14:39:08,694: INFO: common: created directory at: artifacts/data_cleaning]
[2024-12-03 14:39:08,723: INFO: data_cleaning: Cleaning the data]
[2024-12-03 14:39:08,723: INFO: data_cleaning: (400, 25)]
[2024-12-03 14:39:08,723: INFO: main: >>>>>> stage Data Cleaning stage completed <<<<<< 

x==========x]
[2024-12-03 14:39:08,724: INFO: main: >>>>>> stage Data Transformation stage started <<<<<<]
[2024-12-03 14:39:08,725: INFO: common: yaml file: config\config.yaml loaded successfully]
[2024-12-03 14:39:08,726: INFO: common: yaml file: params.yaml loaded successfully]
[2024-12-03 14:39:08,728: INFO: common: yaml file: schema.yaml loaded successfully]
[2024-12-03 14:39:08,728: INFO: common: created directory at: artifacts]
[2024-12-03 14:39:08,728: INFO: common: created directory at: artifacts/data_transformation]
[2024-12-03 14:39:08,779: INFO: data_transformation: Data transformation complete]
[2024-12-03 14:39:08,779: INFO: data_transformation: Data shape: (400, 25)]
[2024-12-03 14:39:08,779: INFO: main: >>>>>> stage Data Transformation stage completed <<<<<<

x==========x]
[2024-12-03 14:39:08,779: INFO: main: >>>>>> stage Data Spliting stage started <<<<<<]
[2024-12-03 14:39:08,781: INFO: common: yaml file: config\config.yaml loaded successfully]
[2024-12-03 14:39:08,782: INFO: common: yaml file: params.yaml loaded successfully]
[2024-12-03 14:39:08,783: INFO: common: yaml file: schema.yaml loaded successfully]
[2024-12-03 14:39:08,784: INFO: common: created directory at: artifacts]
[2024-12-03 14:39:08,784: INFO: common: created directory at: artifacts/data_training]
[2024-12-03 14:39:08,821: INFO: data_training: Splited data into training and test sets]
[2024-12-03 14:39:08,821: INFO: data_training: (300, 25)]
[2024-12-03 14:39:08,821: INFO: data_training: (100, 25)]
[2024-12-03 14:39:08,822: INFO: main: >>>>>> stage Data Spliting stage completed <<<<<<

x==========x]
[2024-12-03 14:39:08,822: INFO: main: >>>>>> stage Model Trainer stage started <<<<<<]
[2024-12-03 14:39:08,825: INFO: common: yaml file: config\config.yaml loaded successfully]
[2024-12-03 14:39:08,827: INFO: common: yaml file: params.yaml loaded successfully]
[2024-12-03 14:39:08,828: INFO: common: yaml file: schema.yaml loaded successfully]
[2024-12-03 14:39:08,829: INFO: common: created directory at: artifacts]
[2024-12-03 14:39:08,829: INFO: common: created directory at: artifacts/model_trainer]
[2024-12-03 14:39:08,875: INFO: main: >>>>>> stage Model Trainer stage completed <<<<<<

x==========x]
[2024-12-03 14:39:08,876: INFO: main: >>>>>> stage Model evaluation stage started <<<<<<]
[2024-12-03 14:39:08,878: INFO: common: yaml file: config\config.yaml loaded successfully]
[2024-12-03 14:39:08,878: INFO: common: yaml file: params.yaml loaded successfully]
[2024-12-03 14:39:08,880: INFO: common: yaml file: schema.yaml loaded successfully]
[2024-12-03 14:39:08,880: INFO: common: created directory at: artifacts]
[2024-12-03 14:39:08,880: INFO: common: created directory at: artifacts/model_evaluation]
[2024-12-03 14:39:09,506: INFO: common: json file saved at: artifacts\model_evaluation\metrics.json]
[2024-12-03 14:39:13,060: ERROR: main: [WinError 5] Access is denied: 'C:\\Users\\Lenovo']
Traceback (most recent call last):
  File "C:\Users\MSI\dirassa\ML\mlProject\main.py", line 81, in <module>
    data_ingestion.main()
  File "C:\Users\MSI\dirassa\ML\mlProject\src\mlProject\pipeline\stage_07_model_evaluation.py", line 17, in main
    model_evaluation_config.log_into_mlflow()
  File "C:\Users\MSI\dirassa\ML\mlProject\src\mlProject\components\model_evaluation.py", line 63, in log_into_mlflow
    mlflow.sklearn.log_model(model, "model")
  File "C:\Users\MSI\AppData\Local\Programs\Python\Python311\Lib\site-packages\mlflow\sklearn\__init__.py", line 424, in log_model
    return Model.log(
           ^^^^^^^^^^
  File "C:\Users\MSI\AppData\Local\Programs\Python\Python311\Lib\site-packages\mlflow\models\model.py", line 552, in log
    mlflow.tracking.fluent.log_artifacts(local_path, mlflow_model.artifact_path)
  File "C:\Users\MSI\AppData\Local\Programs\Python\Python311\Lib\site-packages\mlflow\tracking\fluent.py", line 817, in log_artifacts
    MlflowClient().log_artifacts(run_id, local_dir, artifact_path)
  File "C:\Users\MSI\AppData\Local\Programs\Python\Python311\Lib\site-packages\mlflow\tracking\client.py", line 1069, in log_artifacts
    self._tracking_client.log_artifacts(run_id, local_dir, artifact_path)
  File "C:\Users\MSI\AppData\Local\Programs\Python\Python311\Lib\site-packages\mlflow\tracking\_tracking_service\client.py", line 448, in log_artifacts
    self._get_artifact_repo(run_id).log_artifacts(local_dir, artifact_path)
  File "C:\Users\MSI\AppData\Local\Programs\Python\Python311\Lib\site-packages\mlflow\store\artifact\local_artifact_repo.py", line 57, in log_artifacts
    mkdir(artifact_dir)
  File "C:\Users\MSI\AppData\Local\Programs\Python\Python311\Lib\site-packages\mlflow\utils\file_utils.py", line 121, in mkdir
    raise e
  File "C:\Users\MSI\AppData\Local\Programs\Python\Python311\Lib\site-packages\mlflow\utils\file_utils.py", line 118, in mkdir
    os.makedirs(target)
  File "<frozen os>", line 215, in makedirs
  File "<frozen os>", line 215, in makedirs
  File "<frozen os>", line 215, in makedirs
  [Previous line repeated 4 more times]
  File "<frozen os>", line 225, in makedirs
PermissionError: [WinError 5] Access is denied: 'C:\\Users\\Lenovo'
[2024-12-03 14:39:25,578: INFO: main: >>>>>> stage Data Ingestion stage started <<<<<<]
[2024-12-03 14:39:25,580: INFO: common: yaml file: config\config.yaml loaded successfully]
[2024-12-03 14:39:25,582: INFO: common: yaml file: params.yaml loaded successfully]
[2024-12-03 14:39:25,584: INFO: common: yaml file: schema.yaml loaded successfully]
[2024-12-03 14:39:25,585: INFO: common: created directory at: artifacts]
[2024-12-03 14:39:25,586: INFO: common: created directory at: artifacts/data_ingestion]
[2024-12-03 14:39:25,586: INFO: data_ingestion: File already exists of size: ~ 48 KB]
[2024-12-03 14:39:25,587: INFO: main: >>>>>> stage Data Ingestion stage completed <<<<<<

x==========x]
[2024-12-03 14:39:25,587: INFO: main: >>>>>> stage Data Validation stage started <<<<<<]
[2024-12-03 14:39:25,589: INFO: common: yaml file: config\config.yaml loaded successfully]
[2024-12-03 14:39:25,590: INFO: common: yaml file: params.yaml loaded successfully]
[2024-12-03 14:39:25,593: INFO: common: yaml file: schema.yaml loaded successfully]
[2024-12-03 14:39:25,594: INFO: common: created directory at: artifacts]
[2024-12-03 14:39:25,594: INFO: common: created directory at: artifacts/data_validation]
[2024-12-03 14:39:25,603: INFO: main: >>>>>> stage Data Validation stage completed <<<<<<

x==========x]
[2024-12-03 14:39:25,603: INFO: main: >>>>>> stage Data Cleaning stage started  <<<<<<]
[2024-12-03 14:39:25,607: INFO: common: yaml file: config\config.yaml loaded successfully]
[2024-12-03 14:39:25,608: INFO: common: yaml file: params.yaml loaded successfully]
[2024-12-03 14:39:25,610: INFO: common: yaml file: schema.yaml loaded successfully]
[2024-12-03 14:39:25,611: INFO: common: created directory at: artifacts]
[2024-12-03 14:39:25,612: INFO: common: created directory at: artifacts/data_cleaning]
[2024-12-03 14:39:25,632: INFO: data_cleaning: Cleaning the data]
[2024-12-03 14:39:25,633: INFO: data_cleaning: (400, 25)]
[2024-12-03 14:39:25,633: INFO: main: >>>>>> stage Data Cleaning stage completed <<<<<< 

x==========x]
[2024-12-03 14:39:25,634: INFO: main: >>>>>> stage Data Transformation stage started <<<<<<]
[2024-12-03 14:39:25,636: INFO: common: yaml file: config\config.yaml loaded successfully]
[2024-12-03 14:39:25,638: INFO: common: yaml file: params.yaml loaded successfully]
[2024-12-03 14:39:25,639: INFO: common: yaml file: schema.yaml loaded successfully]
[2024-12-03 14:39:25,640: INFO: common: created directory at: artifacts]
[2024-12-03 14:39:25,641: INFO: common: created directory at: artifacts/data_transformation]
[2024-12-03 14:39:25,692: INFO: data_transformation: Data transformation complete]
[2024-12-03 14:39:25,693: INFO: data_transformation: Data shape: (400, 25)]
[2024-12-03 14:39:25,693: INFO: main: >>>>>> stage Data Transformation stage completed <<<<<<

x==========x]
[2024-12-03 14:39:25,694: INFO: main: >>>>>> stage Data Spliting stage started <<<<<<]
[2024-12-03 14:39:25,695: INFO: common: yaml file: config\config.yaml loaded successfully]
[2024-12-03 14:39:25,696: INFO: common: yaml file: params.yaml loaded successfully]
[2024-12-03 14:39:25,698: INFO: common: yaml file: schema.yaml loaded successfully]
[2024-12-03 14:39:25,698: INFO: common: created directory at: artifacts]
[2024-12-03 14:39:25,699: INFO: common: created directory at: artifacts/data_training]
[2024-12-03 14:39:25,731: INFO: data_training: Splited data into training and test sets]
[2024-12-03 14:39:25,732: INFO: data_training: (300, 25)]
[2024-12-03 14:39:25,732: INFO: data_training: (100, 25)]
[2024-12-03 14:39:25,733: INFO: main: >>>>>> stage Data Spliting stage completed <<<<<<

x==========x]
[2024-12-03 14:39:25,734: INFO: main: >>>>>> stage Model Trainer stage started <<<<<<]
[2024-12-03 14:39:25,737: INFO: common: yaml file: config\config.yaml loaded successfully]
[2024-12-03 14:39:25,738: INFO: common: yaml file: params.yaml loaded successfully]
[2024-12-03 14:39:25,740: INFO: common: yaml file: schema.yaml loaded successfully]
[2024-12-03 14:39:25,740: INFO: common: created directory at: artifacts]
[2024-12-03 14:39:25,741: INFO: common: created directory at: artifacts/model_trainer]
[2024-12-03 14:39:25,797: INFO: main: >>>>>> stage Model Trainer stage completed <<<<<<

x==========x]
[2024-12-03 14:39:25,798: INFO: main: >>>>>> stage Model evaluation stage started <<<<<<]
[2024-12-03 14:39:25,800: INFO: common: yaml file: config\config.yaml loaded successfully]
[2024-12-03 14:39:25,801: INFO: common: yaml file: params.yaml loaded successfully]
[2024-12-03 14:39:25,803: INFO: common: yaml file: schema.yaml loaded successfully]
[2024-12-03 14:39:25,803: INFO: common: created directory at: artifacts]
[2024-12-03 14:39:25,804: INFO: common: created directory at: artifacts/model_evaluation]
[2024-12-03 14:39:26,515: INFO: common: json file saved at: artifacts\model_evaluation\metrics.json]
[2024-12-03 14:39:33,764: INFO: main: >>>>>> stage Model evaluation stage completed <<<<<<

x==========x]
[2024-12-03 14:47:15,775: INFO: main: >>>>>> stage Data Ingestion stage started <<<<<<]
[2024-12-03 14:47:15,777: INFO: common: yaml file: config\config.yaml loaded successfully]
[2024-12-03 14:47:15,779: INFO: common: yaml file: params.yaml loaded successfully]
[2024-12-03 14:47:15,780: INFO: common: yaml file: schema.yaml loaded successfully]
[2024-12-03 14:47:15,780: INFO: common: created directory at: artifacts]
[2024-12-03 14:47:15,781: INFO: common: created directory at: artifacts/data_ingestion]
[2024-12-03 14:47:15,781: INFO: data_ingestion: File already exists of size: ~ 48 KB]
[2024-12-03 14:47:15,781: INFO: main: >>>>>> stage Data Ingestion stage completed <<<<<<

x==========x]
[2024-12-03 14:47:15,781: INFO: main: >>>>>> stage Data Validation stage started <<<<<<]
[2024-12-03 14:47:15,783: INFO: common: yaml file: config\config.yaml loaded successfully]
[2024-12-03 14:47:15,783: INFO: common: yaml file: params.yaml loaded successfully]
[2024-12-03 14:47:15,784: INFO: common: yaml file: schema.yaml loaded successfully]
[2024-12-03 14:47:15,785: INFO: common: created directory at: artifacts]
[2024-12-03 14:47:15,785: INFO: common: created directory at: artifacts/data_validation]
[2024-12-03 14:47:15,792: INFO: main: >>>>>> stage Data Validation stage completed <<<<<<

x==========x]
[2024-12-03 14:47:15,792: INFO: main: >>>>>> stage Data Cleaning stage started  <<<<<<]
[2024-12-03 14:47:15,794: INFO: common: yaml file: config\config.yaml loaded successfully]
[2024-12-03 14:47:15,796: INFO: common: yaml file: params.yaml loaded successfully]
[2024-12-03 14:47:15,797: INFO: common: yaml file: schema.yaml loaded successfully]
[2024-12-03 14:47:15,798: INFO: common: created directory at: artifacts]
[2024-12-03 14:47:15,798: INFO: common: created directory at: artifacts/data_cleaning]
[2024-12-03 14:47:15,819: INFO: data_cleaning: Cleaning the data]
[2024-12-03 14:47:15,819: INFO: data_cleaning: (400, 25)]
[2024-12-03 14:47:15,820: INFO: main: >>>>>> stage Data Cleaning stage completed <<<<<< 

x==========x]
[2024-12-03 14:47:15,820: INFO: main: >>>>>> stage Data Transformation stage started <<<<<<]
[2024-12-03 14:47:15,822: INFO: common: yaml file: config\config.yaml loaded successfully]
[2024-12-03 14:47:15,823: INFO: common: yaml file: params.yaml loaded successfully]
[2024-12-03 14:47:15,825: INFO: common: yaml file: schema.yaml loaded successfully]
[2024-12-03 14:47:15,826: INFO: common: created directory at: artifacts]
[2024-12-03 14:47:15,827: INFO: common: created directory at: artifacts/data_transformation]
[2024-12-03 14:47:15,877: INFO: data_transformation: Data transformation complete]
[2024-12-03 14:47:15,878: INFO: data_transformation: Data shape: (400, 25)]
[2024-12-03 14:47:15,878: INFO: main: >>>>>> stage Data Transformation stage completed <<<<<<

x==========x]
[2024-12-03 14:47:15,878: INFO: main: >>>>>> stage Data Spliting stage started <<<<<<]
[2024-12-03 14:47:15,881: INFO: common: yaml file: config\config.yaml loaded successfully]
[2024-12-03 14:47:15,882: INFO: common: yaml file: params.yaml loaded successfully]
[2024-12-03 14:47:15,884: INFO: common: yaml file: schema.yaml loaded successfully]
[2024-12-03 14:47:15,884: INFO: common: created directory at: artifacts]
[2024-12-03 14:47:15,885: INFO: common: created directory at: artifacts/data_training]
[2024-12-03 14:47:15,916: INFO: data_training: Splited data into training and test sets]
[2024-12-03 14:47:15,917: INFO: data_training: (300, 25)]
[2024-12-03 14:47:15,918: INFO: data_training: (100, 25)]
[2024-12-03 14:47:15,919: INFO: main: >>>>>> stage Data Spliting stage completed <<<<<<

x==========x]
[2024-12-03 14:47:15,919: INFO: main: >>>>>> stage Model Trainer stage started <<<<<<]
[2024-12-03 14:47:15,921: INFO: common: yaml file: config\config.yaml loaded successfully]
[2024-12-03 14:47:15,922: INFO: common: yaml file: params.yaml loaded successfully]
[2024-12-03 14:47:15,923: INFO: common: yaml file: schema.yaml loaded successfully]
[2024-12-03 14:47:15,924: INFO: common: created directory at: artifacts]
[2024-12-03 14:47:15,924: INFO: common: created directory at: artifacts/model_trainer]
[2024-12-03 14:47:15,972: ERROR: main: The 'max_features' parameter of RandomForestClassifier must be an int in the range [1, inf), a float in the range (0.0, 1.0], a str among {'log2', 'sqrt'} or None. Got 'auto' instead.]
Traceback (most recent call last):
  File "C:\Users\MSI\dirassa\ML\mlProject\main.py", line 71, in <module>
    data_ingestion.main()
  File "C:\Users\MSI\dirassa\ML\mlProject\src\mlProject\pipeline\stage_06_model_trainer.py", line 17, in main
    model_trainer_config.train()
  File "C:\Users\MSI\dirassa\ML\mlProject\src\mlProject\components\model_trainer.py", line 40, in train
    rf.fit(train_x, train_y)
  File "C:\Users\MSI\AppData\Local\Programs\Python\Python311\Lib\site-packages\sklearn\base.py", line 1466, in wrapper
    estimator._validate_params()
  File "C:\Users\MSI\AppData\Local\Programs\Python\Python311\Lib\site-packages\sklearn\base.py", line 666, in _validate_params
    validate_parameter_constraints(
  File "C:\Users\MSI\AppData\Local\Programs\Python\Python311\Lib\site-packages\sklearn\utils\_param_validation.py", line 95, in validate_parameter_constraints
    raise InvalidParameterError(
sklearn.utils._param_validation.InvalidParameterError: The 'max_features' parameter of RandomForestClassifier must be an int in the range [1, inf), a float in the range (0.0, 1.0], a str among {'log2', 'sqrt'} or None. Got 'auto' instead.
[2024-12-03 14:48:02,828: INFO: main: >>>>>> stage Data Ingestion stage started <<<<<<]
[2024-12-03 14:48:02,831: INFO: common: yaml file: config\config.yaml loaded successfully]
[2024-12-03 14:48:02,841: INFO: common: yaml file: params.yaml loaded successfully]
[2024-12-03 14:48:02,843: INFO: common: yaml file: schema.yaml loaded successfully]
[2024-12-03 14:48:02,844: INFO: common: created directory at: artifacts]
[2024-12-03 14:48:02,845: INFO: common: created directory at: artifacts/data_ingestion]
[2024-12-03 14:48:02,845: INFO: data_ingestion: File already exists of size: ~ 48 KB]
[2024-12-03 14:48:02,846: INFO: main: >>>>>> stage Data Ingestion stage completed <<<<<<

x==========x]
[2024-12-03 14:48:02,846: INFO: main: >>>>>> stage Data Validation stage started <<<<<<]
[2024-12-03 14:48:02,848: INFO: common: yaml file: config\config.yaml loaded successfully]
[2024-12-03 14:48:02,849: INFO: common: yaml file: params.yaml loaded successfully]
[2024-12-03 14:48:02,851: INFO: common: yaml file: schema.yaml loaded successfully]
[2024-12-03 14:48:02,851: INFO: common: created directory at: artifacts]
[2024-12-03 14:48:02,852: INFO: common: created directory at: artifacts/data_validation]
[2024-12-03 14:48:02,879: INFO: main: >>>>>> stage Data Validation stage completed <<<<<<

x==========x]
[2024-12-03 14:48:02,880: INFO: main: >>>>>> stage Data Cleaning stage started  <<<<<<]
[2024-12-03 14:48:02,887: INFO: common: yaml file: config\config.yaml loaded successfully]
[2024-12-03 14:48:02,888: INFO: common: yaml file: params.yaml loaded successfully]
[2024-12-03 14:48:02,892: INFO: common: yaml file: schema.yaml loaded successfully]
[2024-12-03 14:48:02,893: INFO: common: created directory at: artifacts]
[2024-12-03 14:48:02,894: INFO: common: created directory at: artifacts/data_cleaning]
[2024-12-03 14:48:02,932: INFO: data_cleaning: Cleaning the data]
[2024-12-03 14:48:02,933: INFO: data_cleaning: (400, 25)]
[2024-12-03 14:48:02,933: INFO: main: >>>>>> stage Data Cleaning stage completed <<<<<< 

x==========x]
[2024-12-03 14:48:02,934: INFO: main: >>>>>> stage Data Transformation stage started <<<<<<]
[2024-12-03 14:48:02,936: INFO: common: yaml file: config\config.yaml loaded successfully]
[2024-12-03 14:48:02,937: INFO: common: yaml file: params.yaml loaded successfully]
[2024-12-03 14:48:02,938: INFO: common: yaml file: schema.yaml loaded successfully]
[2024-12-03 14:48:02,940: INFO: common: created directory at: artifacts]
[2024-12-03 14:48:02,941: INFO: common: created directory at: artifacts/data_transformation]
[2024-12-03 14:48:02,984: INFO: data_transformation: Data transformation complete]
[2024-12-03 14:48:02,985: INFO: data_transformation: Data shape: (400, 25)]
[2024-12-03 14:48:02,985: INFO: main: >>>>>> stage Data Transformation stage completed <<<<<<

x==========x]
[2024-12-03 14:48:02,986: INFO: main: >>>>>> stage Data Spliting stage started <<<<<<]
[2024-12-03 14:48:02,987: INFO: common: yaml file: config\config.yaml loaded successfully]
[2024-12-03 14:48:02,988: INFO: common: yaml file: params.yaml loaded successfully]
[2024-12-03 14:48:02,989: INFO: common: yaml file: schema.yaml loaded successfully]
[2024-12-03 14:48:02,990: INFO: common: created directory at: artifacts]
[2024-12-03 14:48:02,990: INFO: common: created directory at: artifacts/data_training]
[2024-12-03 14:48:03,015: INFO: data_training: Splited data into training and test sets]
[2024-12-03 14:48:03,015: INFO: data_training: (300, 25)]
[2024-12-03 14:48:03,015: INFO: data_training: (100, 25)]
[2024-12-03 14:48:03,016: INFO: main: >>>>>> stage Data Spliting stage completed <<<<<<

x==========x]
[2024-12-03 14:48:03,017: INFO: main: >>>>>> stage Model Trainer stage started <<<<<<]
[2024-12-03 14:48:03,018: INFO: common: yaml file: config\config.yaml loaded successfully]
[2024-12-03 14:48:03,019: INFO: common: yaml file: params.yaml loaded successfully]
[2024-12-03 14:48:03,022: INFO: common: yaml file: schema.yaml loaded successfully]
[2024-12-03 14:48:03,023: INFO: common: created directory at: artifacts]
[2024-12-03 14:48:03,023: INFO: common: created directory at: artifacts/model_trainer]
[2024-12-03 14:48:03,024: ERROR: main: "'ConfigBox' object has no attribute 'max_features'"]
Traceback (most recent call last):
  File "C:\Users\MSI\AppData\Local\Programs\Python\Python311\Lib\site-packages\box\box.py", line 503, in __getitem__
    return super().__getitem__(item)
           ^^^^^^^^^^^^^^^^^^^^^^^^^
KeyError: 'max_features'

The above exception was the direct cause of the following exception:

Traceback (most recent call last):
  File "C:\Users\MSI\AppData\Local\Programs\Python\Python311\Lib\site-packages\box\box.py", line 536, in __getattr__
    value = self.__getitem__(item, _ignore_default=True)
            ^^^^^^^^^^^^^^^^^^^^^^^^^^^^^^^^^^^^^^^^^^^^
  File "C:\Users\MSI\AppData\Local\Programs\Python\Python311\Lib\site-packages\box\box.py", line 524, in __getitem__
    raise BoxKeyError(str(err)) from _exception_cause(err)
box.exceptions.BoxKeyError: "'max_features'"

During handling of the above exception, another exception occurred:

Traceback (most recent call last):
  File "C:\Users\MSI\AppData\Local\Programs\Python\Python311\Lib\site-packages\box\box.py", line 538, in __getattr__
    value = object.__getattribute__(self, item)
            ^^^^^^^^^^^^^^^^^^^^^^^^^^^^^^^^^^^
AttributeError: 'ConfigBox' object has no attribute 'max_features'

The above exception was the direct cause of the following exception:

Traceback (most recent call last):
  File "C:\Users\MSI\AppData\Local\Programs\Python\Python311\Lib\site-packages\box\config_box.py", line 28, in __getattr__
    return super().__getattr__(item)
           ^^^^^^^^^^^^^^^^^^^^^^^^^
  File "C:\Users\MSI\AppData\Local\Programs\Python\Python311\Lib\site-packages\box\box.py", line 552, in __getattr__
    raise BoxKeyError(str(err)) from _exception_cause(err)
box.exceptions.BoxKeyError: "'ConfigBox' object has no attribute 'max_features'"

During handling of the above exception, another exception occurred:

Traceback (most recent call last):
  File "C:\Users\MSI\AppData\Local\Programs\Python\Python311\Lib\site-packages\box\box.py", line 503, in __getitem__
    return super().__getitem__(item)
           ^^^^^^^^^^^^^^^^^^^^^^^^^
KeyError: 'max_features'

The above exception was the direct cause of the following exception:

Traceback (most recent call last):
  File "C:\Users\MSI\AppData\Local\Programs\Python\Python311\Lib\site-packages\box\box.py", line 536, in __getattr__
    value = self.__getitem__(item, _ignore_default=True)
            ^^^^^^^^^^^^^^^^^^^^^^^^^^^^^^^^^^^^^^^^^^^^
  File "C:\Users\MSI\AppData\Local\Programs\Python\Python311\Lib\site-packages\box\box.py", line 524, in __getitem__
    raise BoxKeyError(str(err)) from _exception_cause(err)
box.exceptions.BoxKeyError: "'max_features'"

During handling of the above exception, another exception occurred:

Traceback (most recent call last):
  File "C:\Users\MSI\AppData\Local\Programs\Python\Python311\Lib\site-packages\box\box.py", line 538, in __getattr__
    value = object.__getattribute__(self, item)
            ^^^^^^^^^^^^^^^^^^^^^^^^^^^^^^^^^^^
AttributeError: 'ConfigBox' object has no attribute 'max_features'

The above exception was the direct cause of the following exception:

Traceback (most recent call last):
  File "C:\Users\MSI\dirassa\ML\mlProject\main.py", line 71, in <module>
    data_ingestion.main()
  File "C:\Users\MSI\dirassa\ML\mlProject\src\mlProject\pipeline\stage_06_model_trainer.py", line 15, in main
    model_trainer_config = config.get_model_trainer_config()
                           ^^^^^^^^^^^^^^^^^^^^^^^^^^^^^^^^^
  File "C:\Users\MSI\dirassa\ML\mlProject\src\mlProject\config\configuration.py", line 107, in get_model_trainer_config
    max_features=params.max_features,
                 ^^^^^^^^^^^^^^^^^^^
  File "C:\Users\MSI\AppData\Local\Programs\Python\Python311\Lib\site-packages\box\config_box.py", line 30, in __getattr__
    return super().__getattr__(item.lower())
           ^^^^^^^^^^^^^^^^^^^^^^^^^^^^^^^^^
  File "C:\Users\MSI\AppData\Local\Programs\Python\Python311\Lib\site-packages\box\box.py", line 552, in __getattr__
    raise BoxKeyError(str(err)) from _exception_cause(err)
box.exceptions.BoxKeyError: "'ConfigBox' object has no attribute 'max_features'"
[2024-12-03 14:48:38,305: INFO: main: >>>>>> stage Data Ingestion stage started <<<<<<]
[2024-12-03 14:48:38,307: INFO: common: yaml file: config\config.yaml loaded successfully]
[2024-12-03 14:48:38,308: INFO: common: yaml file: params.yaml loaded successfully]
[2024-12-03 14:48:38,309: INFO: common: yaml file: schema.yaml loaded successfully]
[2024-12-03 14:48:38,309: INFO: common: created directory at: artifacts]
[2024-12-03 14:48:38,309: INFO: common: created directory at: artifacts/data_ingestion]
[2024-12-03 14:48:38,310: INFO: data_ingestion: File already exists of size: ~ 48 KB]
[2024-12-03 14:48:38,310: INFO: main: >>>>>> stage Data Ingestion stage completed <<<<<<

x==========x]
[2024-12-03 14:48:38,310: INFO: main: >>>>>> stage Data Validation stage started <<<<<<]
[2024-12-03 14:48:38,311: INFO: common: yaml file: config\config.yaml loaded successfully]
[2024-12-03 14:48:38,312: INFO: common: yaml file: params.yaml loaded successfully]
[2024-12-03 14:48:38,313: INFO: common: yaml file: schema.yaml loaded successfully]
[2024-12-03 14:48:38,314: INFO: common: created directory at: artifacts]
[2024-12-03 14:48:38,314: INFO: common: created directory at: artifacts/data_validation]
[2024-12-03 14:48:38,326: INFO: main: >>>>>> stage Data Validation stage completed <<<<<<

x==========x]
[2024-12-03 14:48:38,326: INFO: main: >>>>>> stage Data Cleaning stage started  <<<<<<]
[2024-12-03 14:48:38,330: INFO: common: yaml file: config\config.yaml loaded successfully]
[2024-12-03 14:48:38,331: INFO: common: yaml file: params.yaml loaded successfully]
[2024-12-03 14:48:38,333: INFO: common: yaml file: schema.yaml loaded successfully]
[2024-12-03 14:48:38,334: INFO: common: created directory at: artifacts]
[2024-12-03 14:48:38,334: INFO: common: created directory at: artifacts/data_cleaning]
[2024-12-03 14:48:38,354: INFO: data_cleaning: Cleaning the data]
[2024-12-03 14:48:38,355: INFO: data_cleaning: (400, 25)]
[2024-12-03 14:48:38,355: INFO: main: >>>>>> stage Data Cleaning stage completed <<<<<< 

x==========x]
[2024-12-03 14:48:38,356: INFO: main: >>>>>> stage Data Transformation stage started <<<<<<]
[2024-12-03 14:48:38,358: INFO: common: yaml file: config\config.yaml loaded successfully]
[2024-12-03 14:48:38,359: INFO: common: yaml file: params.yaml loaded successfully]
[2024-12-03 14:48:38,361: INFO: common: yaml file: schema.yaml loaded successfully]
[2024-12-03 14:48:38,361: INFO: common: created directory at: artifacts]
[2024-12-03 14:48:38,362: INFO: common: created directory at: artifacts/data_transformation]
[2024-12-03 14:48:38,409: INFO: data_transformation: Data transformation complete]
[2024-12-03 14:48:38,409: INFO: data_transformation: Data shape: (400, 25)]
[2024-12-03 14:48:38,410: INFO: main: >>>>>> stage Data Transformation stage completed <<<<<<

x==========x]
[2024-12-03 14:48:38,410: INFO: main: >>>>>> stage Data Spliting stage started <<<<<<]
[2024-12-03 14:48:38,412: INFO: common: yaml file: config\config.yaml loaded successfully]
[2024-12-03 14:48:38,413: INFO: common: yaml file: params.yaml loaded successfully]
[2024-12-03 14:48:38,414: INFO: common: yaml file: schema.yaml loaded successfully]
[2024-12-03 14:48:38,415: INFO: common: created directory at: artifacts]
[2024-12-03 14:48:38,415: INFO: common: created directory at: artifacts/data_training]
[2024-12-03 14:48:38,443: INFO: data_training: Splited data into training and test sets]
[2024-12-03 14:48:38,444: INFO: data_training: (300, 25)]
[2024-12-03 14:48:38,444: INFO: data_training: (100, 25)]
[2024-12-03 14:48:38,444: INFO: main: >>>>>> stage Data Spliting stage completed <<<<<<

x==========x]
[2024-12-03 14:48:38,445: INFO: main: >>>>>> stage Model Trainer stage started <<<<<<]
[2024-12-03 14:48:38,446: INFO: common: yaml file: config\config.yaml loaded successfully]
[2024-12-03 14:48:38,447: INFO: common: yaml file: params.yaml loaded successfully]
[2024-12-03 14:48:38,449: INFO: common: yaml file: schema.yaml loaded successfully]
[2024-12-03 14:48:38,449: INFO: common: created directory at: artifacts]
[2024-12-03 14:48:38,450: INFO: common: created directory at: artifacts/model_trainer]
[2024-12-03 14:48:38,577: INFO: main: >>>>>> stage Model Trainer stage completed <<<<<<

x==========x]
[2024-12-03 14:48:38,578: INFO: main: >>>>>> stage Model evaluation stage started <<<<<<]
[2024-12-03 14:48:38,579: INFO: common: yaml file: config\config.yaml loaded successfully]
[2024-12-03 14:48:38,580: INFO: common: yaml file: params.yaml loaded successfully]
[2024-12-03 14:48:38,582: INFO: common: yaml file: schema.yaml loaded successfully]
[2024-12-03 14:48:38,582: INFO: common: created directory at: artifacts]
[2024-12-03 14:48:38,583: ERROR: main: "'ConfigBox' object has no attribute 'kneighborsclassifier'"]
Traceback (most recent call last):
  File "C:\Users\MSI\AppData\Local\Programs\Python\Python311\Lib\site-packages\box\box.py", line 503, in __getitem__
    return super().__getitem__(item)
           ^^^^^^^^^^^^^^^^^^^^^^^^^
KeyError: 'KNeighborsClassifier'

The above exception was the direct cause of the following exception:

Traceback (most recent call last):
  File "C:\Users\MSI\AppData\Local\Programs\Python\Python311\Lib\site-packages\box\box.py", line 536, in __getattr__
    value = self.__getitem__(item, _ignore_default=True)
            ^^^^^^^^^^^^^^^^^^^^^^^^^^^^^^^^^^^^^^^^^^^^
  File "C:\Users\MSI\AppData\Local\Programs\Python\Python311\Lib\site-packages\box\box.py", line 524, in __getitem__
    raise BoxKeyError(str(err)) from _exception_cause(err)
box.exceptions.BoxKeyError: "'KNeighborsClassifier'"

During handling of the above exception, another exception occurred:

Traceback (most recent call last):
  File "C:\Users\MSI\AppData\Local\Programs\Python\Python311\Lib\site-packages\box\box.py", line 538, in __getattr__
    value = object.__getattribute__(self, item)
            ^^^^^^^^^^^^^^^^^^^^^^^^^^^^^^^^^^^
AttributeError: 'ConfigBox' object has no attribute 'KNeighborsClassifier'

The above exception was the direct cause of the following exception:

Traceback (most recent call last):
  File "C:\Users\MSI\AppData\Local\Programs\Python\Python311\Lib\site-packages\box\config_box.py", line 28, in __getattr__
    return super().__getattr__(item)
           ^^^^^^^^^^^^^^^^^^^^^^^^^
  File "C:\Users\MSI\AppData\Local\Programs\Python\Python311\Lib\site-packages\box\box.py", line 552, in __getattr__
    raise BoxKeyError(str(err)) from _exception_cause(err)
box.exceptions.BoxKeyError: "'ConfigBox' object has no attribute 'KNeighborsClassifier'"

During handling of the above exception, another exception occurred:

Traceback (most recent call last):
  File "C:\Users\MSI\AppData\Local\Programs\Python\Python311\Lib\site-packages\box\box.py", line 503, in __getitem__
    return super().__getitem__(item)
           ^^^^^^^^^^^^^^^^^^^^^^^^^
KeyError: 'kneighborsclassifier'

The above exception was the direct cause of the following exception:

Traceback (most recent call last):
  File "C:\Users\MSI\AppData\Local\Programs\Python\Python311\Lib\site-packages\box\box.py", line 536, in __getattr__
    value = self.__getitem__(item, _ignore_default=True)
            ^^^^^^^^^^^^^^^^^^^^^^^^^^^^^^^^^^^^^^^^^^^^
  File "C:\Users\MSI\AppData\Local\Programs\Python\Python311\Lib\site-packages\box\box.py", line 524, in __getitem__
    raise BoxKeyError(str(err)) from _exception_cause(err)
box.exceptions.BoxKeyError: "'kneighborsclassifier'"

During handling of the above exception, another exception occurred:

Traceback (most recent call last):
  File "C:\Users\MSI\AppData\Local\Programs\Python\Python311\Lib\site-packages\box\box.py", line 538, in __getattr__
    value = object.__getattribute__(self, item)
            ^^^^^^^^^^^^^^^^^^^^^^^^^^^^^^^^^^^
AttributeError: 'ConfigBox' object has no attribute 'kneighborsclassifier'

The above exception was the direct cause of the following exception:

Traceback (most recent call last):
  File "C:\Users\MSI\dirassa\ML\mlProject\main.py", line 81, in <module>
    data_ingestion.main()
  File "C:\Users\MSI\dirassa\ML\mlProject\src\mlProject\pipeline\stage_07_model_evaluation.py", line 15, in main
    model_evaluation_config = config.get_model_evaluation_config()
                              ^^^^^^^^^^^^^^^^^^^^^^^^^^^^^^^^^^^^
  File "C:\Users\MSI\dirassa\ML\mlProject\src\mlProject\config\configuration.py", line 114, in get_model_evaluation_config
    params = self.params.KNeighborsClassifier
             ^^^^^^^^^^^^^^^^^^^^^^^^^^^^^^^^
  File "C:\Users\MSI\AppData\Local\Programs\Python\Python311\Lib\site-packages\box\config_box.py", line 30, in __getattr__
    return super().__getattr__(item.lower())
           ^^^^^^^^^^^^^^^^^^^^^^^^^^^^^^^^^
  File "C:\Users\MSI\AppData\Local\Programs\Python\Python311\Lib\site-packages\box\box.py", line 552, in __getattr__
    raise BoxKeyError(str(err)) from _exception_cause(err)
box.exceptions.BoxKeyError: "'ConfigBox' object has no attribute 'kneighborsclassifier'"
[2024-12-03 14:48:53,729: INFO: main: >>>>>> stage Data Ingestion stage started <<<<<<]
[2024-12-03 14:48:53,732: INFO: common: yaml file: config\config.yaml loaded successfully]
[2024-12-03 14:48:53,733: INFO: common: yaml file: params.yaml loaded successfully]
[2024-12-03 14:48:53,735: INFO: common: yaml file: schema.yaml loaded successfully]
[2024-12-03 14:48:53,735: INFO: common: created directory at: artifacts]
[2024-12-03 14:48:53,735: INFO: common: created directory at: artifacts/data_ingestion]
[2024-12-03 14:48:53,736: INFO: data_ingestion: File already exists of size: ~ 48 KB]
[2024-12-03 14:48:53,736: INFO: main: >>>>>> stage Data Ingestion stage completed <<<<<<

x==========x]
[2024-12-03 14:48:53,737: INFO: main: >>>>>> stage Data Validation stage started <<<<<<]
[2024-12-03 14:48:53,739: INFO: common: yaml file: config\config.yaml loaded successfully]
[2024-12-03 14:48:53,740: INFO: common: yaml file: params.yaml loaded successfully]
[2024-12-03 14:48:53,744: INFO: common: yaml file: schema.yaml loaded successfully]
[2024-12-03 14:48:53,745: INFO: common: created directory at: artifacts]
[2024-12-03 14:48:53,745: INFO: common: created directory at: artifacts/data_validation]
[2024-12-03 14:48:53,762: INFO: main: >>>>>> stage Data Validation stage completed <<<<<<

x==========x]
[2024-12-03 14:48:53,763: INFO: main: >>>>>> stage Data Cleaning stage started  <<<<<<]
[2024-12-03 14:48:53,767: INFO: common: yaml file: config\config.yaml loaded successfully]
[2024-12-03 14:48:53,769: INFO: common: yaml file: params.yaml loaded successfully]
[2024-12-03 14:48:53,771: INFO: common: yaml file: schema.yaml loaded successfully]
[2024-12-03 14:48:53,772: INFO: common: created directory at: artifacts]
[2024-12-03 14:48:53,773: INFO: common: created directory at: artifacts/data_cleaning]
[2024-12-03 14:48:53,797: INFO: data_cleaning: Cleaning the data]
[2024-12-03 14:48:53,797: INFO: data_cleaning: (400, 25)]
[2024-12-03 14:48:53,798: INFO: main: >>>>>> stage Data Cleaning stage completed <<<<<< 

x==========x]
[2024-12-03 14:48:53,798: INFO: main: >>>>>> stage Data Transformation stage started <<<<<<]
[2024-12-03 14:48:53,800: INFO: common: yaml file: config\config.yaml loaded successfully]
[2024-12-03 14:48:53,801: INFO: common: yaml file: params.yaml loaded successfully]
[2024-12-03 14:48:53,802: INFO: common: yaml file: schema.yaml loaded successfully]
[2024-12-03 14:48:53,802: INFO: common: created directory at: artifacts]
[2024-12-03 14:48:53,803: INFO: common: created directory at: artifacts/data_transformation]
[2024-12-03 14:48:53,855: INFO: data_transformation: Data transformation complete]
[2024-12-03 14:48:53,856: INFO: data_transformation: Data shape: (400, 25)]
[2024-12-03 14:48:53,856: INFO: main: >>>>>> stage Data Transformation stage completed <<<<<<

x==========x]
[2024-12-03 14:48:53,857: INFO: main: >>>>>> stage Data Spliting stage started <<<<<<]
[2024-12-03 14:48:53,859: INFO: common: yaml file: config\config.yaml loaded successfully]
[2024-12-03 14:48:53,860: INFO: common: yaml file: params.yaml loaded successfully]
[2024-12-03 14:48:53,861: INFO: common: yaml file: schema.yaml loaded successfully]
[2024-12-03 14:48:53,862: INFO: common: created directory at: artifacts]
[2024-12-03 14:48:53,863: INFO: common: created directory at: artifacts/data_training]
[2024-12-03 14:48:53,892: INFO: data_training: Splited data into training and test sets]
[2024-12-03 14:48:53,892: INFO: data_training: (300, 25)]
[2024-12-03 14:48:53,892: INFO: data_training: (100, 25)]
[2024-12-03 14:48:53,893: INFO: main: >>>>>> stage Data Spliting stage completed <<<<<<

x==========x]
[2024-12-03 14:48:53,893: INFO: main: >>>>>> stage Model Trainer stage started <<<<<<]
[2024-12-03 14:48:53,895: INFO: common: yaml file: config\config.yaml loaded successfully]
[2024-12-03 14:48:53,896: INFO: common: yaml file: params.yaml loaded successfully]
[2024-12-03 14:48:53,897: INFO: common: yaml file: schema.yaml loaded successfully]
[2024-12-03 14:48:53,898: INFO: common: created directory at: artifacts]
[2024-12-03 14:48:53,899: INFO: common: created directory at: artifacts/model_trainer]
[2024-12-03 14:48:54,032: INFO: main: >>>>>> stage Model Trainer stage completed <<<<<<

x==========x]
[2024-12-03 14:48:54,033: INFO: main: >>>>>> stage Model evaluation stage started <<<<<<]
[2024-12-03 14:48:54,034: INFO: common: yaml file: config\config.yaml loaded successfully]
[2024-12-03 14:48:54,035: INFO: common: yaml file: params.yaml loaded successfully]
[2024-12-03 14:48:54,037: INFO: common: yaml file: schema.yaml loaded successfully]
[2024-12-03 14:48:54,037: INFO: common: created directory at: artifacts]
[2024-12-03 14:48:54,037: INFO: common: created directory at: artifacts/model_evaluation]
[2024-12-03 14:48:54,360: INFO: common: json file saved at: artifacts\model_evaluation\metrics.json]
[2024-12-03 14:48:57,755: ERROR: main: [WinError 5] Access is denied: 'C:\\Users\\Lenovo']
Traceback (most recent call last):
  File "C:\Users\MSI\dirassa\ML\mlProject\main.py", line 81, in <module>
    data_ingestion.main()
  File "C:\Users\MSI\dirassa\ML\mlProject\src\mlProject\pipeline\stage_07_model_evaluation.py", line 17, in main
    model_evaluation_config.log_into_mlflow()
  File "C:\Users\MSI\dirassa\ML\mlProject\src\mlProject\components\model_evaluation.py", line 63, in log_into_mlflow
    mlflow.sklearn.log_model(model, "model")
  File "C:\Users\MSI\AppData\Local\Programs\Python\Python311\Lib\site-packages\mlflow\sklearn\__init__.py", line 424, in log_model
    return Model.log(
           ^^^^^^^^^^
  File "C:\Users\MSI\AppData\Local\Programs\Python\Python311\Lib\site-packages\mlflow\models\model.py", line 552, in log
    mlflow.tracking.fluent.log_artifacts(local_path, mlflow_model.artifact_path)
  File "C:\Users\MSI\AppData\Local\Programs\Python\Python311\Lib\site-packages\mlflow\tracking\fluent.py", line 817, in log_artifacts
    MlflowClient().log_artifacts(run_id, local_dir, artifact_path)
  File "C:\Users\MSI\AppData\Local\Programs\Python\Python311\Lib\site-packages\mlflow\tracking\client.py", line 1069, in log_artifacts
    self._tracking_client.log_artifacts(run_id, local_dir, artifact_path)
  File "C:\Users\MSI\AppData\Local\Programs\Python\Python311\Lib\site-packages\mlflow\tracking\_tracking_service\client.py", line 448, in log_artifacts
    self._get_artifact_repo(run_id).log_artifacts(local_dir, artifact_path)
  File "C:\Users\MSI\AppData\Local\Programs\Python\Python311\Lib\site-packages\mlflow\store\artifact\local_artifact_repo.py", line 57, in log_artifacts
    mkdir(artifact_dir)
  File "C:\Users\MSI\AppData\Local\Programs\Python\Python311\Lib\site-packages\mlflow\utils\file_utils.py", line 121, in mkdir
    raise e
  File "C:\Users\MSI\AppData\Local\Programs\Python\Python311\Lib\site-packages\mlflow\utils\file_utils.py", line 118, in mkdir
    os.makedirs(target)
  File "<frozen os>", line 215, in makedirs
  File "<frozen os>", line 215, in makedirs
  File "<frozen os>", line 215, in makedirs
  [Previous line repeated 4 more times]
  File "<frozen os>", line 225, in makedirs
PermissionError: [WinError 5] Access is denied: 'C:\\Users\\Lenovo'
[2024-12-03 14:49:01,443: INFO: main: >>>>>> stage Data Ingestion stage started <<<<<<]
[2024-12-03 14:49:01,446: INFO: common: yaml file: config\config.yaml loaded successfully]
[2024-12-03 14:49:01,447: INFO: common: yaml file: params.yaml loaded successfully]
[2024-12-03 14:49:01,449: INFO: common: yaml file: schema.yaml loaded successfully]
[2024-12-03 14:49:01,450: INFO: common: created directory at: artifacts]
[2024-12-03 14:49:01,450: INFO: common: created directory at: artifacts/data_ingestion]
[2024-12-03 14:49:01,451: INFO: data_ingestion: File already exists of size: ~ 48 KB]
[2024-12-03 14:49:01,451: INFO: main: >>>>>> stage Data Ingestion stage completed <<<<<<

x==========x]
[2024-12-03 14:49:01,451: INFO: main: >>>>>> stage Data Validation stage started <<<<<<]
[2024-12-03 14:49:01,453: INFO: common: yaml file: config\config.yaml loaded successfully]
[2024-12-03 14:49:01,454: INFO: common: yaml file: params.yaml loaded successfully]
[2024-12-03 14:49:01,455: INFO: common: yaml file: schema.yaml loaded successfully]
[2024-12-03 14:49:01,456: INFO: common: created directory at: artifacts]
[2024-12-03 14:49:01,456: INFO: common: created directory at: artifacts/data_validation]
[2024-12-03 14:49:01,465: INFO: main: >>>>>> stage Data Validation stage completed <<<<<<

x==========x]
[2024-12-03 14:49:01,466: INFO: main: >>>>>> stage Data Cleaning stage started  <<<<<<]
[2024-12-03 14:49:01,469: INFO: common: yaml file: config\config.yaml loaded successfully]
[2024-12-03 14:49:01,470: INFO: common: yaml file: params.yaml loaded successfully]
[2024-12-03 14:49:01,472: INFO: common: yaml file: schema.yaml loaded successfully]
[2024-12-03 14:49:01,472: INFO: common: created directory at: artifacts]
[2024-12-03 14:49:01,472: INFO: common: created directory at: artifacts/data_cleaning]
[2024-12-03 14:49:01,492: INFO: data_cleaning: Cleaning the data]
[2024-12-03 14:49:01,493: INFO: data_cleaning: (400, 25)]
[2024-12-03 14:49:01,493: INFO: main: >>>>>> stage Data Cleaning stage completed <<<<<< 

x==========x]
[2024-12-03 14:49:01,494: INFO: main: >>>>>> stage Data Transformation stage started <<<<<<]
[2024-12-03 14:49:01,496: INFO: common: yaml file: config\config.yaml loaded successfully]
[2024-12-03 14:49:01,497: INFO: common: yaml file: params.yaml loaded successfully]
[2024-12-03 14:49:01,498: INFO: common: yaml file: schema.yaml loaded successfully]
[2024-12-03 14:49:01,500: INFO: common: created directory at: artifacts]
[2024-12-03 14:49:01,501: INFO: common: created directory at: artifacts/data_transformation]
[2024-12-03 14:49:01,548: INFO: data_transformation: Data transformation complete]
[2024-12-03 14:49:01,548: INFO: data_transformation: Data shape: (400, 25)]
[2024-12-03 14:49:01,549: INFO: main: >>>>>> stage Data Transformation stage completed <<<<<<

x==========x]
[2024-12-03 14:49:01,549: INFO: main: >>>>>> stage Data Spliting stage started <<<<<<]
[2024-12-03 14:49:01,551: INFO: common: yaml file: config\config.yaml loaded successfully]
[2024-12-03 14:49:01,552: INFO: common: yaml file: params.yaml loaded successfully]
[2024-12-03 14:49:01,554: INFO: common: yaml file: schema.yaml loaded successfully]
[2024-12-03 14:49:01,554: INFO: common: created directory at: artifacts]
[2024-12-03 14:49:01,555: INFO: common: created directory at: artifacts/data_training]
[2024-12-03 14:49:01,580: INFO: data_training: Splited data into training and test sets]
[2024-12-03 14:49:01,581: INFO: data_training: (300, 25)]
[2024-12-03 14:49:01,581: INFO: data_training: (100, 25)]
[2024-12-03 14:49:01,582: INFO: main: >>>>>> stage Data Spliting stage completed <<<<<<

x==========x]
[2024-12-03 14:49:01,582: INFO: main: >>>>>> stage Model Trainer stage started <<<<<<]
[2024-12-03 14:49:01,584: INFO: common: yaml file: config\config.yaml loaded successfully]
[2024-12-03 14:49:01,586: INFO: common: yaml file: params.yaml loaded successfully]
[2024-12-03 14:49:01,587: INFO: common: yaml file: schema.yaml loaded successfully]
[2024-12-03 14:49:01,588: INFO: common: created directory at: artifacts]
[2024-12-03 14:49:01,588: INFO: common: created directory at: artifacts/model_trainer]
[2024-12-03 14:49:01,730: INFO: main: >>>>>> stage Model Trainer stage completed <<<<<<

x==========x]
[2024-12-03 14:49:01,731: INFO: main: >>>>>> stage Model evaluation stage started <<<<<<]
[2024-12-03 14:49:01,733: INFO: common: yaml file: config\config.yaml loaded successfully]
[2024-12-03 14:49:01,734: INFO: common: yaml file: params.yaml loaded successfully]
[2024-12-03 14:49:01,736: INFO: common: yaml file: schema.yaml loaded successfully]
[2024-12-03 14:49:01,737: INFO: common: created directory at: artifacts]
[2024-12-03 14:49:01,737: INFO: common: created directory at: artifacts/model_evaluation]
[2024-12-03 14:49:02,269: INFO: common: json file saved at: artifacts\model_evaluation\metrics.json]
[2024-12-03 14:49:09,689: INFO: main: >>>>>> stage Model evaluation stage completed <<<<<<

x==========x]
[2024-12-03 14:49:41,850: INFO: main: >>>>>> stage Data Ingestion stage started <<<<<<]
[2024-12-03 14:49:41,852: INFO: common: yaml file: config\config.yaml loaded successfully]
[2024-12-03 14:49:41,872: INFO: common: yaml file: params.yaml loaded successfully]
[2024-12-03 14:49:41,874: INFO: common: yaml file: schema.yaml loaded successfully]
[2024-12-03 14:49:41,875: INFO: common: created directory at: artifacts]
[2024-12-03 14:49:41,876: INFO: common: created directory at: artifacts/data_ingestion]
[2024-12-03 14:49:41,876: INFO: data_ingestion: File already exists of size: ~ 48 KB]
[2024-12-03 14:49:41,877: INFO: main: >>>>>> stage Data Ingestion stage completed <<<<<<

x==========x]
[2024-12-03 14:49:41,877: INFO: main: >>>>>> stage Data Validation stage started <<<<<<]
[2024-12-03 14:49:41,879: INFO: common: yaml file: config\config.yaml loaded successfully]
[2024-12-03 14:49:41,880: INFO: common: yaml file: params.yaml loaded successfully]
[2024-12-03 14:49:41,882: INFO: common: yaml file: schema.yaml loaded successfully]
[2024-12-03 14:49:41,883: INFO: common: created directory at: artifacts]
[2024-12-03 14:49:41,884: INFO: common: created directory at: artifacts/data_validation]
[2024-12-03 14:49:41,899: INFO: main: >>>>>> stage Data Validation stage completed <<<<<<

x==========x]
[2024-12-03 14:49:41,900: INFO: main: >>>>>> stage Data Cleaning stage started  <<<<<<]
[2024-12-03 14:49:41,906: INFO: common: yaml file: config\config.yaml loaded successfully]
[2024-12-03 14:49:41,907: INFO: common: yaml file: params.yaml loaded successfully]
[2024-12-03 14:49:41,910: INFO: common: yaml file: schema.yaml loaded successfully]
[2024-12-03 14:49:41,911: INFO: common: created directory at: artifacts]
[2024-12-03 14:49:41,912: INFO: common: created directory at: artifacts/data_cleaning]
[2024-12-03 14:49:41,929: INFO: data_cleaning: Cleaning the data]
[2024-12-03 14:49:41,929: INFO: data_cleaning: (400, 25)]
[2024-12-03 14:49:41,930: INFO: main: >>>>>> stage Data Cleaning stage completed <<<<<< 

x==========x]
[2024-12-03 14:49:41,930: INFO: main: >>>>>> stage Data Transformation stage started <<<<<<]
[2024-12-03 14:49:41,932: INFO: common: yaml file: config\config.yaml loaded successfully]
[2024-12-03 14:49:41,933: INFO: common: yaml file: params.yaml loaded successfully]
[2024-12-03 14:49:41,934: INFO: common: yaml file: schema.yaml loaded successfully]
[2024-12-03 14:49:41,935: INFO: common: created directory at: artifacts]
[2024-12-03 14:49:41,935: INFO: common: created directory at: artifacts/data_transformation]
[2024-12-03 14:49:41,990: INFO: data_transformation: Data transformation complete]
[2024-12-03 14:49:41,991: INFO: data_transformation: Data shape: (400, 25)]
[2024-12-03 14:49:41,991: INFO: main: >>>>>> stage Data Transformation stage completed <<<<<<

x==========x]
[2024-12-03 14:49:41,991: INFO: main: >>>>>> stage Data Spliting stage started <<<<<<]
[2024-12-03 14:49:41,993: INFO: common: yaml file: config\config.yaml loaded successfully]
[2024-12-03 14:49:41,994: INFO: common: yaml file: params.yaml loaded successfully]
[2024-12-03 14:49:41,996: INFO: common: yaml file: schema.yaml loaded successfully]
[2024-12-03 14:49:41,996: INFO: common: created directory at: artifacts]
[2024-12-03 14:49:41,997: INFO: common: created directory at: artifacts/data_training]
[2024-12-03 14:49:42,027: INFO: data_training: Splited data into training and test sets]
[2024-12-03 14:49:42,027: INFO: data_training: (300, 25)]
[2024-12-03 14:49:42,028: INFO: data_training: (100, 25)]
[2024-12-03 14:49:42,028: INFO: main: >>>>>> stage Data Spliting stage completed <<<<<<

x==========x]
[2024-12-03 14:49:42,029: INFO: main: >>>>>> stage Model Trainer stage started <<<<<<]
[2024-12-03 14:49:42,031: INFO: common: yaml file: config\config.yaml loaded successfully]
[2024-12-03 14:49:42,032: INFO: common: yaml file: params.yaml loaded successfully]
[2024-12-03 14:49:42,033: INFO: common: yaml file: schema.yaml loaded successfully]
[2024-12-03 14:49:42,035: INFO: common: created directory at: artifacts]
[2024-12-03 14:49:42,035: INFO: common: created directory at: artifacts/model_trainer]
[2024-12-03 14:49:42,287: INFO: main: >>>>>> stage Model Trainer stage completed <<<<<<

x==========x]
[2024-12-03 14:49:42,287: INFO: main: >>>>>> stage Model evaluation stage started <<<<<<]
[2024-12-03 14:49:42,289: INFO: common: yaml file: config\config.yaml loaded successfully]
[2024-12-03 14:49:42,290: INFO: common: yaml file: params.yaml loaded successfully]
[2024-12-03 14:49:42,291: INFO: common: yaml file: schema.yaml loaded successfully]
[2024-12-03 14:49:42,292: INFO: common: created directory at: artifacts]
[2024-12-03 14:49:42,293: INFO: common: created directory at: artifacts/model_evaluation]
[2024-12-03 14:49:42,831: INFO: common: json file saved at: artifacts\model_evaluation\metrics.json]
[2024-12-03 14:49:50,422: INFO: main: >>>>>> stage Model evaluation stage completed <<<<<<

x==========x]
[2024-12-05 20:18:39,118: INFO: main: >>>>>> stage Data Ingestion stage started <<<<<<]
[2024-12-05 20:18:39,142: INFO: common: yaml file: config\config.yaml loaded successfully]
[2024-12-05 20:18:39,154: INFO: common: yaml file: params.yaml loaded successfully]
[2024-12-05 20:18:39,176: INFO: common: yaml file: schema.yaml loaded successfully]
[2024-12-05 20:18:39,179: INFO: common: created directory at: artifacts]
[2024-12-05 20:18:39,180: INFO: common: created directory at: artifacts/data_ingestion]
[2024-12-05 20:18:39,181: INFO: data_ingestion: File already exists of size: ~ 48 KB]
[2024-12-05 20:18:39,182: INFO: main: >>>>>> stage Data Ingestion stage completed <<<<<<

x==========x]
[2024-12-05 20:18:39,184: INFO: main: >>>>>> stage Data Validation stage started <<<<<<]
[2024-12-05 20:18:39,190: INFO: common: yaml file: config\config.yaml loaded successfully]
[2024-12-05 20:18:39,195: INFO: common: yaml file: params.yaml loaded successfully]
[2024-12-05 20:18:39,202: INFO: common: yaml file: schema.yaml loaded successfully]
[2024-12-05 20:18:39,205: INFO: common: created directory at: artifacts]
[2024-12-05 20:18:39,207: INFO: common: created directory at: artifacts/data_validation]
[2024-12-05 20:18:39,284: INFO: main: >>>>>> stage Data Validation stage completed <<<<<<

x==========x]
[2024-12-05 20:18:39,285: INFO: main: >>>>>> stage Data Cleaning stage started  <<<<<<]
[2024-12-05 20:18:39,309: INFO: common: yaml file: config\config.yaml loaded successfully]
[2024-12-05 20:18:39,311: INFO: common: yaml file: params.yaml loaded successfully]
[2024-12-05 20:18:39,314: INFO: common: yaml file: schema.yaml loaded successfully]
[2024-12-05 20:18:39,315: INFO: common: created directory at: artifacts]
[2024-12-05 20:18:39,316: INFO: common: created directory at: artifacts/data_cleaning]
[2024-12-05 20:18:39,361: INFO: data_cleaning: Cleaning the data]
[2024-12-05 20:18:39,361: INFO: data_cleaning: (400, 25)]
[2024-12-05 20:18:39,362: INFO: main: >>>>>> stage Data Cleaning stage completed <<<<<< 

x==========x]
[2024-12-05 20:18:39,363: INFO: main: >>>>>> stage Data Transformation stage started <<<<<<]
[2024-12-05 20:18:39,366: INFO: common: yaml file: config\config.yaml loaded successfully]
[2024-12-05 20:18:39,368: INFO: common: yaml file: params.yaml loaded successfully]
[2024-12-05 20:18:39,370: INFO: common: yaml file: schema.yaml loaded successfully]
[2024-12-05 20:18:39,371: INFO: common: created directory at: artifacts]
[2024-12-05 20:18:39,371: INFO: common: created directory at: artifacts/data_transformation]
[2024-12-05 20:18:39,469: INFO: data_transformation: Data transformation complete]
[2024-12-05 20:18:39,470: INFO: data_transformation: Data shape: (400, 25)]
[2024-12-05 20:18:39,471: INFO: main: >>>>>> stage Data Transformation stage completed <<<<<<

x==========x]
[2024-12-05 20:18:39,472: INFO: main: >>>>>> stage Data Spliting stage started <<<<<<]
[2024-12-05 20:18:39,477: INFO: common: yaml file: config\config.yaml loaded successfully]
[2024-12-05 20:18:39,480: INFO: common: yaml file: params.yaml loaded successfully]
[2024-12-05 20:18:39,484: INFO: common: yaml file: schema.yaml loaded successfully]
[2024-12-05 20:18:39,485: INFO: common: created directory at: artifacts]
[2024-12-05 20:18:39,487: INFO: common: created directory at: artifacts/data_training]
[2024-12-05 20:18:39,534: INFO: data_training: Splited data into training and test sets]
[2024-12-05 20:18:39,534: INFO: data_training: (300, 25)]
[2024-12-05 20:18:39,535: INFO: data_training: (100, 25)]
[2024-12-05 20:18:39,535: INFO: main: >>>>>> stage Data Spliting stage completed <<<<<<

x==========x]
[2024-12-05 20:18:39,536: INFO: main: >>>>>> stage Model Trainer stage started <<<<<<]
[2024-12-05 20:18:39,538: INFO: common: yaml file: config\config.yaml loaded successfully]
[2024-12-05 20:18:39,540: INFO: common: yaml file: params.yaml loaded successfully]
[2024-12-05 20:18:39,542: INFO: common: yaml file: schema.yaml loaded successfully]
[2024-12-05 20:18:39,544: INFO: common: created directory at: artifacts]
[2024-12-05 20:18:39,544: INFO: common: created directory at: artifacts/model_trainer]
[2024-12-05 20:18:40,203: INFO: main: >>>>>> stage Model Trainer stage completed <<<<<<

x==========x]
[2024-12-05 20:18:40,204: INFO: main: >>>>>> stage Model evaluation stage started <<<<<<]
[2024-12-05 20:18:40,210: INFO: common: yaml file: config\config.yaml loaded successfully]
[2024-12-05 20:18:40,215: INFO: common: yaml file: params.yaml loaded successfully]
[2024-12-05 20:18:40,221: INFO: common: yaml file: schema.yaml loaded successfully]
[2024-12-05 20:18:40,222: INFO: common: created directory at: artifacts]
[2024-12-05 20:18:40,224: INFO: common: created directory at: artifacts/model_evaluation]
[2024-12-05 20:18:40,677: INFO: common: json file saved at: artifacts\model_evaluation\metrics.json]
[2024-12-05 20:19:11,951: ERROR: main: [WinError 5] Access is denied: 'C:\\Users\\Lenovo']
Traceback (most recent call last):
  File "C:\Users\MSI\dirassa\ML\mlProject\main.py", line 81, in <module>
    data_ingestion.main()
  File "C:\Users\MSI\dirassa\ML\mlProject\src\mlProject\pipeline\stage_07_model_evaluation.py", line 17, in main
    model_evaluation_config.log_into_mlflow()
  File "C:\Users\MSI\dirassa\ML\mlProject\src\mlProject\components\model_evaluation.py", line 63, in log_into_mlflow
    mlflow.sklearn.log_model(model, "model")
  File "C:\Users\MSI\AppData\Local\Programs\Python\Python311\Lib\site-packages\mlflow\sklearn\__init__.py", line 424, in log_model
    return Model.log(
           ^^^^^^^^^^
  File "C:\Users\MSI\AppData\Local\Programs\Python\Python311\Lib\site-packages\mlflow\models\model.py", line 552, in log
    mlflow.tracking.fluent.log_artifacts(local_path, mlflow_model.artifact_path)
  File "C:\Users\MSI\AppData\Local\Programs\Python\Python311\Lib\site-packages\mlflow\tracking\fluent.py", line 817, in log_artifacts
    MlflowClient().log_artifacts(run_id, local_dir, artifact_path)
  File "C:\Users\MSI\AppData\Local\Programs\Python\Python311\Lib\site-packages\mlflow\tracking\client.py", line 1069, in log_artifacts
    self._tracking_client.log_artifacts(run_id, local_dir, artifact_path)
  File "C:\Users\MSI\AppData\Local\Programs\Python\Python311\Lib\site-packages\mlflow\tracking\_tracking_service\client.py", line 448, in log_artifacts
    self._get_artifact_repo(run_id).log_artifacts(local_dir, artifact_path)
  File "C:\Users\MSI\AppData\Local\Programs\Python\Python311\Lib\site-packages\mlflow\store\artifact\local_artifact_repo.py", line 57, in log_artifacts
    mkdir(artifact_dir)
  File "C:\Users\MSI\AppData\Local\Programs\Python\Python311\Lib\site-packages\mlflow\utils\file_utils.py", line 121, in mkdir
    raise e
  File "C:\Users\MSI\AppData\Local\Programs\Python\Python311\Lib\site-packages\mlflow\utils\file_utils.py", line 118, in mkdir
    os.makedirs(target)
  File "<frozen os>", line 215, in makedirs
  File "<frozen os>", line 215, in makedirs
  File "<frozen os>", line 215, in makedirs
  [Previous line repeated 4 more times]
  File "<frozen os>", line 225, in makedirs
PermissionError: [WinError 5] Access is denied: 'C:\\Users\\Lenovo'
[2024-12-05 20:52:44,815: INFO: common: yaml file: config\config.yaml loaded successfully]
[2024-12-05 20:52:44,821: INFO: common: yaml file: params.yaml loaded successfully]
[2024-12-05 20:52:44,826: INFO: common: yaml file: schema.yaml loaded successfully]
[2024-12-05 20:52:44,828: INFO: common: created directory at: artifacts]
[2024-12-05 20:52:44,829: INFO: common: created directory at: artifacts/data_ingestion]
[2024-12-05 20:52:44,832: INFO: 3063751822: File already exists of size: ~ 48 KB]
[2024-12-05 21:04:56,904: INFO: common: yaml file: config\config.yaml loaded successfully]
[2024-12-05 21:04:56,906: INFO: common: yaml file: params.yaml loaded successfully]
[2024-12-05 21:04:56,909: INFO: common: yaml file: schema.yaml loaded successfully]
[2024-12-05 21:04:56,911: INFO: common: created directory at: artifacts]
[2024-12-06 00:46:22,951: INFO: _internal: [31m[1mWARNING: This is a development server. Do not use it in a production deployment. Use a production WSGI server instead.[0m
 * Running on all addresses (0.0.0.0)
 * Running on http://127.0.0.1:8080
 * Running on http://192.168.1.16:8080]
[2024-12-06 00:46:22,952: INFO: _internal: [33mPress CTRL+C to quit[0m]
[2024-12-06 00:46:22,954: INFO: _internal:  * Restarting with stat]
[2024-12-06 00:46:23,822: WARNING: _internal:  * Debugger is active!]
[2024-12-06 00:46:23,827: INFO: _internal:  * Debugger PIN: 230-686-137]
[2024-12-06 00:46:33,654: INFO: main: >>>>>> stage Data Ingestion stage started <<<<<<]
[2024-12-06 00:46:33,665: INFO: common: yaml file: config\config.yaml loaded successfully]
[2024-12-06 00:46:33,704: INFO: common: yaml file: params.yaml loaded successfully]
[2024-12-06 00:46:33,738: INFO: common: yaml file: schema.yaml loaded successfully]
[2024-12-06 00:46:33,740: INFO: common: created directory at: artifacts]
[2024-12-06 00:46:33,742: INFO: common: created directory at: artifacts/data_ingestion]
[2024-12-06 00:46:33,745: INFO: data_ingestion: File already exists of size: ~ 48 KB]
[2024-12-06 00:46:33,748: INFO: main: >>>>>> stage Data Ingestion stage completed <<<<<<

x==========x]
[2024-12-06 00:46:33,751: INFO: main: >>>>>> stage Data Validation stage started <<<<<<]
[2024-12-06 00:46:33,769: INFO: common: yaml file: config\config.yaml loaded successfully]
[2024-12-06 00:46:33,778: INFO: common: yaml file: params.yaml loaded successfully]
[2024-12-06 00:46:33,794: INFO: common: yaml file: schema.yaml loaded successfully]
[2024-12-06 00:46:33,795: INFO: common: created directory at: artifacts]
[2024-12-06 00:46:33,795: INFO: common: created directory at: artifacts/data_validation]
[2024-12-06 00:46:33,870: INFO: main: >>>>>> stage Data Validation stage completed <<<<<<

x==========x]
[2024-12-06 00:46:33,871: INFO: main: >>>>>> stage Data Cleaning stage started  <<<<<<]
[2024-12-06 00:46:33,883: INFO: common: yaml file: config\config.yaml loaded successfully]
[2024-12-06 00:46:33,884: INFO: common: yaml file: params.yaml loaded successfully]
[2024-12-06 00:46:33,887: INFO: common: yaml file: schema.yaml loaded successfully]
[2024-12-06 00:46:33,888: INFO: common: created directory at: artifacts]
[2024-12-06 00:46:33,888: INFO: common: created directory at: artifacts/data_cleaning]
[2024-12-06 00:46:33,932: INFO: data_cleaning: Cleaning the data]
[2024-12-06 00:46:33,932: INFO: data_cleaning: (400, 25)]
[2024-12-06 00:46:33,933: INFO: main: >>>>>> stage Data Cleaning stage completed <<<<<< 

x==========x]
[2024-12-06 00:46:33,933: INFO: main: >>>>>> stage Data Transformation stage started <<<<<<]
[2024-12-06 00:46:33,935: INFO: common: yaml file: config\config.yaml loaded successfully]
[2024-12-06 00:46:33,935: INFO: common: yaml file: params.yaml loaded successfully]
[2024-12-06 00:46:33,938: INFO: common: yaml file: schema.yaml loaded successfully]
[2024-12-06 00:46:33,938: INFO: common: created directory at: artifacts]
[2024-12-06 00:46:33,938: INFO: common: created directory at: artifacts/data_transformation]
[2024-12-06 00:46:34,006: INFO: data_transformation: Data transformation complete]
[2024-12-06 00:46:34,006: INFO: data_transformation: Data shape: (400, 25)]
[2024-12-06 00:46:34,007: INFO: main: >>>>>> stage Data Transformation stage completed <<<<<<

x==========x]
[2024-12-06 00:46:34,007: INFO: main: >>>>>> stage Data Spliting stage started <<<<<<]
[2024-12-06 00:46:34,009: INFO: common: yaml file: config\config.yaml loaded successfully]
[2024-12-06 00:46:34,010: INFO: common: yaml file: params.yaml loaded successfully]
[2024-12-06 00:46:34,011: INFO: common: yaml file: schema.yaml loaded successfully]
[2024-12-06 00:46:34,012: INFO: common: created directory at: artifacts]
[2024-12-06 00:46:34,012: INFO: common: created directory at: artifacts/data_training]
[2024-12-06 00:46:34,058: INFO: data_training: Splited data into training and test sets]
[2024-12-06 00:46:34,059: INFO: data_training: (300, 25)]
[2024-12-06 00:46:34,059: INFO: data_training: (100, 25)]
[2024-12-06 00:46:34,059: INFO: main: >>>>>> stage Data Spliting stage completed <<<<<<

x==========x]
[2024-12-06 00:46:34,060: INFO: main: >>>>>> stage Model Trainer stage started <<<<<<]
[2024-12-06 00:46:34,062: INFO: common: yaml file: config\config.yaml loaded successfully]
[2024-12-06 00:46:34,063: INFO: common: yaml file: params.yaml loaded successfully]
[2024-12-06 00:46:34,065: INFO: common: yaml file: schema.yaml loaded successfully]
[2024-12-06 00:46:34,067: INFO: common: created directory at: artifacts]
[2024-12-06 00:46:34,068: INFO: common: created directory at: artifacts/model_trainer]
[2024-12-06 00:46:34,334: INFO: main: >>>>>> stage Model Trainer stage completed <<<<<<

x==========x]
[2024-12-06 00:46:34,335: INFO: main: >>>>>> stage Model evaluation stage started <<<<<<]
[2024-12-06 00:46:34,337: INFO: common: yaml file: config\config.yaml loaded successfully]
[2024-12-06 00:46:34,338: INFO: common: yaml file: params.yaml loaded successfully]
[2024-12-06 00:46:34,339: INFO: common: yaml file: schema.yaml loaded successfully]
[2024-12-06 00:46:34,340: INFO: common: created directory at: artifacts]
[2024-12-06 00:46:34,344: INFO: common: created directory at: artifacts/model_evaluation]
[2024-12-06 00:46:34,714: INFO: common: json file saved at: artifacts\model_evaluation\metrics.json]
[2024-12-06 00:46:43,721: ERROR: main: [WinError 5] Access is denied: 'C:\\Users\\Lenovo']
Traceback (most recent call last):
  File "C:\Users\MSI\dirassa\ML\mlProject\main.py", line 81, in <module>
    data_ingestion.main()
  File "C:\Users\MSI\dirassa\ML\mlProject\src\mlProject\pipeline\stage_07_model_evaluation.py", line 17, in main
    model_evaluation_config.log_into_mlflow()
  File "C:\Users\MSI\dirassa\ML\mlProject\src\mlProject\components\model_evaluation.py", line 63, in log_into_mlflow
    mlflow.sklearn.log_model(model, "model")
  File "C:\Users\MSI\AppData\Local\Programs\Python\Python311\Lib\site-packages\mlflow\sklearn\__init__.py", line 424, in log_model
    return Model.log(
           ^^^^^^^^^^
  File "C:\Users\MSI\AppData\Local\Programs\Python\Python311\Lib\site-packages\mlflow\models\model.py", line 552, in log
    mlflow.tracking.fluent.log_artifacts(local_path, mlflow_model.artifact_path)
  File "C:\Users\MSI\AppData\Local\Programs\Python\Python311\Lib\site-packages\mlflow\tracking\fluent.py", line 817, in log_artifacts
    MlflowClient().log_artifacts(run_id, local_dir, artifact_path)
  File "C:\Users\MSI\AppData\Local\Programs\Python\Python311\Lib\site-packages\mlflow\tracking\client.py", line 1069, in log_artifacts
    self._tracking_client.log_artifacts(run_id, local_dir, artifact_path)
  File "C:\Users\MSI\AppData\Local\Programs\Python\Python311\Lib\site-packages\mlflow\tracking\_tracking_service\client.py", line 448, in log_artifacts
    self._get_artifact_repo(run_id).log_artifacts(local_dir, artifact_path)
  File "C:\Users\MSI\AppData\Local\Programs\Python\Python311\Lib\site-packages\mlflow\store\artifact\local_artifact_repo.py", line 57, in log_artifacts
    mkdir(artifact_dir)
  File "C:\Users\MSI\AppData\Local\Programs\Python\Python311\Lib\site-packages\mlflow\utils\file_utils.py", line 121, in mkdir
    raise e
  File "C:\Users\MSI\AppData\Local\Programs\Python\Python311\Lib\site-packages\mlflow\utils\file_utils.py", line 118, in mkdir
    os.makedirs(target)
  File "<frozen os>", line 215, in makedirs
  File "<frozen os>", line 215, in makedirs
  File "<frozen os>", line 215, in makedirs
  [Previous line repeated 4 more times]
  File "<frozen os>", line 225, in makedirs
PermissionError: [WinError 5] Access is denied: 'C:\\Users\\Lenovo'
[2024-12-06 00:46:44,278: INFO: _internal: 127.0.0.1 - - [06/Dec/2024 00:46:44] "GET /train HTTP/1.1" 200 -]
[2024-12-06 00:49:40,576: INFO: _internal: 127.0.0.1 - - [06/Dec/2024 00:49:40] "[31m[1mPOST / HTTP/1.1[0m" 405 -]
[2024-12-06 00:52:43,008: INFO: _internal: 127.0.0.1 - - [06/Dec/2024 00:52:43] "GET / HTTP/1.1" 200 -]
[2024-12-06 00:52:43,452: INFO: _internal: 127.0.0.1 - - [06/Dec/2024 00:52:43] "[36mGET /static/css/owl.carousel.min.css HTTP/1.1[0m" 304 -]
[2024-12-06 00:52:43,456: INFO: _internal: 127.0.0.1 - - [06/Dec/2024 00:52:43] "[36mGET /static/css/font-awesome.min.css HTTP/1.1[0m" 304 -]
[2024-12-06 00:52:43,478: INFO: _internal: 127.0.0.1 - - [06/Dec/2024 00:52:43] "[36mGET /static/css/flaticon.css HTTP/1.1[0m" 304 -]
[2024-12-06 00:52:43,489: INFO: _internal: 127.0.0.1 - - [06/Dec/2024 00:52:43] "[36mGET /static/css/gijgo.css HTTP/1.1[0m" 304 -]
[2024-12-06 00:52:43,497: INFO: _internal: 127.0.0.1 - - [06/Dec/2024 00:52:43] "[36mGET /static/css/magnific-popup.css HTTP/1.1[0m" 304 -]
[2024-12-06 00:52:43,509: INFO: _internal: 127.0.0.1 - - [06/Dec/2024 00:52:43] "[36mGET /static/css/animate.css HTTP/1.1[0m" 304 -]
[2024-12-06 00:52:43,522: INFO: _internal: 127.0.0.1 - - [06/Dec/2024 00:52:43] "[36mGET /static/css/style.css HTTP/1.1[0m" 304 -]
[2024-12-06 00:52:43,522: INFO: _internal: 127.0.0.1 - - [06/Dec/2024 00:52:43] "[36mGET /static/css/slicknav.css HTTP/1.1[0m" 304 -]
[2024-12-06 00:52:43,523: INFO: _internal: 127.0.0.1 - - [06/Dec/2024 00:52:43] "[36mGET /static/css/nice-select.css HTTP/1.1[0m" 304 -]
[2024-12-06 00:52:43,523: INFO: _internal: 127.0.0.1 - - [06/Dec/2024 00:52:43] "[36mGET /static/img/logo.png HTTP/1.1[0m" 304 -]
[2024-12-06 00:52:43,533: INFO: _internal: 127.0.0.1 - - [06/Dec/2024 00:52:43] "[36mGET /static/css/themify-icons.css HTTP/1.1[0m" 304 -]
[2024-12-06 00:52:43,540: INFO: _internal: 127.0.0.1 - - [06/Dec/2024 00:52:43] "[36mGET /static/img/research1.png HTTP/1.1[0m" 304 -]
[2024-12-06 00:52:43,550: INFO: _internal: 127.0.0.1 - - [06/Dec/2024 00:52:43] "[36mGET /static/css/bootstrap.min.css HTTP/1.1[0m" 304 -]
[2024-12-06 00:52:43,558: INFO: _internal: 127.0.0.1 - - [06/Dec/2024 00:52:43] "[36mGET /static/img/footer_logo.png HTTP/1.1[0m" 304 -]
[2024-12-06 00:52:43,566: INFO: _internal: 127.0.0.1 - - [06/Dec/2024 00:52:43] "[36mGET /static/img/technologyimage.png HTTP/1.1[0m" 304 -]
[2024-12-06 00:52:43,645: INFO: _internal: 127.0.0.1 - - [06/Dec/2024 00:52:43] "[36mGET /static/js/owl.carousel.min.js HTTP/1.1[0m" 304 -]
[2024-12-06 00:52:43,683: INFO: _internal: 127.0.0.1 - - [06/Dec/2024 00:52:43] "[36mGET /static/js/popper.min.js HTTP/1.1[0m" 304 -]
[2024-12-06 00:52:43,685: INFO: _internal: 127.0.0.1 - - [06/Dec/2024 00:52:43] "[36mGET /static/js/vendor/modernizr-3.5.0.min.js HTTP/1.1[0m" 304 -]
[2024-12-06 00:52:43,689: INFO: _internal: 127.0.0.1 - - [06/Dec/2024 00:52:43] "[36mGET /static/js/bootstrap.min.js HTTP/1.1[0m" 304 -]
[2024-12-06 00:52:43,696: INFO: _internal: 127.0.0.1 - - [06/Dec/2024 00:52:43] "[36mGET /static/img/banner/banner2.png HTTP/1.1[0m" 304 -]
[2024-12-06 00:52:43,748: INFO: _internal: 127.0.0.1 - - [06/Dec/2024 00:52:43] "[36mGET /static/js/vendor/jquery-1.12.4.min.js HTTP/1.1[0m" 304 -]
[2024-12-06 00:52:43,750: INFO: _internal: 127.0.0.1 - - [06/Dec/2024 00:52:43] "[36mGET /static/js/ajax-form.js HTTP/1.1[0m" 304 -]
[2024-12-06 00:52:43,755: INFO: _internal: 127.0.0.1 - - [06/Dec/2024 00:52:43] "[36mGET /static/js/jquery.counterup.min.js HTTP/1.1[0m" 304 -]
[2024-12-06 00:52:43,811: INFO: _internal: 127.0.0.1 - - [06/Dec/2024 00:52:43] "[36mGET /static/js/waypoints.min.js HTTP/1.1[0m" 304 -]
[2024-12-06 00:52:43,821: INFO: _internal: 127.0.0.1 - - [06/Dec/2024 00:52:43] "[36mGET /static/js/isotope.pkgd.min.js HTTP/1.1[0m" 304 -]
[2024-12-06 00:52:43,872: INFO: _internal: 127.0.0.1 - - [06/Dec/2024 00:52:43] "[36mGET /static/js/scrollIt.js HTTP/1.1[0m" 304 -]
[2024-12-06 00:52:43,874: INFO: _internal: 127.0.0.1 - - [06/Dec/2024 00:52:43] "[36mGET /static/js/imagesloaded.pkgd.min.js HTTP/1.1[0m" 304 -]
[2024-12-06 00:52:43,877: INFO: _internal: 127.0.0.1 - - [06/Dec/2024 00:52:43] "[36mGET /static/js/jquery.scrollUp.min.js HTTP/1.1[0m" 304 -]
[2024-12-06 00:52:43,903: INFO: _internal: 127.0.0.1 - - [06/Dec/2024 00:52:43] "[36mGET /static/js/nice-select.min.js HTTP/1.1[0m" 304 -]
[2024-12-06 00:52:43,903: INFO: _internal: 127.0.0.1 - - [06/Dec/2024 00:52:43] "[36mGET /static/js/wow.min.js HTTP/1.1[0m" 304 -]
[2024-12-06 00:52:43,962: INFO: _internal: 127.0.0.1 - - [06/Dec/2024 00:52:43] "[36mGET /static/js/plugins.js HTTP/1.1[0m" 304 -]
[2024-12-06 00:52:43,978: INFO: _internal: 127.0.0.1 - - [06/Dec/2024 00:52:43] "[36mGET /static/js/contact.js HTTP/1.1[0m" 304 -]
[2024-12-06 00:52:43,978: INFO: _internal: 127.0.0.1 - - [06/Dec/2024 00:52:43] "[36mGET /static/js/jquery.ajaxchimp.min.js HTTP/1.1[0m" 304 -]
[2024-12-06 00:52:43,979: INFO: _internal: 127.0.0.1 - - [06/Dec/2024 00:52:43] "[36mGET /static/js/jquery.slicknav.min.js HTTP/1.1[0m" 304 -]
[2024-12-06 00:52:44,049: INFO: _internal: 127.0.0.1 - - [06/Dec/2024 00:52:44] "[36mGET /static/js/gijgo.min.js HTTP/1.1[0m" 304 -]
[2024-12-06 00:52:44,073: INFO: _internal: 127.0.0.1 - - [06/Dec/2024 00:52:44] "[36mGET /static/js/jquery.form.js HTTP/1.1[0m" 304 -]
[2024-12-06 00:52:44,086: INFO: _internal: 127.0.0.1 - - [06/Dec/2024 00:52:44] "[36mGET /static/img/banner/banner.png HTTP/1.1[0m" 304 -]
[2024-12-06 00:52:44,087: INFO: _internal: 127.0.0.1 - - [06/Dec/2024 00:52:44] "[36mGET /static/js/jquery.magnific-popup.min.js HTTP/1.1[0m" 304 -]
[2024-12-06 00:52:44,105: INFO: _internal: 127.0.0.1 - - [06/Dec/2024 00:52:44] "[36mGET /static/js/mail-script.js HTTP/1.1[0m" 304 -]
[2024-12-06 00:52:44,123: INFO: _internal: 127.0.0.1 - - [06/Dec/2024 00:52:44] "[36mGET /static/js/main.js HTTP/1.1[0m" 304 -]
[2024-12-06 00:52:44,168: INFO: _internal: 127.0.0.1 - - [06/Dec/2024 00:52:44] "[36mGET /static/js/jquery.validate.min.js HTTP/1.1[0m" 304 -]
[2024-12-06 00:52:44,229: INFO: _internal: 127.0.0.1 - - [06/Dec/2024 00:52:44] "[36mGET /static/img/favicon.png HTTP/1.1[0m" 304 -]
[2024-12-06 00:52:58,710: INFO: _internal: 127.0.0.1 - - [06/Dec/2024 00:52:58] "POST /predict HTTP/1.1" 200 -]
[2024-12-06 00:58:54,802: INFO: _internal:  * Detected change in 'C:\\Users\\MSI\\dirassa\\ML\\mlProject\\app.py', reloading]
[2024-12-06 00:58:55,106: INFO: _internal:  * Restarting with stat]
[2024-12-06 00:58:56,064: WARNING: _internal:  * Debugger is active!]
[2024-12-06 00:58:56,066: INFO: _internal:  * Debugger PIN: 230-686-137]
[2024-12-06 00:59:44,646: INFO: _internal:  * Detected change in 'C:\\Users\\MSI\\dirassa\\ML\\mlProject\\app.py', reloading]
[2024-12-06 00:59:44,849: INFO: _internal:  * Restarting with stat]
[2024-12-06 00:59:45,672: WARNING: _internal:  * Debugger is active!]
[2024-12-06 00:59:45,674: INFO: _internal:  * Debugger PIN: 230-686-137]
[2024-12-06 00:59:57,719: INFO: _internal: 127.0.0.1 - - [06/Dec/2024 00:59:57] "GET / HTTP/1.1" 200 -]
[2024-12-06 00:59:58,141: INFO: _internal: 127.0.0.1 - - [06/Dec/2024 00:59:58] "[36mGET /static/css/owl.carousel.min.css HTTP/1.1[0m" 304 -]
[2024-12-06 00:59:58,150: INFO: _internal: 127.0.0.1 - - [06/Dec/2024 00:59:58] "[36mGET /static/css/flaticon.css HTTP/1.1[0m" 304 -]
[2024-12-06 00:59:58,155: INFO: _internal: 127.0.0.1 - - [06/Dec/2024 00:59:58] "[36mGET /static/css/bootstrap.min.css HTTP/1.1[0m" 304 -]
[2024-12-06 00:59:58,168: INFO: _internal: 127.0.0.1 - - [06/Dec/2024 00:59:58] "[36mGET /static/css/gijgo.css HTTP/1.1[0m" 304 -]
[2024-12-06 00:59:58,169: INFO: _internal: 127.0.0.1 - - [06/Dec/2024 00:59:58] "[36mGET /static/css/animate.css HTTP/1.1[0m" 304 -]
[2024-12-06 00:59:58,171: INFO: _internal: 127.0.0.1 - - [06/Dec/2024 00:59:58] "[36mGET /static/css/magnific-popup.css HTTP/1.1[0m" 304 -]
[2024-12-06 00:59:58,178: INFO: _internal: 127.0.0.1 - - [06/Dec/2024 00:59:58] "[36mGET /static/css/slicknav.css HTTP/1.1[0m" 304 -]
[2024-12-06 00:59:58,197: INFO: _internal: 127.0.0.1 - - [06/Dec/2024 00:59:58] "[36mGET /static/css/style.css HTTP/1.1[0m" 304 -]
[2024-12-06 00:59:58,204: INFO: _internal: 127.0.0.1 - - [06/Dec/2024 00:59:58] "[36mGET /static/img/logo.png HTTP/1.1[0m" 304 -]
[2024-12-06 00:59:58,206: INFO: _internal: 127.0.0.1 - - [06/Dec/2024 00:59:58] "[36mGET /static/css/font-awesome.min.css HTTP/1.1[0m" 304 -]
[2024-12-06 00:59:58,209: INFO: _internal: 127.0.0.1 - - [06/Dec/2024 00:59:58] "[36mGET /static/css/nice-select.css HTTP/1.1[0m" 304 -]
[2024-12-06 00:59:58,214: INFO: _internal: 127.0.0.1 - - [06/Dec/2024 00:59:58] "[36mGET /static/img/technologyimage.png HTTP/1.1[0m" 304 -]
[2024-12-06 00:59:58,219: INFO: _internal: 127.0.0.1 - - [06/Dec/2024 00:59:58] "[36mGET /static/img/research1.png HTTP/1.1[0m" 304 -]
[2024-12-06 00:59:58,223: INFO: _internal: 127.0.0.1 - - [06/Dec/2024 00:59:58] "[36mGET /static/css/themify-icons.css HTTP/1.1[0m" 304 -]
[2024-12-06 00:59:58,227: INFO: _internal: 127.0.0.1 - - [06/Dec/2024 00:59:58] "[36mGET /static/img/footer_logo.png HTTP/1.1[0m" 304 -]
[2024-12-06 00:59:58,241: INFO: _internal: 127.0.0.1 - - [06/Dec/2024 00:59:58] "[36mGET /static/js/vendor/modernizr-3.5.0.min.js HTTP/1.1[0m" 304 -]
[2024-12-06 00:59:58,245: INFO: _internal: 127.0.0.1 - - [06/Dec/2024 00:59:58] "[36mGET /static/js/vendor/jquery-1.12.4.min.js HTTP/1.1[0m" 304 -]
[2024-12-06 00:59:58,252: INFO: _internal: 127.0.0.1 - - [06/Dec/2024 00:59:58] "[36mGET /static/js/bootstrap.min.js HTTP/1.1[0m" 304 -]
[2024-12-06 00:59:58,252: INFO: _internal: 127.0.0.1 - - [06/Dec/2024 00:59:58] "[36mGET /static/js/popper.min.js HTTP/1.1[0m" 304 -]
[2024-12-06 00:59:58,259: INFO: _internal: 127.0.0.1 - - [06/Dec/2024 00:59:58] "[36mGET /static/js/isotope.pkgd.min.js HTTP/1.1[0m" 304 -]
[2024-12-06 00:59:58,262: INFO: _internal: 127.0.0.1 - - [06/Dec/2024 00:59:58] "[36mGET /static/js/owl.carousel.min.js HTTP/1.1[0m" 304 -]
[2024-12-06 00:59:58,267: INFO: _internal: 127.0.0.1 - - [06/Dec/2024 00:59:58] "[36mGET /static/js/ajax-form.js HTTP/1.1[0m" 304 -]
[2024-12-06 00:59:58,274: INFO: _internal: 127.0.0.1 - - [06/Dec/2024 00:59:58] "[36mGET /static/js/waypoints.min.js HTTP/1.1[0m" 304 -]
[2024-12-06 00:59:58,293: INFO: _internal: 127.0.0.1 - - [06/Dec/2024 00:59:58] "[36mGET /static/img/banner/banner2.png HTTP/1.1[0m" 304 -]
[2024-12-06 00:59:58,296: INFO: _internal: 127.0.0.1 - - [06/Dec/2024 00:59:58] "[36mGET /static/fonts/fontawesome-webfont.woff2?v=4.7.0 HTTP/1.1[0m" 304 -]
[2024-12-06 00:59:58,297: INFO: _internal: 127.0.0.1 - - [06/Dec/2024 00:59:58] "[36mGET /static/js/jquery.counterup.min.js HTTP/1.1[0m" 304 -]
[2024-12-06 00:59:58,305: INFO: _internal: 127.0.0.1 - - [06/Dec/2024 00:59:58] "[36mGET /static/js/imagesloaded.pkgd.min.js HTTP/1.1[0m" 304 -]
[2024-12-06 00:59:58,311: INFO: _internal: 127.0.0.1 - - [06/Dec/2024 00:59:58] "[36mGET /static/js/scrollIt.js HTTP/1.1[0m" 304 -]
[2024-12-06 00:59:58,319: INFO: _internal: 127.0.0.1 - - [06/Dec/2024 00:59:58] "[36mGET /static/js/jquery.scrollUp.min.js HTTP/1.1[0m" 304 -]
[2024-12-06 00:59:58,322: INFO: _internal: 127.0.0.1 - - [06/Dec/2024 00:59:58] "[36mGET /static/fonts/themify.woff?-fvbane HTTP/1.1[0m" 304 -]
[2024-12-06 00:59:58,326: INFO: _internal: 127.0.0.1 - - [06/Dec/2024 00:59:58] "[36mGET /static/js/wow.min.js HTTP/1.1[0m" 304 -]
[2024-12-06 00:59:58,335: INFO: _internal: 127.0.0.1 - - [06/Dec/2024 00:59:58] "[36mGET /static/js/nice-select.min.js HTTP/1.1[0m" 304 -]
[2024-12-06 00:59:58,339: INFO: _internal: 127.0.0.1 - - [06/Dec/2024 00:59:58] "[36mGET /static/js/jquery.slicknav.min.js HTTP/1.1[0m" 304 -]
[2024-12-06 00:59:58,340: INFO: _internal: 127.0.0.1 - - [06/Dec/2024 00:59:58] "[36mGET /static/js/jquery.magnific-popup.min.js HTTP/1.1[0m" 304 -]
[2024-12-06 00:59:58,344: INFO: _internal: 127.0.0.1 - - [06/Dec/2024 00:59:58] "[36mGET /static/js/plugins.js HTTP/1.1[0m" 304 -]
[2024-12-06 00:59:58,349: INFO: _internal: 127.0.0.1 - - [06/Dec/2024 00:59:58] "[36mGET /static/js/gijgo.min.js HTTP/1.1[0m" 304 -]
[2024-12-06 00:59:58,354: INFO: _internal: 127.0.0.1 - - [06/Dec/2024 00:59:58] "[36mGET /static/js/contact.js HTTP/1.1[0m" 304 -]
[2024-12-06 00:59:58,357: INFO: _internal: 127.0.0.1 - - [06/Dec/2024 00:59:58] "[36mGET /static/js/jquery.ajaxchimp.min.js HTTP/1.1[0m" 304 -]
[2024-12-06 00:59:58,364: INFO: _internal: 127.0.0.1 - - [06/Dec/2024 00:59:58] "[36mGET /static/js/jquery.form.js HTTP/1.1[0m" 304 -]
[2024-12-06 00:59:58,370: INFO: _internal: 127.0.0.1 - - [06/Dec/2024 00:59:58] "[36mGET /static/js/jquery.validate.min.js HTTP/1.1[0m" 304 -]
[2024-12-06 00:59:58,372: INFO: _internal: 127.0.0.1 - - [06/Dec/2024 00:59:58] "[36mGET /static/js/mail-script.js HTTP/1.1[0m" 304 -]
[2024-12-06 00:59:58,378: INFO: _internal: 127.0.0.1 - - [06/Dec/2024 00:59:58] "[36mGET /static/js/main.js HTTP/1.1[0m" 304 -]
[2024-12-06 00:59:58,383: INFO: _internal: 127.0.0.1 - - [06/Dec/2024 00:59:58] "[36mGET /static/img/banner/banner.png HTTP/1.1[0m" 304 -]
[2024-12-06 00:59:58,451: INFO: _internal: 127.0.0.1 - - [06/Dec/2024 00:59:58] "[36mGET /static/img/favicon.png HTTP/1.1[0m" 304 -]
[2024-12-06 01:00:08,959: INFO: _internal: 127.0.0.1 - - [06/Dec/2024 01:00:08] "POST /predict HTTP/1.1" 200 -]
[2024-12-06 01:02:34,580: INFO: _internal:  * Detected change in 'C:\\Users\\MSI\\dirassa\\ML\\mlProject\\app.py', reloading]
[2024-12-06 01:02:34,787: INFO: _internal:  * Restarting with stat]
[2024-12-06 01:02:35,886: WARNING: _internal:  * Debugger is active!]
[2024-12-06 01:02:35,891: INFO: _internal:  * Debugger PIN: 230-686-137]
[2024-12-06 01:02:45,052: INFO: _internal:  * Detected change in 'C:\\Users\\MSI\\dirassa\\ML\\mlProject\\app.py', reloading]
[2024-12-06 01:02:45,257: INFO: _internal:  * Restarting with stat]
[2024-12-06 01:03:51,094: INFO: _internal: [31m[1mWARNING: This is a development server. Do not use it in a production deployment. Use a production WSGI server instead.[0m
 * Running on all addresses (0.0.0.0)
 * Running on http://127.0.0.1:8080
 * Running on http://192.168.1.16:8080]
[2024-12-06 01:03:51,095: INFO: _internal: [33mPress CTRL+C to quit[0m]
[2024-12-06 01:03:51,097: INFO: _internal:  * Restarting with stat]
[2024-12-06 01:03:51,911: WARNING: _internal:  * Debugger is active!]
[2024-12-06 01:03:51,913: INFO: _internal:  * Debugger PIN: 230-686-137]
[2024-12-06 01:03:55,774: INFO: _internal: 127.0.0.1 - - [06/Dec/2024 01:03:55] "GET / HTTP/1.1" 200 -]
[2024-12-06 01:03:56,002: INFO: _internal: 127.0.0.1 - - [06/Dec/2024 01:03:56] "[36mGET /static/css/bootstrap.min.css HTTP/1.1[0m" 304 -]
[2024-12-06 01:03:56,005: INFO: _internal: 127.0.0.1 - - [06/Dec/2024 01:03:56] "[36mGET /static/css/flaticon.css HTTP/1.1[0m" 304 -]
[2024-12-06 01:03:56,008: INFO: _internal: 127.0.0.1 - - [06/Dec/2024 01:03:56] "[36mGET /static/css/gijgo.css HTTP/1.1[0m" 304 -]
[2024-12-06 01:03:56,011: INFO: _internal: 127.0.0.1 - - [06/Dec/2024 01:03:56] "[36mGET /static/css/font-awesome.min.css HTTP/1.1[0m" 304 -]
[2024-12-06 01:03:56,012: INFO: _internal: 127.0.0.1 - - [06/Dec/2024 01:03:56] "[36mGET /static/css/owl.carousel.min.css HTTP/1.1[0m" 304 -]
[2024-12-06 01:03:56,017: INFO: _internal: 127.0.0.1 - - [06/Dec/2024 01:03:56] "[36mGET /static/css/animate.css HTTP/1.1[0m" 304 -]
[2024-12-06 01:03:56,018: INFO: _internal: 127.0.0.1 - - [06/Dec/2024 01:03:56] "[36mGET /static/css/themify-icons.css HTTP/1.1[0m" 304 -]
[2024-12-06 01:03:56,018: INFO: _internal: 127.0.0.1 - - [06/Dec/2024 01:03:56] "[36mGET /static/css/magnific-popup.css HTTP/1.1[0m" 304 -]
[2024-12-06 01:03:56,019: INFO: _internal: 127.0.0.1 - - [06/Dec/2024 01:03:56] "[36mGET /static/css/nice-select.css HTTP/1.1[0m" 304 -]
[2024-12-06 01:03:56,020: INFO: _internal: 127.0.0.1 - - [06/Dec/2024 01:03:56] "[36mGET /static/css/slicknav.css HTTP/1.1[0m" 304 -]
[2024-12-06 01:03:56,020: INFO: _internal: 127.0.0.1 - - [06/Dec/2024 01:03:56] "[36mGET /static/css/style.css HTTP/1.1[0m" 304 -]
[2024-12-06 01:03:56,028: INFO: _internal: 127.0.0.1 - - [06/Dec/2024 01:03:56] "[36mGET /static/img/logo.png HTTP/1.1[0m" 304 -]
[2024-12-06 01:03:56,031: INFO: _internal: 127.0.0.1 - - [06/Dec/2024 01:03:56] "[36mGET /static/img/technologyimage.png HTTP/1.1[0m" 304 -]
[2024-12-06 01:03:56,036: INFO: _internal: 127.0.0.1 - - [06/Dec/2024 01:03:56] "[36mGET /static/img/research1.png HTTP/1.1[0m" 304 -]
[2024-12-06 01:03:56,038: INFO: _internal: 127.0.0.1 - - [06/Dec/2024 01:03:56] "[36mGET /static/img/footer_logo.png HTTP/1.1[0m" 304 -]
[2024-12-06 01:03:56,039: INFO: _internal: 127.0.0.1 - - [06/Dec/2024 01:03:56] "[36mGET /static/js/vendor/modernizr-3.5.0.min.js HTTP/1.1[0m" 304 -]
[2024-12-06 01:03:56,043: INFO: _internal: 127.0.0.1 - - [06/Dec/2024 01:03:56] "[36mGET /static/js/vendor/jquery-1.12.4.min.js HTTP/1.1[0m" 304 -]
[2024-12-06 01:03:56,044: INFO: _internal: 127.0.0.1 - - [06/Dec/2024 01:03:56] "[36mGET /static/js/popper.min.js HTTP/1.1[0m" 304 -]
[2024-12-06 01:03:56,048: INFO: _internal: 127.0.0.1 - - [06/Dec/2024 01:03:56] "[36mGET /static/js/bootstrap.min.js HTTP/1.1[0m" 304 -]
[2024-12-06 01:03:56,055: INFO: _internal: 127.0.0.1 - - [06/Dec/2024 01:03:56] "[36mGET /static/fonts/fontawesome-webfont.woff2?v=4.7.0 HTTP/1.1[0m" 304 -]
[2024-12-06 01:03:56,055: INFO: _internal: 127.0.0.1 - - [06/Dec/2024 01:03:56] "[36mGET /static/fonts/themify.woff?-fvbane HTTP/1.1[0m" 304 -]
[2024-12-06 01:03:56,057: INFO: _internal: 127.0.0.1 - - [06/Dec/2024 01:03:56] "[36mGET /static/js/owl.carousel.min.js HTTP/1.1[0m" 304 -]
[2024-12-06 01:03:56,061: INFO: _internal: 127.0.0.1 - - [06/Dec/2024 01:03:56] "[36mGET /static/img/banner/banner2.png HTTP/1.1[0m" 304 -]
[2024-12-06 01:03:56,062: INFO: _internal: 127.0.0.1 - - [06/Dec/2024 01:03:56] "[36mGET /static/js/isotope.pkgd.min.js HTTP/1.1[0m" 304 -]
[2024-12-06 01:03:56,063: INFO: _internal: 127.0.0.1 - - [06/Dec/2024 01:03:56] "[36mGET /static/js/ajax-form.js HTTP/1.1[0m" 304 -]
[2024-12-06 01:03:56,080: INFO: _internal: 127.0.0.1 - - [06/Dec/2024 01:03:56] "[36mGET /static/js/waypoints.min.js HTTP/1.1[0m" 304 -]
[2024-12-06 01:03:56,085: INFO: _internal: 127.0.0.1 - - [06/Dec/2024 01:03:56] "[36mGET /static/js/jquery.counterup.min.js HTTP/1.1[0m" 304 -]
[2024-12-06 01:03:56,087: INFO: _internal: 127.0.0.1 - - [06/Dec/2024 01:03:56] "[36mGET /static/js/imagesloaded.pkgd.min.js HTTP/1.1[0m" 304 -]
[2024-12-06 01:03:56,095: INFO: _internal: 127.0.0.1 - - [06/Dec/2024 01:03:56] "[36mGET /static/js/scrollIt.js HTTP/1.1[0m" 304 -]
[2024-12-06 01:03:56,096: INFO: _internal: 127.0.0.1 - - [06/Dec/2024 01:03:56] "[36mGET /static/js/jquery.scrollUp.min.js HTTP/1.1[0m" 304 -]
[2024-12-06 01:03:56,108: INFO: _internal: 127.0.0.1 - - [06/Dec/2024 01:03:56] "[36mGET /static/js/wow.min.js HTTP/1.1[0m" 304 -]
[2024-12-06 01:03:56,109: INFO: _internal: 127.0.0.1 - - [06/Dec/2024 01:03:56] "[36mGET /static/js/nice-select.min.js HTTP/1.1[0m" 304 -]
[2024-12-06 01:03:56,113: INFO: _internal: 127.0.0.1 - - [06/Dec/2024 01:03:56] "[36mGET /static/js/jquery.slicknav.min.js HTTP/1.1[0m" 304 -]
[2024-12-06 01:03:56,116: INFO: _internal: 127.0.0.1 - - [06/Dec/2024 01:03:56] "[36mGET /static/js/jquery.magnific-popup.min.js HTTP/1.1[0m" 304 -]
[2024-12-06 01:03:56,119: INFO: _internal: 127.0.0.1 - - [06/Dec/2024 01:03:56] "[36mGET /static/js/plugins.js HTTP/1.1[0m" 304 -]
[2024-12-06 01:03:56,120: INFO: _internal: 127.0.0.1 - - [06/Dec/2024 01:03:56] "[36mGET /static/js/gijgo.min.js HTTP/1.1[0m" 304 -]
[2024-12-06 01:03:56,125: INFO: _internal: 127.0.0.1 - - [06/Dec/2024 01:03:56] "[36mGET /static/js/contact.js HTTP/1.1[0m" 304 -]
[2024-12-06 01:03:56,127: INFO: _internal: 127.0.0.1 - - [06/Dec/2024 01:03:56] "[36mGET /static/js/jquery.ajaxchimp.min.js HTTP/1.1[0m" 304 -]
[2024-12-06 01:03:56,130: INFO: _internal: 127.0.0.1 - - [06/Dec/2024 01:03:56] "[36mGET /static/js/jquery.form.js HTTP/1.1[0m" 304 -]
[2024-12-06 01:03:56,133: INFO: _internal: 127.0.0.1 - - [06/Dec/2024 01:03:56] "[36mGET /static/js/jquery.validate.min.js HTTP/1.1[0m" 304 -]
[2024-12-06 01:03:56,138: INFO: _internal: 127.0.0.1 - - [06/Dec/2024 01:03:56] "[36mGET /static/js/mail-script.js HTTP/1.1[0m" 304 -]
[2024-12-06 01:03:56,139: INFO: _internal: 127.0.0.1 - - [06/Dec/2024 01:03:56] "[36mGET /static/js/main.js HTTP/1.1[0m" 304 -]
[2024-12-06 01:03:56,140: INFO: _internal: 127.0.0.1 - - [06/Dec/2024 01:03:56] "[36mGET /static/img/banner/banner.png HTTP/1.1[0m" 304 -]
[2024-12-06 01:03:56,193: INFO: _internal: 127.0.0.1 - - [06/Dec/2024 01:03:56] "[36mGET /static/img/favicon.png HTTP/1.1[0m" 304 -]
[2024-12-06 01:19:42,304: INFO: _internal: 127.0.0.1 - - [06/Dec/2024 01:19:42] "GET / HTTP/1.1" 200 -]
[2024-12-06 01:19:42,395: INFO: _internal: 127.0.0.1 - - [06/Dec/2024 01:19:42] "[36mGET /static/css/bootstrap.min.css HTTP/1.1[0m" 304 -]
[2024-12-06 01:19:42,405: INFO: _internal: 127.0.0.1 - - [06/Dec/2024 01:19:42] "[36mGET /static/css/owl.carousel.min.css HTTP/1.1[0m" 304 -]
[2024-12-06 01:19:42,406: INFO: _internal: 127.0.0.1 - - [06/Dec/2024 01:19:42] "[36mGET /static/css/magnific-popup.css HTTP/1.1[0m" 304 -]
[2024-12-06 01:19:42,412: INFO: _internal: 127.0.0.1 - - [06/Dec/2024 01:19:42] "[36mGET /static/css/font-awesome.min.css HTTP/1.1[0m" 304 -]
[2024-12-06 01:19:42,413: INFO: _internal: 127.0.0.1 - - [06/Dec/2024 01:19:42] "[36mGET /static/css/themify-icons.css HTTP/1.1[0m" 304 -]
[2024-12-06 01:19:42,416: INFO: _internal: 127.0.0.1 - - [06/Dec/2024 01:19:42] "[36mGET /static/css/nice-select.css HTTP/1.1[0m" 304 -]
[2024-12-06 01:19:42,419: INFO: _internal: 127.0.0.1 - - [06/Dec/2024 01:19:42] "[36mGET /static/css/flaticon.css HTTP/1.1[0m" 304 -]
[2024-12-06 01:19:42,426: INFO: _internal: 127.0.0.1 - - [06/Dec/2024 01:19:42] "[36mGET /static/css/gijgo.css HTTP/1.1[0m" 304 -]
[2024-12-06 01:19:42,429: INFO: _internal: 127.0.0.1 - - [06/Dec/2024 01:19:42] "[36mGET /static/css/animate.css HTTP/1.1[0m" 304 -]
[2024-12-06 01:19:42,431: INFO: _internal: 127.0.0.1 - - [06/Dec/2024 01:19:42] "[36mGET /static/css/slicknav.css HTTP/1.1[0m" 304 -]
[2024-12-06 01:19:42,432: INFO: _internal: 127.0.0.1 - - [06/Dec/2024 01:19:42] "[36mGET /static/css/style.css HTTP/1.1[0m" 304 -]
[2024-12-06 01:19:42,438: INFO: _internal: 127.0.0.1 - - [06/Dec/2024 01:19:42] "[36mGET /static/img/logo.png HTTP/1.1[0m" 304 -]
[2024-12-06 01:19:42,441: INFO: _internal: 127.0.0.1 - - [06/Dec/2024 01:19:42] "[36mGET /static/img/technologyimage.png HTTP/1.1[0m" 304 -]
[2024-12-06 01:19:42,442: INFO: _internal: 127.0.0.1 - - [06/Dec/2024 01:19:42] "[36mGET /static/img/research1.png HTTP/1.1[0m" 304 -]
[2024-12-06 01:19:42,449: INFO: _internal: 127.0.0.1 - - [06/Dec/2024 01:19:42] "[36mGET /static/img/footer_logo.png HTTP/1.1[0m" 304 -]
[2024-12-06 01:19:42,451: INFO: _internal: 127.0.0.1 - - [06/Dec/2024 01:19:42] "[36mGET /static/js/vendor/modernizr-3.5.0.min.js HTTP/1.1[0m" 304 -]
[2024-12-06 01:19:42,452: INFO: _internal: 127.0.0.1 - - [06/Dec/2024 01:19:42] "[36mGET /static/js/vendor/jquery-1.12.4.min.js HTTP/1.1[0m" 304 -]
[2024-12-06 01:19:42,455: INFO: _internal: 127.0.0.1 - - [06/Dec/2024 01:19:42] "[36mGET /static/js/popper.min.js HTTP/1.1[0m" 304 -]
[2024-12-06 01:19:42,458: INFO: _internal: 127.0.0.1 - - [06/Dec/2024 01:19:42] "[36mGET /static/js/bootstrap.min.js HTTP/1.1[0m" 304 -]
[2024-12-06 01:19:42,462: INFO: _internal: 127.0.0.1 - - [06/Dec/2024 01:19:42] "[36mGET /static/js/owl.carousel.min.js HTTP/1.1[0m" 304 -]
[2024-12-06 01:19:42,468: INFO: _internal: 127.0.0.1 - - [06/Dec/2024 01:19:42] "[36mGET /static/js/isotope.pkgd.min.js HTTP/1.1[0m" 304 -]
[2024-12-06 01:19:42,470: INFO: _internal: 127.0.0.1 - - [06/Dec/2024 01:19:42] "[36mGET /static/js/ajax-form.js HTTP/1.1[0m" 304 -]
[2024-12-06 01:19:42,479: INFO: _internal: 127.0.0.1 - - [06/Dec/2024 01:19:42] "[36mGET /static/js/waypoints.min.js HTTP/1.1[0m" 304 -]
[2024-12-06 01:19:42,482: INFO: _internal: 127.0.0.1 - - [06/Dec/2024 01:19:42] "[36mGET /static/js/jquery.counterup.min.js HTTP/1.1[0m" 304 -]
[2024-12-06 01:19:42,486: INFO: _internal: 127.0.0.1 - - [06/Dec/2024 01:19:42] "[36mGET /static/img/banner/banner2.png HTTP/1.1[0m" 304 -]
[2024-12-06 01:19:42,492: INFO: _internal: 127.0.0.1 - - [06/Dec/2024 01:19:42] "[36mGET /static/js/imagesloaded.pkgd.min.js HTTP/1.1[0m" 304 -]
[2024-12-06 01:19:42,493: INFO: _internal: 127.0.0.1 - - [06/Dec/2024 01:19:42] "[36mGET /static/js/scrollIt.js HTTP/1.1[0m" 304 -]
[2024-12-06 01:19:42,496: INFO: _internal: 127.0.0.1 - - [06/Dec/2024 01:19:42] "[36mGET /static/fonts/fontawesome-webfont.woff2?v=4.7.0 HTTP/1.1[0m" 304 -]
[2024-12-06 01:19:42,498: INFO: _internal: 127.0.0.1 - - [06/Dec/2024 01:19:42] "[36mGET /static/fonts/themify.woff?-fvbane HTTP/1.1[0m" 304 -]
[2024-12-06 01:19:42,510: INFO: _internal: 127.0.0.1 - - [06/Dec/2024 01:19:42] "[36mGET /static/js/jquery.scrollUp.min.js HTTP/1.1[0m" 304 -]
[2024-12-06 01:19:42,511: INFO: _internal: 127.0.0.1 - - [06/Dec/2024 01:19:42] "[36mGET /static/js/wow.min.js HTTP/1.1[0m" 304 -]
[2024-12-06 01:19:42,512: INFO: _internal: 127.0.0.1 - - [06/Dec/2024 01:19:42] "[36mGET /static/js/nice-select.min.js HTTP/1.1[0m" 304 -]
[2024-12-06 01:19:42,515: INFO: _internal: 127.0.0.1 - - [06/Dec/2024 01:19:42] "[36mGET /static/js/jquery.slicknav.min.js HTTP/1.1[0m" 304 -]
[2024-12-06 01:19:42,519: INFO: _internal: 127.0.0.1 - - [06/Dec/2024 01:19:42] "[36mGET /static/js/jquery.magnific-popup.min.js HTTP/1.1[0m" 304 -]
[2024-12-06 01:19:42,525: INFO: _internal: 127.0.0.1 - - [06/Dec/2024 01:19:42] "[36mGET /static/js/plugins.js HTTP/1.1[0m" 304 -]
[2024-12-06 01:19:42,527: INFO: _internal: 127.0.0.1 - - [06/Dec/2024 01:19:42] "[36mGET /static/js/gijgo.min.js HTTP/1.1[0m" 304 -]
[2024-12-06 01:19:42,530: INFO: _internal: 127.0.0.1 - - [06/Dec/2024 01:19:42] "[36mGET /static/js/contact.js HTTP/1.1[0m" 304 -]
[2024-12-06 01:19:42,533: INFO: _internal: 127.0.0.1 - - [06/Dec/2024 01:19:42] "[36mGET /static/js/jquery.ajaxchimp.min.js HTTP/1.1[0m" 304 -]
[2024-12-06 01:19:42,538: INFO: _internal: 127.0.0.1 - - [06/Dec/2024 01:19:42] "[36mGET /static/js/jquery.form.js HTTP/1.1[0m" 304 -]
[2024-12-06 01:19:42,540: INFO: _internal: 127.0.0.1 - - [06/Dec/2024 01:19:42] "[36mGET /static/js/jquery.validate.min.js HTTP/1.1[0m" 304 -]
[2024-12-06 01:19:42,543: INFO: _internal: 127.0.0.1 - - [06/Dec/2024 01:19:42] "[36mGET /static/js/mail-script.js HTTP/1.1[0m" 304 -]
[2024-12-06 01:19:42,550: INFO: _internal: 127.0.0.1 - - [06/Dec/2024 01:19:42] "[36mGET /static/js/main.js HTTP/1.1[0m" 304 -]
[2024-12-06 01:19:42,553: INFO: _internal: 127.0.0.1 - - [06/Dec/2024 01:19:42] "[36mGET /static/img/banner/banner.png HTTP/1.1[0m" 304 -]
[2024-12-06 01:19:42,610: INFO: _internal: 127.0.0.1 - - [06/Dec/2024 01:19:42] "[36mGET /static/img/favicon.png HTTP/1.1[0m" 304 -]
[2024-12-06 01:22:45,079: INFO: _internal: 127.0.0.1 - - [06/Dec/2024 01:22:45] "GET / HTTP/1.1" 200 -]
[2024-12-06 01:22:45,160: INFO: _internal: 127.0.0.1 - - [06/Dec/2024 01:22:45] "[36mGET /static/css/bootstrap.min.css HTTP/1.1[0m" 304 -]
[2024-12-06 01:22:45,162: INFO: _internal: 127.0.0.1 - - [06/Dec/2024 01:22:45] "[36mGET /static/css/owl.carousel.min.css HTTP/1.1[0m" 304 -]
[2024-12-06 01:22:45,170: INFO: _internal: 127.0.0.1 - - [06/Dec/2024 01:22:45] "[36mGET /static/css/magnific-popup.css HTTP/1.1[0m" 304 -]
[2024-12-06 01:22:45,171: INFO: _internal: 127.0.0.1 - - [06/Dec/2024 01:22:45] "[36mGET /static/css/font-awesome.min.css HTTP/1.1[0m" 304 -]
[2024-12-06 01:22:45,172: INFO: _internal: 127.0.0.1 - - [06/Dec/2024 01:22:45] "[36mGET /static/css/themify-icons.css HTTP/1.1[0m" 304 -]
[2024-12-06 01:22:45,173: INFO: _internal: 127.0.0.1 - - [06/Dec/2024 01:22:45] "[36mGET /static/css/nice-select.css HTTP/1.1[0m" 304 -]
[2024-12-06 01:22:45,174: INFO: _internal: 127.0.0.1 - - [06/Dec/2024 01:22:45] "[36mGET /static/css/flaticon.css HTTP/1.1[0m" 304 -]
[2024-12-06 01:22:45,175: INFO: _internal: 127.0.0.1 - - [06/Dec/2024 01:22:45] "[36mGET /static/css/gijgo.css HTTP/1.1[0m" 304 -]
[2024-12-06 01:22:45,188: INFO: _internal: 127.0.0.1 - - [06/Dec/2024 01:22:45] "[36mGET /static/css/animate.css HTTP/1.1[0m" 304 -]
[2024-12-06 01:22:45,190: INFO: _internal: 127.0.0.1 - - [06/Dec/2024 01:22:45] "[36mGET /static/css/slicknav.css HTTP/1.1[0m" 304 -]
[2024-12-06 01:22:45,193: INFO: _internal: 127.0.0.1 - - [06/Dec/2024 01:22:45] "[36mGET /static/css/style.css HTTP/1.1[0m" 304 -]
[2024-12-06 01:22:45,197: INFO: _internal: 127.0.0.1 - - [06/Dec/2024 01:22:45] "[36mGET /static/img/logo.png HTTP/1.1[0m" 304 -]
[2024-12-06 01:22:45,205: INFO: _internal: 127.0.0.1 - - [06/Dec/2024 01:22:45] "[36mGET /static/img/technologyimage.png HTTP/1.1[0m" 304 -]
[2024-12-06 01:22:45,208: INFO: _internal: 127.0.0.1 - - [06/Dec/2024 01:22:45] "[36mGET /static/img/research1.png HTTP/1.1[0m" 304 -]
[2024-12-06 01:22:45,212: INFO: _internal: 127.0.0.1 - - [06/Dec/2024 01:22:45] "[36mGET /static/img/footer_logo.png HTTP/1.1[0m" 304 -]
[2024-12-06 01:22:45,213: INFO: _internal: 127.0.0.1 - - [06/Dec/2024 01:22:45] "[36mGET /static/js/vendor/modernizr-3.5.0.min.js HTTP/1.1[0m" 304 -]
[2024-12-06 01:22:45,220: INFO: _internal: 127.0.0.1 - - [06/Dec/2024 01:22:45] "[36mGET /static/js/vendor/jquery-1.12.4.min.js HTTP/1.1[0m" 304 -]
[2024-12-06 01:22:45,224: INFO: _internal: 127.0.0.1 - - [06/Dec/2024 01:22:45] "[36mGET /static/js/popper.min.js HTTP/1.1[0m" 304 -]
[2024-12-06 01:22:45,226: INFO: _internal: 127.0.0.1 - - [06/Dec/2024 01:22:45] "[36mGET /static/js/bootstrap.min.js HTTP/1.1[0m" 304 -]
[2024-12-06 01:22:45,230: INFO: _internal: 127.0.0.1 - - [06/Dec/2024 01:22:45] "[36mGET /static/js/owl.carousel.min.js HTTP/1.1[0m" 304 -]
[2024-12-06 01:22:45,233: INFO: _internal: 127.0.0.1 - - [06/Dec/2024 01:22:45] "[36mGET /static/js/isotope.pkgd.min.js HTTP/1.1[0m" 304 -]
[2024-12-06 01:22:45,237: INFO: _internal: 127.0.0.1 - - [06/Dec/2024 01:22:45] "[36mGET /static/js/ajax-form.js HTTP/1.1[0m" 304 -]
[2024-12-06 01:22:45,242: INFO: _internal: 127.0.0.1 - - [06/Dec/2024 01:22:45] "[36mGET /static/fonts/fontawesome-webfont.woff2?v=4.7.0 HTTP/1.1[0m" 304 -]
[2024-12-06 01:22:45,245: INFO: _internal: 127.0.0.1 - - [06/Dec/2024 01:22:45] "[36mGET /static/fonts/themify.woff?-fvbane HTTP/1.1[0m" 304 -]
[2024-12-06 01:22:45,249: INFO: _internal: 127.0.0.1 - - [06/Dec/2024 01:22:45] "[36mGET /static/img/banner/banner2.png HTTP/1.1[0m" 304 -]
[2024-12-06 01:22:45,252: INFO: _internal: 127.0.0.1 - - [06/Dec/2024 01:22:45] "[36mGET /static/js/waypoints.min.js HTTP/1.1[0m" 304 -]
[2024-12-06 01:22:45,258: INFO: _internal: 127.0.0.1 - - [06/Dec/2024 01:22:45] "[36mGET /static/js/jquery.counterup.min.js HTTP/1.1[0m" 304 -]
[2024-12-06 01:22:45,260: INFO: _internal: 127.0.0.1 - - [06/Dec/2024 01:22:45] "[36mGET /static/js/imagesloaded.pkgd.min.js HTTP/1.1[0m" 304 -]
[2024-12-06 01:22:45,266: INFO: _internal: 127.0.0.1 - - [06/Dec/2024 01:22:45] "[36mGET /static/js/scrollIt.js HTTP/1.1[0m" 304 -]
[2024-12-06 01:22:45,268: INFO: _internal: 127.0.0.1 - - [06/Dec/2024 01:22:45] "[36mGET /static/js/jquery.scrollUp.min.js HTTP/1.1[0m" 304 -]
[2024-12-06 01:22:45,276: INFO: _internal: 127.0.0.1 - - [06/Dec/2024 01:22:45] "[36mGET /static/js/wow.min.js HTTP/1.1[0m" 304 -]
[2024-12-06 01:22:45,279: INFO: _internal: 127.0.0.1 - - [06/Dec/2024 01:22:45] "[36mGET /static/js/nice-select.min.js HTTP/1.1[0m" 304 -]
[2024-12-06 01:22:45,286: INFO: _internal: 127.0.0.1 - - [06/Dec/2024 01:22:45] "[36mGET /static/js/jquery.slicknav.min.js HTTP/1.1[0m" 304 -]
[2024-12-06 01:22:45,287: INFO: _internal: 127.0.0.1 - - [06/Dec/2024 01:22:45] "[36mGET /static/js/jquery.magnific-popup.min.js HTTP/1.1[0m" 304 -]
[2024-12-06 01:22:45,289: INFO: _internal: 127.0.0.1 - - [06/Dec/2024 01:22:45] "[36mGET /static/js/plugins.js HTTP/1.1[0m" 304 -]
[2024-12-06 01:22:45,297: INFO: _internal: 127.0.0.1 - - [06/Dec/2024 01:22:45] "[36mGET /static/js/gijgo.min.js HTTP/1.1[0m" 304 -]
[2024-12-06 01:22:45,300: INFO: _internal: 127.0.0.1 - - [06/Dec/2024 01:22:45] "[36mGET /static/js/contact.js HTTP/1.1[0m" 304 -]
[2024-12-06 01:22:45,304: INFO: _internal: 127.0.0.1 - - [06/Dec/2024 01:22:45] "[36mGET /static/js/jquery.ajaxchimp.min.js HTTP/1.1[0m" 304 -]
[2024-12-06 01:22:45,306: INFO: _internal: 127.0.0.1 - - [06/Dec/2024 01:22:45] "[36mGET /static/js/jquery.form.js HTTP/1.1[0m" 304 -]
[2024-12-06 01:22:45,310: INFO: _internal: 127.0.0.1 - - [06/Dec/2024 01:22:45] "[36mGET /static/js/jquery.validate.min.js HTTP/1.1[0m" 304 -]
[2024-12-06 01:22:45,314: INFO: _internal: 127.0.0.1 - - [06/Dec/2024 01:22:45] "[36mGET /static/js/mail-script.js HTTP/1.1[0m" 304 -]
[2024-12-06 01:22:45,317: INFO: _internal: 127.0.0.1 - - [06/Dec/2024 01:22:45] "[36mGET /static/js/main.js HTTP/1.1[0m" 304 -]
[2024-12-06 01:22:45,319: INFO: _internal: 127.0.0.1 - - [06/Dec/2024 01:22:45] "[36mGET /static/img/banner/banner.png HTTP/1.1[0m" 304 -]
[2024-12-06 01:22:45,390: INFO: _internal: 127.0.0.1 - - [06/Dec/2024 01:22:45] "[36mGET /static/img/favicon.png HTTP/1.1[0m" 304 -]
[2024-12-06 01:24:00,522: INFO: _internal: 127.0.0.1 - - [06/Dec/2024 01:24:00] "POST /predict HTTP/1.1" 200 -]
[2024-12-07 10:04:47,983: INFO: _internal:  * Detected change in 'C:\\Users\\MSI\\dirassa\\ML\\mlProject\\app.py', reloading]
[2024-12-07 10:04:48,276: INFO: _internal:  * Restarting with stat]
[2024-12-07 10:05:26,818: INFO: _internal: [31m[1mWARNING: This is a development server. Do not use it in a production deployment. Use a production WSGI server instead.[0m
 * Running on all addresses (0.0.0.0)
 * Running on http://127.0.0.1:8080
 * Running on http://192.168.1.16:8080]
[2024-12-07 10:05:26,819: INFO: _internal: [33mPress CTRL+C to quit[0m]
[2024-12-07 10:05:26,821: INFO: _internal:  * Restarting with stat]
[2024-12-07 10:05:27,902: WARNING: _internal:  * Debugger is active!]
[2024-12-07 10:05:27,907: INFO: _internal:  * Debugger PIN: 230-686-137]
[2024-12-07 10:05:32,276: INFO: _internal: 127.0.0.1 - - [07/Dec/2024 10:05:32] "[35m[1mGET / HTTP/1.1[0m" 500 -]
[2024-12-07 10:05:32,512: INFO: _internal: 127.0.0.1 - - [07/Dec/2024 10:05:32] "GET /?__debugger__=yes&cmd=resource&f=style.css HTTP/1.1" 200 -]
[2024-12-07 10:05:32,527: INFO: _internal: 127.0.0.1 - - [07/Dec/2024 10:05:32] "GET /?__debugger__=yes&cmd=resource&f=debugger.js HTTP/1.1" 200 -]
[2024-12-07 10:05:32,640: INFO: _internal: 127.0.0.1 - - [07/Dec/2024 10:05:32] "GET /?__debugger__=yes&cmd=resource&f=console.png&s=stt3wGWhA6bKhR6RTIMu HTTP/1.1" 200 -]
[2024-12-07 10:05:32,760: INFO: _internal: 127.0.0.1 - - [07/Dec/2024 10:05:32] "GET /?__debugger__=yes&cmd=resource&f=console.png HTTP/1.1" 200 -]
[2024-12-07 10:06:01,484: INFO: _internal:  * Detected change in 'C:\\Users\\MSI\\dirassa\\ML\\mlProject\\app.py', reloading]
[2024-12-07 10:06:01,728: INFO: _internal:  * Restarting with stat]
[2024-12-07 10:06:03,260: WARNING: _internal:  * Debugger is active!]
[2024-12-07 10:06:03,262: INFO: _internal:  * Debugger PIN: 230-686-137]
[2024-12-07 10:06:06,466: INFO: _internal: 127.0.0.1 - - [07/Dec/2024 10:06:06] "GET / HTTP/1.1" 200 -]
[2024-12-07 10:06:06,681: INFO: _internal: 127.0.0.1 - - [07/Dec/2024 10:06:06] "[36mGET /static/css/bootstrap.min.css HTTP/1.1[0m" 304 -]
[2024-12-07 10:06:06,691: INFO: _internal: 127.0.0.1 - - [07/Dec/2024 10:06:06] "[36mGET /static/css/flaticon.css HTTP/1.1[0m" 304 -]
[2024-12-07 10:06:06,703: INFO: _internal: 127.0.0.1 - - [07/Dec/2024 10:06:06] "[36mGET /static/css/owl.carousel.min.css HTTP/1.1[0m" 304 -]
[2024-12-07 10:06:06,703: INFO: _internal: 127.0.0.1 - - [07/Dec/2024 10:06:06] "[36mGET /static/css/magnific-popup.css HTTP/1.1[0m" 304 -]
[2024-12-07 10:06:06,706: INFO: _internal: 127.0.0.1 - - [07/Dec/2024 10:06:06] "[36mGET /static/css/gijgo.css HTTP/1.1[0m" 304 -]
[2024-12-07 10:06:06,708: INFO: _internal: 127.0.0.1 - - [07/Dec/2024 10:06:06] "[36mGET /static/css/themify-icons.css HTTP/1.1[0m" 304 -]
[2024-12-07 10:06:06,711: INFO: _internal: 127.0.0.1 - - [07/Dec/2024 10:06:06] "[36mGET /static/css/nice-select.css HTTP/1.1[0m" 304 -]
[2024-12-07 10:06:06,711: INFO: _internal: 127.0.0.1 - - [07/Dec/2024 10:06:06] "[36mGET /static/css/font-awesome.min.css HTTP/1.1[0m" 304 -]
[2024-12-07 10:06:06,723: INFO: _internal: 127.0.0.1 - - [07/Dec/2024 10:06:06] "[36mGET /static/img/logo.png HTTP/1.1[0m" 304 -]
[2024-12-07 10:06:06,724: INFO: _internal: 127.0.0.1 - - [07/Dec/2024 10:06:06] "[36mGET /static/css/slicknav.css HTTP/1.1[0m" 304 -]
[2024-12-07 10:06:06,728: INFO: _internal: 127.0.0.1 - - [07/Dec/2024 10:06:06] "[36mGET /static/css/animate.css HTTP/1.1[0m" 304 -]
[2024-12-07 10:06:06,728: INFO: _internal: 127.0.0.1 - - [07/Dec/2024 10:06:06] "[36mGET /static/css/style.css HTTP/1.1[0m" 304 -]
[2024-12-07 10:06:06,729: INFO: _internal: 127.0.0.1 - - [07/Dec/2024 10:06:06] "[36mGET /static/img/research1.png HTTP/1.1[0m" 304 -]
[2024-12-07 10:06:06,733: INFO: _internal: 127.0.0.1 - - [07/Dec/2024 10:06:06] "[36mGET /static/img/footer_logo.png HTTP/1.1[0m" 304 -]
[2024-12-07 10:06:06,738: INFO: _internal: 127.0.0.1 - - [07/Dec/2024 10:06:06] "[36mGET /static/img/technologyimage.png HTTP/1.1[0m" 304 -]
[2024-12-07 10:06:06,786: INFO: _internal: 127.0.0.1 - - [07/Dec/2024 10:06:06] "[36mGET /static/js/popper.min.js HTTP/1.1[0m" 304 -]
[2024-12-07 10:06:06,791: INFO: _internal: 127.0.0.1 - - [07/Dec/2024 10:06:06] "[36mGET /static/img/banner/banner2.png HTTP/1.1[0m" 304 -]
[2024-12-07 10:06:06,803: INFO: _internal: 127.0.0.1 - - [07/Dec/2024 10:06:06] "[36mGET /static/js/bootstrap.min.js HTTP/1.1[0m" 304 -]
[2024-12-07 10:06:06,808: INFO: _internal: 127.0.0.1 - - [07/Dec/2024 10:06:06] "[36mGET /static/js/owl.carousel.min.js HTTP/1.1[0m" 304 -]
[2024-12-07 10:06:06,809: INFO: _internal: 127.0.0.1 - - [07/Dec/2024 10:06:06] "[36mGET /static/fonts/fontawesome-webfont.woff2?v=4.7.0 HTTP/1.1[0m" 304 -]
[2024-12-07 10:06:06,822: INFO: _internal: 127.0.0.1 - - [07/Dec/2024 10:06:06] "[36mGET /static/fonts/themify.woff?-fvbane HTTP/1.1[0m" 304 -]
[2024-12-07 10:06:06,844: INFO: _internal: 127.0.0.1 - - [07/Dec/2024 10:06:06] "[36mGET /static/js/ajax-form.js HTTP/1.1[0m" 304 -]
[2024-12-07 10:06:06,845: INFO: _internal: 127.0.0.1 - - [07/Dec/2024 10:06:06] "[36mGET /static/js/isotope.pkgd.min.js HTTP/1.1[0m" 304 -]
[2024-12-07 10:06:06,858: INFO: _internal: 127.0.0.1 - - [07/Dec/2024 10:06:06] "[36mGET /static/js/jquery.counterup.min.js HTTP/1.1[0m" 304 -]
[2024-12-07 10:06:06,859: INFO: _internal: 127.0.0.1 - - [07/Dec/2024 10:06:06] "[36mGET /static/js/vendor/jquery-1.12.4.min.js HTTP/1.1[0m" 304 -]
[2024-12-07 10:06:06,876: INFO: _internal: 127.0.0.1 - - [07/Dec/2024 10:06:06] "[36mGET /static/js/vendor/modernizr-3.5.0.min.js HTTP/1.1[0m" 304 -]
[2024-12-07 10:06:06,891: INFO: _internal: 127.0.0.1 - - [07/Dec/2024 10:06:06] "[36mGET /static/js/scrollIt.js HTTP/1.1[0m" 304 -]
[2024-12-07 10:06:06,907: INFO: _internal: 127.0.0.1 - - [07/Dec/2024 10:06:06] "[36mGET /static/js/jquery.scrollUp.min.js HTTP/1.1[0m" 304 -]
[2024-12-07 10:06:06,911: INFO: _internal: 127.0.0.1 - - [07/Dec/2024 10:06:06] "[36mGET /static/js/imagesloaded.pkgd.min.js HTTP/1.1[0m" 304 -]
[2024-12-07 10:06:06,920: INFO: _internal: 127.0.0.1 - - [07/Dec/2024 10:06:06] "[36mGET /static/js/nice-select.min.js HTTP/1.1[0m" 304 -]
[2024-12-07 10:06:06,923: INFO: _internal: 127.0.0.1 - - [07/Dec/2024 10:06:06] "[36mGET /static/js/waypoints.min.js HTTP/1.1[0m" 304 -]
[2024-12-07 10:06:06,928: INFO: _internal: 127.0.0.1 - - [07/Dec/2024 10:06:06] "[36mGET /static/js/wow.min.js HTTP/1.1[0m" 304 -]
[2024-12-07 10:06:06,946: INFO: _internal: 127.0.0.1 - - [07/Dec/2024 10:06:06] "[36mGET /static/js/plugins.js HTTP/1.1[0m" 304 -]
[2024-12-07 10:06:06,980: INFO: _internal: 127.0.0.1 - - [07/Dec/2024 10:06:06] "[36mGET /static/js/jquery.ajaxchimp.min.js HTTP/1.1[0m" 304 -]
[2024-12-07 10:06:06,988: INFO: _internal: 127.0.0.1 - - [07/Dec/2024 10:06:06] "[36mGET /static/js/contact.js HTTP/1.1[0m" 304 -]
[2024-12-07 10:06:07,011: INFO: _internal: 127.0.0.1 - - [07/Dec/2024 10:06:07] "[36mGET /static/js/jquery.form.js HTTP/1.1[0m" 304 -]
[2024-12-07 10:06:07,044: INFO: _internal: 127.0.0.1 - - [07/Dec/2024 10:06:07] "[36mGET /static/js/mail-script.js HTTP/1.1[0m" 304 -]
[2024-12-07 10:06:07,055: INFO: _internal: 127.0.0.1 - - [07/Dec/2024 10:06:07] "[36mGET /static/img/banner/banner.png HTTP/1.1[0m" 304 -]
[2024-12-07 10:06:07,057: INFO: _internal: 127.0.0.1 - - [07/Dec/2024 10:06:07] "[36mGET /static/js/main.js HTTP/1.1[0m" 304 -]
[2024-12-07 10:06:07,057: INFO: _internal: 127.0.0.1 - - [07/Dec/2024 10:06:07] "[36mGET /static/js/gijgo.min.js HTTP/1.1[0m" 304 -]
[2024-12-07 10:06:07,110: INFO: _internal: 127.0.0.1 - - [07/Dec/2024 10:06:07] "[36mGET /static/js/jquery.magnific-popup.min.js HTTP/1.1[0m" 304 -]
[2024-12-07 10:06:07,110: INFO: _internal: 127.0.0.1 - - [07/Dec/2024 10:06:07] "[36mGET /static/js/jquery.slicknav.min.js HTTP/1.1[0m" 304 -]
[2024-12-07 10:06:07,130: INFO: _internal: 127.0.0.1 - - [07/Dec/2024 10:06:07] "[36mGET /static/js/jquery.validate.min.js HTTP/1.1[0m" 304 -]
[2024-12-07 10:06:07,202: INFO: _internal: 127.0.0.1 - - [07/Dec/2024 10:06:07] "[36mGET /static/img/favicon.png HTTP/1.1[0m" 304 -]
[2024-12-07 10:06:57,967: INFO: _internal: 127.0.0.1 - - [07/Dec/2024 10:06:57] "POST /predict HTTP/1.1" 200 -]
[2024-12-07 10:07:14,817: INFO: _internal: 127.0.0.1 - - [07/Dec/2024 10:07:14] "POST /predict HTTP/1.1" 200 -]
[2024-12-07 10:09:46,334: INFO: _internal:  * Detected change in 'C:\\Users\\MSI\\dirassa\\ML\\mlProject\\app.py', reloading]
[2024-12-07 10:09:46,545: INFO: _internal:  * Restarting with stat]
[2024-12-07 10:12:23,869: INFO: _internal: [31m[1mWARNING: This is a development server. Do not use it in a production deployment. Use a production WSGI server instead.[0m
 * Running on all addresses (0.0.0.0)
 * Running on http://127.0.0.1:8080
 * Running on http://192.168.1.16:8080]
[2024-12-07 10:12:23,869: INFO: _internal: [33mPress CTRL+C to quit[0m]
[2024-12-07 10:12:23,871: INFO: _internal:  * Restarting with stat]
[2024-12-07 10:12:24,840: WARNING: _internal:  * Debugger is active!]
[2024-12-07 10:12:24,842: INFO: _internal:  * Debugger PIN: 230-686-137]
[2024-12-07 10:12:29,453: INFO: _internal: 127.0.0.1 - - [07/Dec/2024 10:12:29] "GET / HTTP/1.1" 200 -]
[2024-12-07 10:12:29,671: INFO: _internal: 127.0.0.1 - - [07/Dec/2024 10:12:29] "[36mGET /static/css/bootstrap.min.css HTTP/1.1[0m" 304 -]
[2024-12-07 10:12:29,674: INFO: _internal: 127.0.0.1 - - [07/Dec/2024 10:12:29] "[36mGET /static/css/flaticon.css HTTP/1.1[0m" 304 -]
[2024-12-07 10:12:29,678: INFO: _internal: 127.0.0.1 - - [07/Dec/2024 10:12:29] "[36mGET /static/css/gijgo.css HTTP/1.1[0m" 304 -]
[2024-12-07 10:12:29,682: INFO: _internal: 127.0.0.1 - - [07/Dec/2024 10:12:29] "[36mGET /static/css/animate.css HTTP/1.1[0m" 304 -]
[2024-12-07 10:12:29,686: INFO: _internal: 127.0.0.1 - - [07/Dec/2024 10:12:29] "[36mGET /static/css/slicknav.css HTTP/1.1[0m" 304 -]
[2024-12-07 10:12:29,688: INFO: _internal: 127.0.0.1 - - [07/Dec/2024 10:12:29] "[36mGET /static/css/owl.carousel.min.css HTTP/1.1[0m" 304 -]
[2024-12-07 10:12:29,696: INFO: _internal: 127.0.0.1 - - [07/Dec/2024 10:12:29] "[36mGET /static/css/style.css HTTP/1.1[0m" 304 -]
[2024-12-07 10:12:29,697: INFO: _internal: 127.0.0.1 - - [07/Dec/2024 10:12:29] "[36mGET /static/img/logo.png HTTP/1.1[0m" 304 -]
[2024-12-07 10:12:29,698: INFO: _internal: 127.0.0.1 - - [07/Dec/2024 10:12:29] "[36mGET /static/css/font-awesome.min.css HTTP/1.1[0m" 304 -]
[2024-12-07 10:12:29,706: INFO: _internal: 127.0.0.1 - - [07/Dec/2024 10:12:29] "[36mGET /static/css/magnific-popup.css HTTP/1.1[0m" 304 -]
[2024-12-07 10:12:29,708: INFO: _internal: 127.0.0.1 - - [07/Dec/2024 10:12:29] "[36mGET /static/css/nice-select.css HTTP/1.1[0m" 304 -]
[2024-12-07 10:12:29,711: INFO: _internal: 127.0.0.1 - - [07/Dec/2024 10:12:29] "[36mGET /static/css/themify-icons.css HTTP/1.1[0m" 304 -]
[2024-12-07 10:12:29,714: INFO: _internal: 127.0.0.1 - - [07/Dec/2024 10:12:29] "[36mGET /static/img/technologyimage.png HTTP/1.1[0m" 304 -]
[2024-12-07 10:12:29,717: INFO: _internal: 127.0.0.1 - - [07/Dec/2024 10:12:29] "[36mGET /static/img/research1.png HTTP/1.1[0m" 304 -]
[2024-12-07 10:12:29,721: INFO: _internal: 127.0.0.1 - - [07/Dec/2024 10:12:29] "[36mGET /static/img/footer_logo.png HTTP/1.1[0m" 304 -]
[2024-12-07 10:12:29,724: INFO: _internal: 127.0.0.1 - - [07/Dec/2024 10:12:29] "[36mGET /static/js/vendor/modernizr-3.5.0.min.js HTTP/1.1[0m" 304 -]
[2024-12-07 10:12:29,729: INFO: _internal: 127.0.0.1 - - [07/Dec/2024 10:12:29] "[36mGET /static/js/vendor/jquery-1.12.4.min.js HTTP/1.1[0m" 304 -]
[2024-12-07 10:12:29,736: INFO: _internal: 127.0.0.1 - - [07/Dec/2024 10:12:29] "[36mGET /static/js/bootstrap.min.js HTTP/1.1[0m" 304 -]
[2024-12-07 10:12:29,737: INFO: _internal: 127.0.0.1 - - [07/Dec/2024 10:12:29] "[36mGET /static/js/popper.min.js HTTP/1.1[0m" 304 -]
[2024-12-07 10:12:29,738: INFO: _internal: 127.0.0.1 - - [07/Dec/2024 10:12:29] "[36mGET /static/js/owl.carousel.min.js HTTP/1.1[0m" 304 -]
[2024-12-07 10:12:29,743: INFO: _internal: 127.0.0.1 - - [07/Dec/2024 10:12:29] "[36mGET /static/js/isotope.pkgd.min.js HTTP/1.1[0m" 304 -]
[2024-12-07 10:12:29,747: INFO: _internal: 127.0.0.1 - - [07/Dec/2024 10:12:29] "[36mGET /static/js/ajax-form.js HTTP/1.1[0m" 304 -]
[2024-12-07 10:12:29,751: INFO: _internal: 127.0.0.1 - - [07/Dec/2024 10:12:29] "[36mGET /static/js/waypoints.min.js HTTP/1.1[0m" 304 -]
[2024-12-07 10:12:29,754: INFO: _internal: 127.0.0.1 - - [07/Dec/2024 10:12:29] "[36mGET /static/js/jquery.counterup.min.js HTTP/1.1[0m" 304 -]
[2024-12-07 10:12:29,756: INFO: _internal: 127.0.0.1 - - [07/Dec/2024 10:12:29] "[36mGET /static/js/imagesloaded.pkgd.min.js HTTP/1.1[0m" 304 -]
[2024-12-07 10:12:29,760: INFO: _internal: 127.0.0.1 - - [07/Dec/2024 10:12:29] "[36mGET /static/js/scrollIt.js HTTP/1.1[0m" 304 -]
[2024-12-07 10:12:29,765: INFO: _internal: 127.0.0.1 - - [07/Dec/2024 10:12:29] "[36mGET /static/js/jquery.scrollUp.min.js HTTP/1.1[0m" 304 -]
[2024-12-07 10:12:29,768: INFO: _internal: 127.0.0.1 - - [07/Dec/2024 10:12:29] "[36mGET /static/js/wow.min.js HTTP/1.1[0m" 304 -]
[2024-12-07 10:12:29,770: INFO: _internal: 127.0.0.1 - - [07/Dec/2024 10:12:29] "[36mGET /static/js/nice-select.min.js HTTP/1.1[0m" 304 -]
[2024-12-07 10:12:29,773: INFO: _internal: 127.0.0.1 - - [07/Dec/2024 10:12:29] "[36mGET /static/js/jquery.slicknav.min.js HTTP/1.1[0m" 304 -]
[2024-12-07 10:12:29,776: INFO: _internal: 127.0.0.1 - - [07/Dec/2024 10:12:29] "[36mGET /static/js/jquery.magnific-popup.min.js HTTP/1.1[0m" 304 -]
[2024-12-07 10:12:29,780: INFO: _internal: 127.0.0.1 - - [07/Dec/2024 10:12:29] "[36mGET /static/js/plugins.js HTTP/1.1[0m" 304 -]
[2024-12-07 10:12:29,783: INFO: _internal: 127.0.0.1 - - [07/Dec/2024 10:12:29] "[36mGET /static/js/gijgo.min.js HTTP/1.1[0m" 304 -]
[2024-12-07 10:12:29,789: INFO: _internal: 127.0.0.1 - - [07/Dec/2024 10:12:29] "[36mGET /static/js/contact.js HTTP/1.1[0m" 304 -]
[2024-12-07 10:12:29,790: INFO: _internal: 127.0.0.1 - - [07/Dec/2024 10:12:29] "[36mGET /static/js/jquery.ajaxchimp.min.js HTTP/1.1[0m" 304 -]
[2024-12-07 10:12:29,792: INFO: _internal: 127.0.0.1 - - [07/Dec/2024 10:12:29] "[36mGET /static/js/jquery.form.js HTTP/1.1[0m" 304 -]
[2024-12-07 10:12:29,796: INFO: _internal: 127.0.0.1 - - [07/Dec/2024 10:12:29] "[36mGET /static/js/jquery.validate.min.js HTTP/1.1[0m" 304 -]
[2024-12-07 10:12:29,798: INFO: _internal: 127.0.0.1 - - [07/Dec/2024 10:12:29] "[36mGET /static/js/mail-script.js HTTP/1.1[0m" 304 -]
[2024-12-07 10:12:29,801: INFO: _internal: 127.0.0.1 - - [07/Dec/2024 10:12:29] "[36mGET /static/js/main.js HTTP/1.1[0m" 304 -]
[2024-12-07 10:12:29,804: INFO: _internal: 127.0.0.1 - - [07/Dec/2024 10:12:29] "[36mGET /static/img/banner/banner2.png HTTP/1.1[0m" 304 -]
[2024-12-07 10:12:29,808: INFO: _internal: 127.0.0.1 - - [07/Dec/2024 10:12:29] "[36mGET /static/img/banner/banner.png HTTP/1.1[0m" 304 -]
[2024-12-07 10:12:29,820: INFO: _internal: 127.0.0.1 - - [07/Dec/2024 10:12:29] "[36mGET /static/fonts/fontawesome-webfont.woff2?v=4.7.0 HTTP/1.1[0m" 304 -]
[2024-12-07 10:12:29,822: INFO: _internal: 127.0.0.1 - - [07/Dec/2024 10:12:29] "[36mGET /static/fonts/themify.woff?-fvbane HTTP/1.1[0m" 304 -]
[2024-12-07 10:12:30,005: INFO: _internal: 127.0.0.1 - - [07/Dec/2024 10:12:30] "[36mGET /static/img/favicon.png HTTP/1.1[0m" 304 -]
[2024-12-07 10:12:44,911: INFO: _internal: 127.0.0.1 - - [07/Dec/2024 10:12:44] "POST /predict HTTP/1.1" 200 -]
[2024-12-07 10:13:52,849: INFO: _internal:  * Detected change in 'C:\\Users\\MSI\\dirassa\\ML\\mlProject\\app.py', reloading]
[2024-12-07 10:13:53,088: INFO: _internal:  * Restarting with stat]
[2024-12-07 10:13:54,734: WARNING: _internal:  * Debugger is active!]
[2024-12-07 10:13:54,738: INFO: _internal:  * Debugger PIN: 230-686-137]
[2024-12-07 10:13:57,780: INFO: _internal:  * Detected change in 'C:\\Users\\MSI\\dirassa\\ML\\mlProject\\app.py', reloading]
[2024-12-07 10:13:58,188: INFO: _internal:  * Restarting with stat]
[2024-12-07 10:13:59,776: WARNING: _internal:  * Debugger is active!]
[2024-12-07 10:13:59,778: INFO: _internal:  * Debugger PIN: 230-686-137]
[2024-12-07 10:14:09,259: INFO: _internal: 127.0.0.1 - - [07/Dec/2024 10:14:09] "POST /predict HTTP/1.1" 200 -]
[2024-12-07 10:15:29,138: INFO: _internal: 127.0.0.1 - - [07/Dec/2024 10:15:29] "GET / HTTP/1.1" 200 -]
[2024-12-07 10:15:29,576: INFO: _internal: 127.0.0.1 - - [07/Dec/2024 10:15:29] "[36mGET /static/css/themify-icons.css HTTP/1.1[0m" 304 -]
[2024-12-07 10:15:29,580: INFO: _internal: 127.0.0.1 - - [07/Dec/2024 10:15:29] "[36mGET /static/css/flaticon.css HTTP/1.1[0m" 304 -]
[2024-12-07 10:15:29,586: INFO: _internal: 127.0.0.1 - - [07/Dec/2024 10:15:29] "[36mGET /static/css/gijgo.css HTTP/1.1[0m" 304 -]
[2024-12-07 10:15:29,593: INFO: _internal: 127.0.0.1 - - [07/Dec/2024 10:15:29] "[36mGET /static/css/bootstrap.min.css HTTP/1.1[0m" 304 -]
[2024-12-07 10:15:29,594: INFO: _internal: 127.0.0.1 - - [07/Dec/2024 10:15:29] "[36mGET /static/css/animate.css HTTP/1.1[0m" 304 -]
[2024-12-07 10:15:29,600: INFO: _internal: 127.0.0.1 - - [07/Dec/2024 10:15:29] "[36mGET /static/css/magnific-popup.css HTTP/1.1[0m" 304 -]
[2024-12-07 10:15:29,604: INFO: _internal: 127.0.0.1 - - [07/Dec/2024 10:15:29] "[36mGET /static/css/slicknav.css HTTP/1.1[0m" 304 -]
[2024-12-07 10:15:29,608: INFO: _internal: 127.0.0.1 - - [07/Dec/2024 10:15:29] "[36mGET /static/css/owl.carousel.min.css HTTP/1.1[0m" 304 -]
[2024-12-07 10:15:29,609: INFO: _internal: 127.0.0.1 - - [07/Dec/2024 10:15:29] "[36mGET /static/css/nice-select.css HTTP/1.1[0m" 304 -]
[2024-12-07 10:15:29,614: INFO: _internal: 127.0.0.1 - - [07/Dec/2024 10:15:29] "[36mGET /static/css/style.css HTTP/1.1[0m" 304 -]
[2024-12-07 10:15:29,617: INFO: _internal: 127.0.0.1 - - [07/Dec/2024 10:15:29] "[36mGET /static/css/font-awesome.min.css HTTP/1.1[0m" 304 -]
[2024-12-07 10:15:29,620: INFO: _internal: 127.0.0.1 - - [07/Dec/2024 10:15:29] "[36mGET /static/img/logo.png HTTP/1.1[0m" 304 -]
[2024-12-07 10:15:29,624: INFO: _internal: 127.0.0.1 - - [07/Dec/2024 10:15:29] "[36mGET /static/img/research1.png HTTP/1.1[0m" 304 -]
[2024-12-07 10:15:29,626: INFO: _internal: 127.0.0.1 - - [07/Dec/2024 10:15:29] "[36mGET /static/img/technologyimage.png HTTP/1.1[0m" 304 -]
[2024-12-07 10:15:29,628: INFO: _internal: 127.0.0.1 - - [07/Dec/2024 10:15:29] "[36mGET /static/img/footer_logo.png HTTP/1.1[0m" 304 -]
[2024-12-07 10:15:29,632: INFO: _internal: 127.0.0.1 - - [07/Dec/2024 10:15:29] "[36mGET /static/js/vendor/modernizr-3.5.0.min.js HTTP/1.1[0m" 304 -]
[2024-12-07 10:15:29,639: INFO: _internal: 127.0.0.1 - - [07/Dec/2024 10:15:29] "[36mGET /static/js/vendor/jquery-1.12.4.min.js HTTP/1.1[0m" 304 -]
[2024-12-07 10:15:29,642: INFO: _internal: 127.0.0.1 - - [07/Dec/2024 10:15:29] "[36mGET /static/js/popper.min.js HTTP/1.1[0m" 304 -]
[2024-12-07 10:15:29,647: INFO: _internal: 127.0.0.1 - - [07/Dec/2024 10:15:29] "[36mGET /static/js/bootstrap.min.js HTTP/1.1[0m" 304 -]
[2024-12-07 10:15:29,648: INFO: _internal: 127.0.0.1 - - [07/Dec/2024 10:15:29] "[36mGET /static/js/owl.carousel.min.js HTTP/1.1[0m" 304 -]
[2024-12-07 10:15:29,652: INFO: _internal: 127.0.0.1 - - [07/Dec/2024 10:15:29] "[36mGET /static/js/isotope.pkgd.min.js HTTP/1.1[0m" 304 -]
[2024-12-07 10:15:29,656: INFO: _internal: 127.0.0.1 - - [07/Dec/2024 10:15:29] "[36mGET /static/img/banner/banner2.png HTTP/1.1[0m" 304 -]
[2024-12-07 10:15:29,662: INFO: _internal: 127.0.0.1 - - [07/Dec/2024 10:15:29] "[36mGET /static/js/ajax-form.js HTTP/1.1[0m" 304 -]
[2024-12-07 10:15:29,666: INFO: _internal: 127.0.0.1 - - [07/Dec/2024 10:15:29] "[36mGET /static/fonts/themify.woff?-fvbane HTTP/1.1[0m" 304 -]
[2024-12-07 10:15:29,670: INFO: _internal: 127.0.0.1 - - [07/Dec/2024 10:15:29] "[36mGET /static/fonts/fontawesome-webfont.woff2?v=4.7.0 HTTP/1.1[0m" 304 -]
[2024-12-07 10:15:29,671: INFO: _internal: 127.0.0.1 - - [07/Dec/2024 10:15:29] "[36mGET /static/js/waypoints.min.js HTTP/1.1[0m" 304 -]
[2024-12-07 10:15:29,673: INFO: _internal: 127.0.0.1 - - [07/Dec/2024 10:15:29] "[36mGET /static/js/jquery.counterup.min.js HTTP/1.1[0m" 304 -]
[2024-12-07 10:15:29,678: INFO: _internal: 127.0.0.1 - - [07/Dec/2024 10:15:29] "[36mGET /static/js/imagesloaded.pkgd.min.js HTTP/1.1[0m" 304 -]
[2024-12-07 10:15:29,683: INFO: _internal: 127.0.0.1 - - [07/Dec/2024 10:15:29] "[36mGET /static/js/scrollIt.js HTTP/1.1[0m" 304 -]
[2024-12-07 10:15:29,688: INFO: _internal: 127.0.0.1 - - [07/Dec/2024 10:15:29] "[36mGET /static/js/jquery.scrollUp.min.js HTTP/1.1[0m" 304 -]
[2024-12-07 10:15:29,700: INFO: _internal: 127.0.0.1 - - [07/Dec/2024 10:15:29] "[36mGET /static/js/wow.min.js HTTP/1.1[0m" 304 -]
[2024-12-07 10:15:29,706: INFO: _internal: 127.0.0.1 - - [07/Dec/2024 10:15:29] "[36mGET /static/js/nice-select.min.js HTTP/1.1[0m" 304 -]
[2024-12-07 10:15:29,715: INFO: _internal: 127.0.0.1 - - [07/Dec/2024 10:15:29] "[36mGET /static/js/jquery.slicknav.min.js HTTP/1.1[0m" 304 -]
[2024-12-07 10:15:29,720: INFO: _internal: 127.0.0.1 - - [07/Dec/2024 10:15:29] "[36mGET /static/js/jquery.magnific-popup.min.js HTTP/1.1[0m" 304 -]
[2024-12-07 10:15:29,723: INFO: _internal: 127.0.0.1 - - [07/Dec/2024 10:15:29] "[36mGET /static/js/plugins.js HTTP/1.1[0m" 304 -]
[2024-12-07 10:15:29,728: INFO: _internal: 127.0.0.1 - - [07/Dec/2024 10:15:29] "[36mGET /static/js/gijgo.min.js HTTP/1.1[0m" 304 -]
[2024-12-07 10:15:29,731: INFO: _internal: 127.0.0.1 - - [07/Dec/2024 10:15:29] "[36mGET /static/js/contact.js HTTP/1.1[0m" 304 -]
[2024-12-07 10:15:29,737: INFO: _internal: 127.0.0.1 - - [07/Dec/2024 10:15:29] "[36mGET /static/js/jquery.ajaxchimp.min.js HTTP/1.1[0m" 304 -]
[2024-12-07 10:15:29,741: INFO: _internal: 127.0.0.1 - - [07/Dec/2024 10:15:29] "[36mGET /static/js/jquery.form.js HTTP/1.1[0m" 304 -]
[2024-12-07 10:15:29,745: INFO: _internal: 127.0.0.1 - - [07/Dec/2024 10:15:29] "[36mGET /static/js/jquery.validate.min.js HTTP/1.1[0m" 304 -]
[2024-12-07 10:15:29,752: INFO: _internal: 127.0.0.1 - - [07/Dec/2024 10:15:29] "[36mGET /static/js/mail-script.js HTTP/1.1[0m" 304 -]
[2024-12-07 10:15:29,755: INFO: _internal: 127.0.0.1 - - [07/Dec/2024 10:15:29] "[36mGET /static/img/banner/banner.png HTTP/1.1[0m" 304 -]
[2024-12-07 10:15:29,756: INFO: _internal: 127.0.0.1 - - [07/Dec/2024 10:15:29] "[36mGET /static/js/main.js HTTP/1.1[0m" 304 -]
[2024-12-07 10:15:29,830: INFO: _internal: 127.0.0.1 - - [07/Dec/2024 10:15:29] "[36mGET /static/img/favicon.png HTTP/1.1[0m" 304 -]
[2024-12-07 10:15:53,113: INFO: _internal: 127.0.0.1 - - [07/Dec/2024 10:15:53] "POST /predict HTTP/1.1" 200 -]
[2024-12-07 11:20:56,302: INFO: _internal:  * Detected change in 'C:\\Users\\MSI\\dirassa\\ML\\mlProject\\app.py', reloading]
[2024-12-07 11:20:56,607: INFO: _internal:  * Restarting with stat]
[2024-12-07 11:21:54,745: INFO: _internal: [31m[1mWARNING: This is a development server. Do not use it in a production deployment. Use a production WSGI server instead.[0m
 * Running on all addresses (0.0.0.0)
 * Running on http://127.0.0.1:8080
 * Running on http://192.168.1.16:8080]
[2024-12-07 11:21:54,745: INFO: _internal: [33mPress CTRL+C to quit[0m]
[2024-12-07 11:21:54,747: INFO: _internal:  * Restarting with stat]
[2024-12-07 11:21:55,741: WARNING: _internal:  * Debugger is active!]
[2024-12-07 11:21:55,743: INFO: _internal:  * Debugger PIN: 230-686-137]
[2024-12-07 11:21:58,152: INFO: _internal: 127.0.0.1 - - [07/Dec/2024 11:21:58] "GET / HTTP/1.1" 200 -]
[2024-12-07 11:21:58,357: INFO: _internal: 127.0.0.1 - - [07/Dec/2024 11:21:58] "[36mGET /static/css/bootstrap.min.css HTTP/1.1[0m" 304 -]
[2024-12-07 11:21:58,361: INFO: _internal: 127.0.0.1 - - [07/Dec/2024 11:21:58] "[36mGET /static/css/font-awesome.min.css HTTP/1.1[0m" 304 -]
[2024-12-07 11:21:58,367: INFO: _internal: 127.0.0.1 - - [07/Dec/2024 11:21:58] "[36mGET /static/css/nice-select.css HTTP/1.1[0m" 304 -]
[2024-12-07 11:21:58,367: INFO: _internal: 127.0.0.1 - - [07/Dec/2024 11:21:58] "[36mGET /static/css/magnific-popup.css HTTP/1.1[0m" 304 -]
[2024-12-07 11:21:58,369: INFO: _internal: 127.0.0.1 - - [07/Dec/2024 11:21:58] "[36mGET /static/css/owl.carousel.min.css HTTP/1.1[0m" 304 -]
[2024-12-07 11:21:58,369: INFO: _internal: 127.0.0.1 - - [07/Dec/2024 11:21:58] "[36mGET /static/css/themify-icons.css HTTP/1.1[0m" 304 -]
[2024-12-07 11:21:58,379: INFO: _internal: 127.0.0.1 - - [07/Dec/2024 11:21:58] "[36mGET /static/css/flaticon.css HTTP/1.1[0m" 304 -]
[2024-12-07 11:21:58,385: INFO: _internal: 127.0.0.1 - - [07/Dec/2024 11:21:58] "[36mGET /static/img/logo.png HTTP/1.1[0m" 304 -]
[2024-12-07 11:21:58,389: INFO: _internal: 127.0.0.1 - - [07/Dec/2024 11:21:58] "[36mGET /static/css/gijgo.css HTTP/1.1[0m" 304 -]
[2024-12-07 11:21:58,392: INFO: _internal: 127.0.0.1 - - [07/Dec/2024 11:21:58] "[36mGET /static/css/slicknav.css HTTP/1.1[0m" 304 -]
[2024-12-07 11:21:58,394: INFO: _internal: 127.0.0.1 - - [07/Dec/2024 11:21:58] "[36mGET /static/img/research1.png HTTP/1.1[0m" 304 -]
[2024-12-07 11:21:58,395: INFO: _internal: 127.0.0.1 - - [07/Dec/2024 11:21:58] "[36mGET /static/css/style.css HTTP/1.1[0m" 304 -]
[2024-12-07 11:21:58,396: INFO: _internal: 127.0.0.1 - - [07/Dec/2024 11:21:58] "[36mGET /static/css/animate.css HTTP/1.1[0m" 304 -]
[2024-12-07 11:21:58,399: INFO: _internal: 127.0.0.1 - - [07/Dec/2024 11:21:58] "[36mGET /static/img/technologyimage.png HTTP/1.1[0m" 304 -]
[2024-12-07 11:21:58,405: INFO: _internal: 127.0.0.1 - - [07/Dec/2024 11:21:58] "[36mGET /static/img/footer_logo.png HTTP/1.1[0m" 304 -]
[2024-12-07 11:21:58,450: INFO: _internal: 127.0.0.1 - - [07/Dec/2024 11:21:58] "[36mGET /static/js/popper.min.js HTTP/1.1[0m" 304 -]
[2024-12-07 11:21:58,463: INFO: _internal: 127.0.0.1 - - [07/Dec/2024 11:21:58] "[36mGET /static/js/owl.carousel.min.js HTTP/1.1[0m" 304 -]
[2024-12-07 11:21:58,466: INFO: _internal: 127.0.0.1 - - [07/Dec/2024 11:21:58] "[36mGET /static/fonts/themify.woff?-fvbane HTTP/1.1[0m" 304 -]
[2024-12-07 11:21:58,470: INFO: _internal: 127.0.0.1 - - [07/Dec/2024 11:21:58] "[36mGET /static/js/bootstrap.min.js HTTP/1.1[0m" 304 -]
[2024-12-07 11:21:58,471: INFO: _internal: 127.0.0.1 - - [07/Dec/2024 11:21:58] "[36mGET /static/img/banner/banner2.png HTTP/1.1[0m" 304 -]
[2024-12-07 11:21:58,485: INFO: _internal: 127.0.0.1 - - [07/Dec/2024 11:21:58] "[36mGET /static/fonts/fontawesome-webfont.woff2?v=4.7.0 HTTP/1.1[0m" 304 -]
[2024-12-07 11:21:58,511: INFO: _internal: 127.0.0.1 - - [07/Dec/2024 11:21:58] "[36mGET /static/js/isotope.pkgd.min.js HTTP/1.1[0m" 304 -]
[2024-12-07 11:21:58,513: INFO: _internal: 127.0.0.1 - - [07/Dec/2024 11:21:58] "[36mGET /static/js/ajax-form.js HTTP/1.1[0m" 304 -]
[2024-12-07 11:21:58,515: INFO: _internal: 127.0.0.1 - - [07/Dec/2024 11:21:58] "[36mGET /static/js/vendor/jquery-1.12.4.min.js HTTP/1.1[0m" 304 -]
[2024-12-07 11:21:58,542: INFO: _internal: 127.0.0.1 - - [07/Dec/2024 11:21:58] "[36mGET /static/js/waypoints.min.js HTTP/1.1[0m" 304 -]
[2024-12-07 11:21:58,561: INFO: _internal: 127.0.0.1 - - [07/Dec/2024 11:21:58] "[36mGET /static/js/vendor/modernizr-3.5.0.min.js HTTP/1.1[0m" 304 -]
[2024-12-07 11:21:58,568: INFO: _internal: 127.0.0.1 - - [07/Dec/2024 11:21:58] "[36mGET /static/js/scrollIt.js HTTP/1.1[0m" 304 -]
[2024-12-07 11:21:58,570: INFO: _internal: 127.0.0.1 - - [07/Dec/2024 11:21:58] "[36mGET /static/js/jquery.scrollUp.min.js HTTP/1.1[0m" 304 -]
[2024-12-07 11:21:58,575: INFO: _internal: 127.0.0.1 - - [07/Dec/2024 11:21:58] "[36mGET /static/js/imagesloaded.pkgd.min.js HTTP/1.1[0m" 304 -]
[2024-12-07 11:21:58,584: INFO: _internal: 127.0.0.1 - - [07/Dec/2024 11:21:58] "[36mGET /static/js/jquery.counterup.min.js HTTP/1.1[0m" 304 -]
[2024-12-07 11:21:58,605: INFO: _internal: 127.0.0.1 - - [07/Dec/2024 11:21:58] "[36mGET /static/js/wow.min.js HTTP/1.1[0m" 304 -]
[2024-12-07 11:21:58,624: INFO: _internal: 127.0.0.1 - - [07/Dec/2024 11:21:58] "[36mGET /static/js/nice-select.min.js HTTP/1.1[0m" 304 -]
[2024-12-07 11:21:58,629: INFO: _internal: 127.0.0.1 - - [07/Dec/2024 11:21:58] "[36mGET /static/js/plugins.js HTTP/1.1[0m" 304 -]
[2024-12-07 11:21:58,673: INFO: _internal: 127.0.0.1 - - [07/Dec/2024 11:21:58] "[36mGET /static/js/contact.js HTTP/1.1[0m" 304 -]
[2024-12-07 11:21:58,681: INFO: _internal: 127.0.0.1 - - [07/Dec/2024 11:21:58] "[36mGET /static/js/jquery.slicknav.min.js HTTP/1.1[0m" 304 -]
[2024-12-07 11:21:58,689: INFO: _internal: 127.0.0.1 - - [07/Dec/2024 11:21:58] "[36mGET /static/js/jquery.ajaxchimp.min.js HTTP/1.1[0m" 304 -]
[2024-12-07 11:21:58,717: INFO: _internal: 127.0.0.1 - - [07/Dec/2024 11:21:58] "[36mGET /static/js/mail-script.js HTTP/1.1[0m" 304 -]
[2024-12-07 11:21:58,725: INFO: _internal: 127.0.0.1 - - [07/Dec/2024 11:21:58] "[36mGET /static/img/banner/banner.png HTTP/1.1[0m" 304 -]
[2024-12-07 11:21:58,742: INFO: _internal: 127.0.0.1 - - [07/Dec/2024 11:21:58] "[36mGET /static/js/jquery.form.js HTTP/1.1[0m" 304 -]
[2024-12-07 11:21:58,754: INFO: _internal: 127.0.0.1 - - [07/Dec/2024 11:21:58] "[36mGET /static/js/main.js HTTP/1.1[0m" 304 -]
[2024-12-07 11:21:58,763: INFO: _internal: 127.0.0.1 - - [07/Dec/2024 11:21:58] "[36mGET /static/js/jquery.magnific-popup.min.js HTTP/1.1[0m" 304 -]
[2024-12-07 11:21:58,777: INFO: _internal: 127.0.0.1 - - [07/Dec/2024 11:21:58] "[36mGET /static/js/gijgo.min.js HTTP/1.1[0m" 304 -]
[2024-12-07 11:21:58,832: INFO: _internal: 127.0.0.1 - - [07/Dec/2024 11:21:58] "[36mGET /static/js/jquery.validate.min.js HTTP/1.1[0m" 304 -]
[2024-12-07 11:22:28,878: INFO: _internal: 127.0.0.1 - - [07/Dec/2024 11:22:28] "POST /predict HTTP/1.1" 200 -]
[2024-12-07 11:22:29,173: INFO: _internal: 127.0.0.1 - - [07/Dec/2024 11:22:29] "[33mGET /Roboto-Regular.ttf HTTP/1.1[0m" 404 -]
[2024-12-07 11:22:29,520: INFO: _internal: 127.0.0.1 - - [07/Dec/2024 11:22:29] "[33mGET /favicon.ico HTTP/1.1[0m" 404 -]
[2024-12-07 11:25:00,236: INFO: _internal:  * Detected change in 'C:\\Users\\MSI\\dirassa\\ML\\mlProject\\app.py', reloading]
[2024-12-07 11:25:00,484: INFO: _internal:  * Restarting with stat]
[2024-12-07 11:25:01,791: WARNING: _internal:  * Debugger is active!]
[2024-12-07 11:25:01,794: INFO: _internal:  * Debugger PIN: 230-686-137]
[2024-12-07 11:25:05,861: INFO: _internal:  * Detected change in 'C:\\Users\\MSI\\dirassa\\ML\\mlProject\\app.py', reloading]
[2024-12-07 11:25:06,082: INFO: _internal:  * Restarting with stat]
[2024-12-07 11:25:07,479: WARNING: _internal:  * Debugger is active!]
[2024-12-07 11:25:07,481: INFO: _internal:  * Debugger PIN: 230-686-137]
[2024-12-07 11:25:08,530: INFO: _internal:  * Detected change in 'C:\\Users\\MSI\\dirassa\\ML\\mlProject\\app.py', reloading]
[2024-12-07 11:25:08,699: INFO: _internal:  * Restarting with stat]
[2024-12-07 11:27:25,331: INFO: _internal: [31m[1mWARNING: This is a development server. Do not use it in a production deployment. Use a production WSGI server instead.[0m
 * Running on all addresses (0.0.0.0)
 * Running on http://127.0.0.1:8080
 * Running on http://192.168.1.16:8080]
[2024-12-07 11:27:25,332: INFO: _internal: [33mPress CTRL+C to quit[0m]
[2024-12-07 11:27:25,333: INFO: _internal:  * Restarting with stat]
[2024-12-07 11:27:26,799: WARNING: _internal:  * Debugger is active!]
[2024-12-07 11:27:26,801: INFO: _internal:  * Debugger PIN: 230-686-137]
[2024-12-07 11:27:29,525: INFO: _internal: 127.0.0.1 - - [07/Dec/2024 11:27:29] "GET / HTTP/1.1" 200 -]
[2024-12-07 11:27:29,739: INFO: _internal: 127.0.0.1 - - [07/Dec/2024 11:27:29] "[36mGET /static/css/owl.carousel.min.css HTTP/1.1[0m" 304 -]
[2024-12-07 11:27:29,744: INFO: _internal: 127.0.0.1 - - [07/Dec/2024 11:27:29] "[36mGET /static/css/flaticon.css HTTP/1.1[0m" 304 -]
[2024-12-07 11:27:29,745: INFO: _internal: 127.0.0.1 - - [07/Dec/2024 11:27:29] "[36mGET /static/css/bootstrap.min.css HTTP/1.1[0m" 304 -]
[2024-12-07 11:27:29,751: INFO: _internal: 127.0.0.1 - - [07/Dec/2024 11:27:29] "[36mGET /static/css/magnific-popup.css HTTP/1.1[0m" 304 -]
[2024-12-07 11:27:29,752: INFO: _internal: 127.0.0.1 - - [07/Dec/2024 11:27:29] "[36mGET /static/css/gijgo.css HTTP/1.1[0m" 304 -]
[2024-12-07 11:27:29,755: INFO: _internal: 127.0.0.1 - - [07/Dec/2024 11:27:29] "[36mGET /static/css/nice-select.css HTTP/1.1[0m" 304 -]
[2024-12-07 11:27:29,757: INFO: _internal: 127.0.0.1 - - [07/Dec/2024 11:27:29] "[36mGET /static/css/font-awesome.min.css HTTP/1.1[0m" 304 -]
[2024-12-07 11:27:29,757: INFO: _internal: 127.0.0.1 - - [07/Dec/2024 11:27:29] "[36mGET /static/css/themify-icons.css HTTP/1.1[0m" 304 -]
[2024-12-07 11:27:29,757: INFO: _internal: 127.0.0.1 - - [07/Dec/2024 11:27:29] "[36mGET /static/css/animate.css HTTP/1.1[0m" 304 -]
[2024-12-07 11:27:29,763: INFO: _internal: 127.0.0.1 - - [07/Dec/2024 11:27:29] "[36mGET /static/css/slicknav.css HTTP/1.1[0m" 304 -]
[2024-12-07 11:27:29,766: INFO: _internal: 127.0.0.1 - - [07/Dec/2024 11:27:29] "[36mGET /static/css/style.css HTTP/1.1[0m" 304 -]
[2024-12-07 11:27:29,774: INFO: _internal: 127.0.0.1 - - [07/Dec/2024 11:27:29] "[36mGET /static/img/logo.png HTTP/1.1[0m" 304 -]
[2024-12-07 11:27:29,776: INFO: _internal: 127.0.0.1 - - [07/Dec/2024 11:27:29] "[36mGET /static/img/technologyimage.png HTTP/1.1[0m" 304 -]
[2024-12-07 11:27:29,781: INFO: _internal: 127.0.0.1 - - [07/Dec/2024 11:27:29] "[36mGET /static/img/research1.png HTTP/1.1[0m" 304 -]
[2024-12-07 11:27:29,785: INFO: _internal: 127.0.0.1 - - [07/Dec/2024 11:27:29] "[36mGET /static/img/footer_logo.png HTTP/1.1[0m" 304 -]
[2024-12-07 11:27:29,792: INFO: _internal: 127.0.0.1 - - [07/Dec/2024 11:27:29] "[36mGET /static/js/vendor/modernizr-3.5.0.min.js HTTP/1.1[0m" 304 -]
[2024-12-07 11:27:29,794: INFO: _internal: 127.0.0.1 - - [07/Dec/2024 11:27:29] "[36mGET /static/js/vendor/jquery-1.12.4.min.js HTTP/1.1[0m" 304 -]
[2024-12-07 11:27:29,796: INFO: _internal: 127.0.0.1 - - [07/Dec/2024 11:27:29] "[36mGET /static/js/popper.min.js HTTP/1.1[0m" 304 -]
[2024-12-07 11:27:29,797: INFO: _internal: 127.0.0.1 - - [07/Dec/2024 11:27:29] "[36mGET /static/js/bootstrap.min.js HTTP/1.1[0m" 304 -]
[2024-12-07 11:27:29,802: INFO: _internal: 127.0.0.1 - - [07/Dec/2024 11:27:29] "[36mGET /static/js/owl.carousel.min.js HTTP/1.1[0m" 304 -]
[2024-12-07 11:27:29,812: INFO: _internal: 127.0.0.1 - - [07/Dec/2024 11:27:29] "[36mGET /static/fonts/themify.woff?-fvbane HTTP/1.1[0m" 304 -]
[2024-12-07 11:27:29,814: INFO: _internal: 127.0.0.1 - - [07/Dec/2024 11:27:29] "[36mGET /static/fonts/fontawesome-webfont.woff2?v=4.7.0 HTTP/1.1[0m" 304 -]
[2024-12-07 11:27:29,815: INFO: _internal: 127.0.0.1 - - [07/Dec/2024 11:27:29] "[36mGET /static/img/banner/banner2.png HTTP/1.1[0m" 304 -]
[2024-12-07 11:27:29,823: INFO: _internal: 127.0.0.1 - - [07/Dec/2024 11:27:29] "[36mGET /static/js/isotope.pkgd.min.js HTTP/1.1[0m" 304 -]
[2024-12-07 11:27:29,828: INFO: _internal: 127.0.0.1 - - [07/Dec/2024 11:27:29] "[36mGET /static/js/ajax-form.js HTTP/1.1[0m" 304 -]
[2024-12-07 11:27:29,834: INFO: _internal: 127.0.0.1 - - [07/Dec/2024 11:27:29] "[36mGET /static/js/jquery.counterup.min.js HTTP/1.1[0m" 304 -]
[2024-12-07 11:27:29,835: INFO: _internal: 127.0.0.1 - - [07/Dec/2024 11:27:29] "[36mGET /static/js/waypoints.min.js HTTP/1.1[0m" 304 -]
[2024-12-07 11:27:29,841: INFO: _internal: 127.0.0.1 - - [07/Dec/2024 11:27:29] "[36mGET /static/js/imagesloaded.pkgd.min.js HTTP/1.1[0m" 304 -]
[2024-12-07 11:27:29,849: INFO: _internal: 127.0.0.1 - - [07/Dec/2024 11:27:29] "[36mGET /static/js/scrollIt.js HTTP/1.1[0m" 304 -]
[2024-12-07 11:27:29,860: INFO: _internal: 127.0.0.1 - - [07/Dec/2024 11:27:29] "[36mGET /static/js/jquery.scrollUp.min.js HTTP/1.1[0m" 304 -]
[2024-12-07 11:27:29,863: INFO: _internal: 127.0.0.1 - - [07/Dec/2024 11:27:29] "[36mGET /static/js/wow.min.js HTTP/1.1[0m" 304 -]
[2024-12-07 11:27:29,869: INFO: _internal: 127.0.0.1 - - [07/Dec/2024 11:27:29] "[36mGET /static/js/nice-select.min.js HTTP/1.1[0m" 304 -]
[2024-12-07 11:27:29,874: INFO: _internal: 127.0.0.1 - - [07/Dec/2024 11:27:29] "[36mGET /static/js/jquery.slicknav.min.js HTTP/1.1[0m" 304 -]
[2024-12-07 11:27:29,875: INFO: _internal: 127.0.0.1 - - [07/Dec/2024 11:27:29] "[36mGET /static/js/jquery.magnific-popup.min.js HTTP/1.1[0m" 304 -]
[2024-12-07 11:27:29,883: INFO: _internal: 127.0.0.1 - - [07/Dec/2024 11:27:29] "[36mGET /static/js/plugins.js HTTP/1.1[0m" 304 -]
[2024-12-07 11:27:29,883: INFO: _internal: 127.0.0.1 - - [07/Dec/2024 11:27:29] "[36mGET /static/js/gijgo.min.js HTTP/1.1[0m" 304 -]
[2024-12-07 11:27:29,886: INFO: _internal: 127.0.0.1 - - [07/Dec/2024 11:27:29] "[36mGET /static/js/contact.js HTTP/1.1[0m" 304 -]
[2024-12-07 11:27:29,892: INFO: _internal: 127.0.0.1 - - [07/Dec/2024 11:27:29] "[36mGET /static/js/jquery.ajaxchimp.min.js HTTP/1.1[0m" 304 -]
[2024-12-07 11:27:29,896: INFO: _internal: 127.0.0.1 - - [07/Dec/2024 11:27:29] "[36mGET /static/js/jquery.form.js HTTP/1.1[0m" 304 -]
[2024-12-07 11:27:29,901: INFO: _internal: 127.0.0.1 - - [07/Dec/2024 11:27:29] "[36mGET /static/js/jquery.validate.min.js HTTP/1.1[0m" 304 -]
[2024-12-07 11:27:29,902: INFO: _internal: 127.0.0.1 - - [07/Dec/2024 11:27:29] "[36mGET /static/js/mail-script.js HTTP/1.1[0m" 304 -]
[2024-12-07 11:27:29,903: INFO: _internal: 127.0.0.1 - - [07/Dec/2024 11:27:29] "[36mGET /static/js/main.js HTTP/1.1[0m" 304 -]
[2024-12-07 11:27:29,906: INFO: _internal: 127.0.0.1 - - [07/Dec/2024 11:27:29] "[36mGET /static/img/banner/banner.png HTTP/1.1[0m" 304 -]
[2024-12-07 11:27:38,781: INFO: _internal: 127.0.0.1 - - [07/Dec/2024 11:27:38] "POST /predict HTTP/1.1" 200 -]
[2024-12-07 11:27:38,843: INFO: _internal: 127.0.0.1 - - [07/Dec/2024 11:27:38] "[33mGET /Roboto-Regular.ttf HTTP/1.1[0m" 404 -]
[2024-12-07 11:28:49,090: INFO: _internal:  * Detected change in 'C:\\Users\\MSI\\dirassa\\ML\\mlProject\\app.py', reloading]
[2024-12-07 11:28:49,371: INFO: _internal:  * Restarting with stat]
[2024-12-07 11:28:51,564: WARNING: _internal:  * Debugger is active!]
[2024-12-07 11:28:51,567: INFO: _internal:  * Debugger PIN: 230-686-137]
[2024-12-07 11:29:05,772: INFO: _internal:  * Detected change in 'C:\\Users\\MSI\\dirassa\\ML\\mlProject\\app.py', reloading]
[2024-12-07 11:29:06,005: INFO: _internal:  * Restarting with stat]
[2024-12-07 11:29:07,539: WARNING: _internal:  * Debugger is active!]
[2024-12-07 11:29:07,541: INFO: _internal:  * Debugger PIN: 230-686-137]
[2024-12-07 11:29:29,858: INFO: _internal:  * Detected change in 'C:\\Users\\MSI\\dirassa\\ML\\mlProject\\app.py', reloading]
[2024-12-07 11:29:30,114: INFO: _internal:  * Restarting with stat]
[2024-12-07 11:29:31,377: WARNING: _internal:  * Debugger is active!]
[2024-12-07 11:29:31,379: INFO: _internal:  * Debugger PIN: 230-686-137]
[2024-12-07 11:29:56,292: INFO: _internal: 127.0.0.1 - - [07/Dec/2024 11:29:56] "POST /predict HTTP/1.1" 200 -]
[2024-12-07 11:30:27,720: INFO: _internal:  * Detected change in 'C:\\Users\\MSI\\dirassa\\ML\\mlProject\\app.py', reloading]
[2024-12-07 11:30:27,914: INFO: _internal:  * Restarting with stat]
[2024-12-07 11:30:29,522: WARNING: _internal:  * Debugger is active!]
[2024-12-07 11:30:29,524: INFO: _internal:  * Debugger PIN: 230-686-137]
[2024-12-07 11:30:41,858: INFO: _internal: 127.0.0.1 - - [07/Dec/2024 11:30:41] "POST /predict HTTP/1.1" 200 -]
[2024-12-07 11:30:45,706: INFO: _internal: 127.0.0.1 - - [07/Dec/2024 11:30:45] "GET / HTTP/1.1" 200 -]
[2024-12-07 11:30:46,161: INFO: _internal: 127.0.0.1 - - [07/Dec/2024 11:30:46] "[36mGET /static/css/nice-select.css HTTP/1.1[0m" 304 -]
[2024-12-07 11:30:46,169: INFO: _internal: 127.0.0.1 - - [07/Dec/2024 11:30:46] "[36mGET /static/css/flaticon.css HTTP/1.1[0m" 304 -]
[2024-12-07 11:30:46,175: INFO: _internal: 127.0.0.1 - - [07/Dec/2024 11:30:46] "[36mGET /static/css/gijgo.css HTTP/1.1[0m" 304 -]
[2024-12-07 11:30:46,178: INFO: _internal: 127.0.0.1 - - [07/Dec/2024 11:30:46] "[36mGET /static/css/magnific-popup.css HTTP/1.1[0m" 304 -]
[2024-12-07 11:30:46,187: INFO: _internal: 127.0.0.1 - - [07/Dec/2024 11:30:46] "[36mGET /static/css/bootstrap.min.css HTTP/1.1[0m" 304 -]
[2024-12-07 11:30:46,189: INFO: _internal: 127.0.0.1 - - [07/Dec/2024 11:30:46] "[36mGET /static/css/animate.css HTTP/1.1[0m" 304 -]
[2024-12-07 11:30:46,191: INFO: _internal: 127.0.0.1 - - [07/Dec/2024 11:30:46] "[36mGET /static/css/owl.carousel.min.css HTTP/1.1[0m" 304 -]
[2024-12-07 11:30:46,194: INFO: _internal: 127.0.0.1 - - [07/Dec/2024 11:30:46] "[36mGET /static/css/slicknav.css HTTP/1.1[0m" 304 -]
[2024-12-07 11:30:46,206: INFO: _internal: 127.0.0.1 - - [07/Dec/2024 11:30:46] "[36mGET /static/css/style.css HTTP/1.1[0m" 304 -]
[2024-12-07 11:30:46,209: INFO: _internal: 127.0.0.1 - - [07/Dec/2024 11:30:46] "[36mGET /static/css/themify-icons.css HTTP/1.1[0m" 304 -]
[2024-12-07 11:30:46,209: INFO: _internal: 127.0.0.1 - - [07/Dec/2024 11:30:46] "[36mGET /static/img/logo.png HTTP/1.1[0m" 304 -]
[2024-12-07 11:30:46,211: INFO: _internal: 127.0.0.1 - - [07/Dec/2024 11:30:46] "[36mGET /static/css/font-awesome.min.css HTTP/1.1[0m" 304 -]
[2024-12-07 11:30:46,214: INFO: _internal: 127.0.0.1 - - [07/Dec/2024 11:30:46] "[36mGET /static/img/technologyimage.png HTTP/1.1[0m" 304 -]
[2024-12-07 11:30:46,219: INFO: _internal: 127.0.0.1 - - [07/Dec/2024 11:30:46] "[36mGET /static/img/research1.png HTTP/1.1[0m" 304 -]
[2024-12-07 11:30:46,225: INFO: _internal: 127.0.0.1 - - [07/Dec/2024 11:30:46] "[36mGET /static/js/vendor/modernizr-3.5.0.min.js HTTP/1.1[0m" 304 -]
[2024-12-07 11:30:46,226: INFO: _internal: 127.0.0.1 - - [07/Dec/2024 11:30:46] "[36mGET /static/img/footer_logo.png HTTP/1.1[0m" 304 -]
[2024-12-07 11:30:46,233: INFO: _internal: 127.0.0.1 - - [07/Dec/2024 11:30:46] "[36mGET /static/js/vendor/jquery-1.12.4.min.js HTTP/1.1[0m" 304 -]
[2024-12-07 11:30:46,237: INFO: _internal: 127.0.0.1 - - [07/Dec/2024 11:30:46] "[36mGET /static/js/popper.min.js HTTP/1.1[0m" 304 -]
[2024-12-07 11:30:46,239: INFO: _internal: 127.0.0.1 - - [07/Dec/2024 11:30:46] "[36mGET /static/js/bootstrap.min.js HTTP/1.1[0m" 304 -]
[2024-12-07 11:30:46,243: INFO: _internal: 127.0.0.1 - - [07/Dec/2024 11:30:46] "[36mGET /static/js/owl.carousel.min.js HTTP/1.1[0m" 304 -]
[2024-12-07 11:30:46,248: INFO: _internal: 127.0.0.1 - - [07/Dec/2024 11:30:46] "[36mGET /static/fonts/themify.woff?-fvbane HTTP/1.1[0m" 304 -]
[2024-12-07 11:30:46,250: INFO: _internal: 127.0.0.1 - - [07/Dec/2024 11:30:46] "[36mGET /static/fonts/fontawesome-webfont.woff2?v=4.7.0 HTTP/1.1[0m" 304 -]
[2024-12-07 11:30:46,258: INFO: _internal: 127.0.0.1 - - [07/Dec/2024 11:30:46] "[36mGET /static/img/banner/banner2.png HTTP/1.1[0m" 304 -]
[2024-12-07 11:30:46,259: INFO: _internal: 127.0.0.1 - - [07/Dec/2024 11:30:46] "[36mGET /static/js/isotope.pkgd.min.js HTTP/1.1[0m" 304 -]
[2024-12-07 11:30:46,262: INFO: _internal: 127.0.0.1 - - [07/Dec/2024 11:30:46] "[36mGET /static/js/ajax-form.js HTTP/1.1[0m" 304 -]
[2024-12-07 11:30:46,269: INFO: _internal: 127.0.0.1 - - [07/Dec/2024 11:30:46] "[36mGET /static/js/waypoints.min.js HTTP/1.1[0m" 304 -]
[2024-12-07 11:30:46,278: INFO: _internal: 127.0.0.1 - - [07/Dec/2024 11:30:46] "[36mGET /static/js/jquery.counterup.min.js HTTP/1.1[0m" 304 -]
[2024-12-07 11:30:46,284: INFO: _internal: 127.0.0.1 - - [07/Dec/2024 11:30:46] "[36mGET /static/js/imagesloaded.pkgd.min.js HTTP/1.1[0m" 304 -]
[2024-12-07 11:30:46,287: INFO: _internal: 127.0.0.1 - - [07/Dec/2024 11:30:46] "[36mGET /static/js/scrollIt.js HTTP/1.1[0m" 304 -]
[2024-12-07 11:30:46,294: INFO: _internal: 127.0.0.1 - - [07/Dec/2024 11:30:46] "[36mGET /static/js/jquery.scrollUp.min.js HTTP/1.1[0m" 304 -]
[2024-12-07 11:30:46,295: INFO: _internal: 127.0.0.1 - - [07/Dec/2024 11:30:46] "[36mGET /static/js/wow.min.js HTTP/1.1[0m" 304 -]
[2024-12-07 11:30:46,303: INFO: _internal: 127.0.0.1 - - [07/Dec/2024 11:30:46] "[36mGET /static/js/nice-select.min.js HTTP/1.1[0m" 304 -]
[2024-12-07 11:30:46,306: INFO: _internal: 127.0.0.1 - - [07/Dec/2024 11:30:46] "[36mGET /static/js/jquery.slicknav.min.js HTTP/1.1[0m" 304 -]
[2024-12-07 11:30:46,310: INFO: _internal: 127.0.0.1 - - [07/Dec/2024 11:30:46] "[36mGET /static/js/jquery.magnific-popup.min.js HTTP/1.1[0m" 304 -]
[2024-12-07 11:30:46,314: INFO: _internal: 127.0.0.1 - - [07/Dec/2024 11:30:46] "[36mGET /static/js/plugins.js HTTP/1.1[0m" 304 -]
[2024-12-07 11:30:46,322: INFO: _internal: 127.0.0.1 - - [07/Dec/2024 11:30:46] "[36mGET /static/js/gijgo.min.js HTTP/1.1[0m" 304 -]
[2024-12-07 11:30:46,322: INFO: _internal: 127.0.0.1 - - [07/Dec/2024 11:30:46] "[36mGET /static/js/contact.js HTTP/1.1[0m" 304 -]
[2024-12-07 11:30:46,327: INFO: _internal: 127.0.0.1 - - [07/Dec/2024 11:30:46] "[36mGET /static/js/jquery.ajaxchimp.min.js HTTP/1.1[0m" 304 -]
[2024-12-07 11:30:46,331: INFO: _internal: 127.0.0.1 - - [07/Dec/2024 11:30:46] "[36mGET /static/js/jquery.form.js HTTP/1.1[0m" 304 -]
[2024-12-07 11:30:46,335: INFO: _internal: 127.0.0.1 - - [07/Dec/2024 11:30:46] "[36mGET /static/js/jquery.validate.min.js HTTP/1.1[0m" 304 -]
[2024-12-07 11:30:46,343: INFO: _internal: 127.0.0.1 - - [07/Dec/2024 11:30:46] "[36mGET /static/js/main.js HTTP/1.1[0m" 304 -]
[2024-12-07 11:30:46,346: INFO: _internal: 127.0.0.1 - - [07/Dec/2024 11:30:46] "[36mGET /static/js/mail-script.js HTTP/1.1[0m" 304 -]
[2024-12-07 11:30:46,350: INFO: _internal: 127.0.0.1 - - [07/Dec/2024 11:30:46] "[36mGET /static/img/banner/banner.png HTTP/1.1[0m" 304 -]
[2024-12-07 11:35:50,849: INFO: _internal: 127.0.0.1 - - [07/Dec/2024 11:35:50] "POST /predict HTTP/1.1" 200 -]
[2024-12-07 17:25:15,739: INFO: _internal: 127.0.0.1 - - [07/Dec/2024 17:25:15] "GET / HTTP/1.1" 200 -]
[2024-12-07 17:25:16,002: INFO: _internal: 127.0.0.1 - - [07/Dec/2024 17:25:16] "[36mGET /static/css/bootstrap.min.css HTTP/1.1[0m" 304 -]
[2024-12-07 17:25:16,008: INFO: _internal: 127.0.0.1 - - [07/Dec/2024 17:25:16] "[36mGET /static/css/owl.carousel.min.css HTTP/1.1[0m" 304 -]
[2024-12-07 17:25:16,013: INFO: _internal: 127.0.0.1 - - [07/Dec/2024 17:25:16] "[36mGET /static/css/magnific-popup.css HTTP/1.1[0m" 304 -]
[2024-12-07 17:25:16,015: INFO: _internal: 127.0.0.1 - - [07/Dec/2024 17:25:16] "[36mGET /static/css/font-awesome.min.css HTTP/1.1[0m" 304 -]
[2024-12-07 17:25:16,019: INFO: _internal: 127.0.0.1 - - [07/Dec/2024 17:25:16] "[36mGET /static/css/themify-icons.css HTTP/1.1[0m" 304 -]
[2024-12-07 17:25:16,023: INFO: _internal: 127.0.0.1 - - [07/Dec/2024 17:25:16] "[36mGET /static/css/nice-select.css HTTP/1.1[0m" 304 -]
[2024-12-07 17:25:16,027: INFO: _internal: 127.0.0.1 - - [07/Dec/2024 17:25:16] "[36mGET /static/css/flaticon.css HTTP/1.1[0m" 304 -]
[2024-12-07 17:25:16,034: INFO: _internal: 127.0.0.1 - - [07/Dec/2024 17:25:16] "[36mGET /static/css/animate.css HTTP/1.1[0m" 304 -]
[2024-12-07 17:25:16,034: INFO: _internal: 127.0.0.1 - - [07/Dec/2024 17:25:16] "[36mGET /static/css/gijgo.css HTTP/1.1[0m" 304 -]
[2024-12-07 17:25:16,036: INFO: _internal: 127.0.0.1 - - [07/Dec/2024 17:25:16] "[36mGET /static/css/slicknav.css HTTP/1.1[0m" 304 -]
[2024-12-07 17:25:16,043: INFO: _internal: 127.0.0.1 - - [07/Dec/2024 17:25:16] "[36mGET /static/css/style.css HTTP/1.1[0m" 304 -]
[2024-12-07 17:25:16,093: INFO: _internal: 127.0.0.1 - - [07/Dec/2024 17:25:16] "[36mGET /static/img/logo.png HTTP/1.1[0m" 304 -]
[2024-12-07 17:25:16,096: INFO: _internal: 127.0.0.1 - - [07/Dec/2024 17:25:16] "[36mGET /static/img/technologyimage.png HTTP/1.1[0m" 304 -]
[2024-12-07 17:25:16,106: INFO: _internal: 127.0.0.1 - - [07/Dec/2024 17:25:16] "[36mGET /static/img/footer_logo.png HTTP/1.1[0m" 304 -]
[2024-12-07 17:25:16,107: INFO: _internal: 127.0.0.1 - - [07/Dec/2024 17:25:16] "[36mGET /static/img/research1.png HTTP/1.1[0m" 304 -]
[2024-12-07 17:25:16,113: INFO: _internal: 127.0.0.1 - - [07/Dec/2024 17:25:16] "[36mGET /static/js/vendor/modernizr-3.5.0.min.js HTTP/1.1[0m" 304 -]
[2024-12-07 17:25:16,116: INFO: _internal: 127.0.0.1 - - [07/Dec/2024 17:25:16] "[36mGET /static/js/vendor/jquery-1.12.4.min.js HTTP/1.1[0m" 304 -]
[2024-12-07 17:25:16,127: INFO: _internal: 127.0.0.1 - - [07/Dec/2024 17:25:16] "[36mGET /static/js/popper.min.js HTTP/1.1[0m" 304 -]
[2024-12-07 17:25:16,128: INFO: _internal: 127.0.0.1 - - [07/Dec/2024 17:25:16] "[36mGET /static/js/bootstrap.min.js HTTP/1.1[0m" 304 -]
[2024-12-07 17:25:16,130: INFO: _internal: 127.0.0.1 - - [07/Dec/2024 17:25:16] "[36mGET /static/js/owl.carousel.min.js HTTP/1.1[0m" 304 -]
[2024-12-07 17:25:16,140: INFO: _internal: 127.0.0.1 - - [07/Dec/2024 17:25:16] "[36mGET /static/js/isotope.pkgd.min.js HTTP/1.1[0m" 304 -]
[2024-12-07 17:25:16,141: INFO: _internal: 127.0.0.1 - - [07/Dec/2024 17:25:16] "[36mGET /static/js/ajax-form.js HTTP/1.1[0m" 304 -]
[2024-12-07 17:25:16,153: INFO: _internal: 127.0.0.1 - - [07/Dec/2024 17:25:16] "[36mGET /static/js/waypoints.min.js HTTP/1.1[0m" 304 -]
[2024-12-07 17:25:16,156: INFO: _internal: 127.0.0.1 - - [07/Dec/2024 17:25:16] "[36mGET /static/js/jquery.counterup.min.js HTTP/1.1[0m" 304 -]
[2024-12-07 17:25:16,161: INFO: _internal: 127.0.0.1 - - [07/Dec/2024 17:25:16] "[36mGET /static/js/imagesloaded.pkgd.min.js HTTP/1.1[0m" 304 -]
[2024-12-07 17:25:16,173: INFO: _internal: 127.0.0.1 - - [07/Dec/2024 17:25:16] "[36mGET /static/js/scrollIt.js HTTP/1.1[0m" 304 -]
[2024-12-07 17:25:16,183: INFO: _internal: 127.0.0.1 - - [07/Dec/2024 17:25:16] "[36mGET /static/js/jquery.scrollUp.min.js HTTP/1.1[0m" 304 -]
[2024-12-07 17:25:16,184: INFO: _internal: 127.0.0.1 - - [07/Dec/2024 17:25:16] "[36mGET /static/js/wow.min.js HTTP/1.1[0m" 304 -]
[2024-12-07 17:25:16,201: INFO: _internal: 127.0.0.1 - - [07/Dec/2024 17:25:16] "[36mGET /static/js/nice-select.min.js HTTP/1.1[0m" 304 -]
[2024-12-07 17:25:16,202: INFO: _internal: 127.0.0.1 - - [07/Dec/2024 17:25:16] "[36mGET /static/js/jquery.slicknav.min.js HTTP/1.1[0m" 304 -]
[2024-12-07 17:25:16,203: INFO: _internal: 127.0.0.1 - - [07/Dec/2024 17:25:16] "[36mGET /static/js/jquery.magnific-popup.min.js HTTP/1.1[0m" 304 -]
[2024-12-07 17:25:16,207: INFO: _internal: 127.0.0.1 - - [07/Dec/2024 17:25:16] "[36mGET /static/js/plugins.js HTTP/1.1[0m" 304 -]
[2024-12-07 17:25:16,214: INFO: _internal: 127.0.0.1 - - [07/Dec/2024 17:25:16] "[36mGET /static/js/gijgo.min.js HTTP/1.1[0m" 304 -]
[2024-12-07 17:25:16,216: INFO: _internal: 127.0.0.1 - - [07/Dec/2024 17:25:16] "[36mGET /static/js/contact.js HTTP/1.1[0m" 304 -]
[2024-12-07 17:25:16,219: INFO: _internal: 127.0.0.1 - - [07/Dec/2024 17:25:16] "[36mGET /static/js/jquery.ajaxchimp.min.js HTTP/1.1[0m" 304 -]
[2024-12-07 17:25:16,223: INFO: _internal: 127.0.0.1 - - [07/Dec/2024 17:25:16] "[36mGET /static/js/jquery.form.js HTTP/1.1[0m" 304 -]
[2024-12-07 17:25:16,232: INFO: _internal: 127.0.0.1 - - [07/Dec/2024 17:25:16] "[36mGET /static/js/jquery.validate.min.js HTTP/1.1[0m" 304 -]
[2024-12-07 17:25:16,233: INFO: _internal: 127.0.0.1 - - [07/Dec/2024 17:25:16] "[36mGET /static/js/mail-script.js HTTP/1.1[0m" 304 -]
[2024-12-07 17:25:16,241: INFO: _internal: 127.0.0.1 - - [07/Dec/2024 17:25:16] "[36mGET /static/js/main.js HTTP/1.1[0m" 304 -]
[2024-12-07 17:25:16,405: INFO: _internal: 127.0.0.1 - - [07/Dec/2024 17:25:16] "[36mGET /static/fonts/fontawesome-webfont.woff2?v=4.7.0 HTTP/1.1[0m" 304 -]
[2024-12-07 17:25:16,412: INFO: _internal: 127.0.0.1 - - [07/Dec/2024 17:25:16] "[36mGET /static/fonts/themify.woff?-fvbane HTTP/1.1[0m" 304 -]
[2024-12-07 17:25:16,672: INFO: _internal: 127.0.0.1 - - [07/Dec/2024 17:25:16] "[36mGET /static/img/banner/banner2.png HTTP/1.1[0m" 304 -]
[2024-12-07 17:25:16,676: INFO: _internal: 127.0.0.1 - - [07/Dec/2024 17:25:16] "[36mGET /static/img/banner/banner.png HTTP/1.1[0m" 304 -]
[2024-12-07 17:25:36,563: INFO: _internal: 127.0.0.1 - - [07/Dec/2024 17:25:36] "POST /predict HTTP/1.1" 200 -]
[2024-12-07 17:27:12,579: INFO: _internal: 127.0.0.1 - - [07/Dec/2024 17:27:12] "GET / HTTP/1.1" 200 -]
[2024-12-07 17:27:12,687: INFO: _internal: 127.0.0.1 - - [07/Dec/2024 17:27:12] "[36mGET /static/css/bootstrap.min.css HTTP/1.1[0m" 304 -]
[2024-12-07 17:27:12,695: INFO: _internal: 127.0.0.1 - - [07/Dec/2024 17:27:12] "[36mGET /static/css/owl.carousel.min.css HTTP/1.1[0m" 304 -]
[2024-12-07 17:27:12,697: INFO: _internal: 127.0.0.1 - - [07/Dec/2024 17:27:12] "[36mGET /static/css/magnific-popup.css HTTP/1.1[0m" 304 -]
[2024-12-07 17:27:12,702: INFO: _internal: 127.0.0.1 - - [07/Dec/2024 17:27:12] "[36mGET /static/css/font-awesome.min.css HTTP/1.1[0m" 304 -]
[2024-12-07 17:27:12,709: INFO: _internal: 127.0.0.1 - - [07/Dec/2024 17:27:12] "[36mGET /static/css/themify-icons.css HTTP/1.1[0m" 304 -]
[2024-12-07 17:27:12,715: INFO: _internal: 127.0.0.1 - - [07/Dec/2024 17:27:12] "[36mGET /static/css/nice-select.css HTTP/1.1[0m" 304 -]
[2024-12-07 17:27:12,719: INFO: _internal: 127.0.0.1 - - [07/Dec/2024 17:27:12] "[36mGET /static/css/flaticon.css HTTP/1.1[0m" 304 -]
[2024-12-07 17:27:12,730: INFO: _internal: 127.0.0.1 - - [07/Dec/2024 17:27:12] "[36mGET /static/css/gijgo.css HTTP/1.1[0m" 304 -]
[2024-12-07 17:27:12,740: INFO: _internal: 127.0.0.1 - - [07/Dec/2024 17:27:12] "[36mGET /static/css/animate.css HTTP/1.1[0m" 304 -]
[2024-12-07 17:27:12,744: INFO: _internal: 127.0.0.1 - - [07/Dec/2024 17:27:12] "[36mGET /static/css/slicknav.css HTTP/1.1[0m" 304 -]
[2024-12-07 17:27:12,749: INFO: _internal: 127.0.0.1 - - [07/Dec/2024 17:27:12] "[36mGET /static/css/style.css HTTP/1.1[0m" 304 -]
[2024-12-07 17:27:12,758: INFO: _internal: 127.0.0.1 - - [07/Dec/2024 17:27:12] "[36mGET /static/img/logo.png HTTP/1.1[0m" 304 -]
[2024-12-07 17:27:12,759: INFO: _internal: 127.0.0.1 - - [07/Dec/2024 17:27:12] "[36mGET /static/img/technologyimage.png HTTP/1.1[0m" 304 -]
[2024-12-07 17:27:12,765: INFO: _internal: 127.0.0.1 - - [07/Dec/2024 17:27:12] "[36mGET /static/img/research1.png HTTP/1.1[0m" 304 -]
[2024-12-07 17:27:12,772: INFO: _internal: 127.0.0.1 - - [07/Dec/2024 17:27:12] "[36mGET /static/img/footer_logo.png HTTP/1.1[0m" 304 -]
[2024-12-07 17:27:12,776: INFO: _internal: 127.0.0.1 - - [07/Dec/2024 17:27:12] "[36mGET /static/js/vendor/modernizr-3.5.0.min.js HTTP/1.1[0m" 304 -]
[2024-12-07 17:27:12,783: INFO: _internal: 127.0.0.1 - - [07/Dec/2024 17:27:12] "[36mGET /static/js/vendor/jquery-1.12.4.min.js HTTP/1.1[0m" 304 -]
[2024-12-07 17:27:12,789: INFO: _internal: 127.0.0.1 - - [07/Dec/2024 17:27:12] "[36mGET /static/js/popper.min.js HTTP/1.1[0m" 304 -]
[2024-12-07 17:27:12,796: INFO: _internal: 127.0.0.1 - - [07/Dec/2024 17:27:12] "[36mGET /static/js/bootstrap.min.js HTTP/1.1[0m" 304 -]
[2024-12-07 17:27:12,798: INFO: _internal: 127.0.0.1 - - [07/Dec/2024 17:27:12] "[36mGET /static/js/owl.carousel.min.js HTTP/1.1[0m" 304 -]
[2024-12-07 17:27:12,809: INFO: _internal: 127.0.0.1 - - [07/Dec/2024 17:27:12] "[36mGET /static/js/ajax-form.js HTTP/1.1[0m" 304 -]
[2024-12-07 17:27:12,812: INFO: _internal: 127.0.0.1 - - [07/Dec/2024 17:27:12] "[36mGET /static/js/isotope.pkgd.min.js HTTP/1.1[0m" 304 -]
[2024-12-07 17:27:12,819: INFO: _internal: 127.0.0.1 - - [07/Dec/2024 17:27:12] "[36mGET /static/js/waypoints.min.js HTTP/1.1[0m" 304 -]
[2024-12-07 17:27:12,822: INFO: _internal: 127.0.0.1 - - [07/Dec/2024 17:27:12] "[36mGET /static/js/jquery.counterup.min.js HTTP/1.1[0m" 304 -]
[2024-12-07 17:27:12,834: INFO: _internal: 127.0.0.1 - - [07/Dec/2024 17:27:12] "[36mGET /static/fonts/fontawesome-webfont.woff2?v=4.7.0 HTTP/1.1[0m" 304 -]
[2024-12-07 17:27:12,838: INFO: _internal: 127.0.0.1 - - [07/Dec/2024 17:27:12] "[36mGET /static/fonts/themify.woff?-fvbane HTTP/1.1[0m" 304 -]
[2024-12-07 17:27:12,840: INFO: _internal: 127.0.0.1 - - [07/Dec/2024 17:27:12] "[36mGET /static/img/banner/banner2.png HTTP/1.1[0m" 304 -]
[2024-12-07 17:27:12,845: INFO: _internal: 127.0.0.1 - - [07/Dec/2024 17:27:12] "[36mGET /static/js/imagesloaded.pkgd.min.js HTTP/1.1[0m" 304 -]
[2024-12-07 17:27:12,851: INFO: _internal: 127.0.0.1 - - [07/Dec/2024 17:27:12] "[36mGET /static/js/scrollIt.js HTTP/1.1[0m" 304 -]
[2024-12-07 17:27:12,853: INFO: _internal: 127.0.0.1 - - [07/Dec/2024 17:27:12] "[36mGET /static/js/jquery.scrollUp.min.js HTTP/1.1[0m" 304 -]
[2024-12-07 17:27:12,855: INFO: _internal: 127.0.0.1 - - [07/Dec/2024 17:27:12] "[36mGET /static/js/wow.min.js HTTP/1.1[0m" 304 -]
[2024-12-07 17:27:12,866: INFO: _internal: 127.0.0.1 - - [07/Dec/2024 17:27:12] "[36mGET /static/js/nice-select.min.js HTTP/1.1[0m" 304 -]
[2024-12-07 17:27:12,871: INFO: _internal: 127.0.0.1 - - [07/Dec/2024 17:27:12] "[36mGET /static/js/jquery.slicknav.min.js HTTP/1.1[0m" 304 -]
[2024-12-07 17:27:12,877: INFO: _internal: 127.0.0.1 - - [07/Dec/2024 17:27:12] "[36mGET /static/js/jquery.magnific-popup.min.js HTTP/1.1[0m" 304 -]
[2024-12-07 17:27:12,885: INFO: _internal: 127.0.0.1 - - [07/Dec/2024 17:27:12] "[36mGET /static/js/plugins.js HTTP/1.1[0m" 304 -]
[2024-12-07 17:27:12,891: INFO: _internal: 127.0.0.1 - - [07/Dec/2024 17:27:12] "[36mGET /static/js/gijgo.min.js HTTP/1.1[0m" 304 -]
[2024-12-07 17:27:12,897: INFO: _internal: 127.0.0.1 - - [07/Dec/2024 17:27:12] "[36mGET /static/js/contact.js HTTP/1.1[0m" 304 -]
[2024-12-07 17:27:12,902: INFO: _internal: 127.0.0.1 - - [07/Dec/2024 17:27:12] "[36mGET /static/js/jquery.ajaxchimp.min.js HTTP/1.1[0m" 304 -]
[2024-12-07 17:27:12,909: INFO: _internal: 127.0.0.1 - - [07/Dec/2024 17:27:12] "[36mGET /static/js/jquery.form.js HTTP/1.1[0m" 304 -]
[2024-12-07 17:27:12,913: INFO: _internal: 127.0.0.1 - - [07/Dec/2024 17:27:12] "[36mGET /static/js/jquery.validate.min.js HTTP/1.1[0m" 304 -]
[2024-12-07 17:27:12,917: INFO: _internal: 127.0.0.1 - - [07/Dec/2024 17:27:12] "[36mGET /static/js/mail-script.js HTTP/1.1[0m" 304 -]
[2024-12-07 17:27:12,920: INFO: _internal: 127.0.0.1 - - [07/Dec/2024 17:27:12] "[36mGET /static/js/main.js HTTP/1.1[0m" 304 -]
[2024-12-07 17:27:12,924: INFO: _internal: 127.0.0.1 - - [07/Dec/2024 17:27:12] "[36mGET /static/img/banner/banner.png HTTP/1.1[0m" 304 -]
[2024-12-07 17:27:13,034: INFO: _internal: 127.0.0.1 - - [07/Dec/2024 17:27:13] "[36mGET /static/img/favicon.png HTTP/1.1[0m" 304 -]
[2024-12-07 17:27:46,753: INFO: _internal: 127.0.0.1 - - [07/Dec/2024 17:27:46] "GET / HTTP/1.1" 200 -]
[2024-12-07 17:27:46,941: INFO: _internal: 127.0.0.1 - - [07/Dec/2024 17:27:46] "[36mGET /static/css/bootstrap.min.css HTTP/1.1[0m" 304 -]
[2024-12-07 17:27:46,957: INFO: _internal: 127.0.0.1 - - [07/Dec/2024 17:27:46] "[36mGET /static/css/owl.carousel.min.css HTTP/1.1[0m" 304 -]
[2024-12-07 17:27:46,960: INFO: _internal: 127.0.0.1 - - [07/Dec/2024 17:27:46] "[36mGET /static/css/magnific-popup.css HTTP/1.1[0m" 304 -]
[2024-12-07 17:27:46,976: INFO: _internal: 127.0.0.1 - - [07/Dec/2024 17:27:46] "[36mGET /static/css/font-awesome.min.css HTTP/1.1[0m" 304 -]
[2024-12-07 17:27:46,983: INFO: _internal: 127.0.0.1 - - [07/Dec/2024 17:27:46] "[36mGET /static/css/themify-icons.css HTTP/1.1[0m" 304 -]
[2024-12-07 17:27:46,991: INFO: _internal: 127.0.0.1 - - [07/Dec/2024 17:27:46] "[36mGET /static/css/nice-select.css HTTP/1.1[0m" 304 -]
[2024-12-07 17:27:47,001: INFO: _internal: 127.0.0.1 - - [07/Dec/2024 17:27:47] "[36mGET /static/css/flaticon.css HTTP/1.1[0m" 304 -]
[2024-12-07 17:27:47,010: INFO: _internal: 127.0.0.1 - - [07/Dec/2024 17:27:47] "[36mGET /static/css/gijgo.css HTTP/1.1[0m" 304 -]
[2024-12-07 17:27:47,015: INFO: _internal: 127.0.0.1 - - [07/Dec/2024 17:27:47] "[36mGET /static/css/animate.css HTTP/1.1[0m" 304 -]
[2024-12-07 17:27:47,027: INFO: _internal: 127.0.0.1 - - [07/Dec/2024 17:27:47] "[36mGET /static/css/slicknav.css HTTP/1.1[0m" 304 -]
[2024-12-07 17:27:47,036: INFO: _internal: 127.0.0.1 - - [07/Dec/2024 17:27:47] "[36mGET /static/css/style.css HTTP/1.1[0m" 304 -]
[2024-12-07 17:27:47,041: INFO: _internal: 127.0.0.1 - - [07/Dec/2024 17:27:47] "[36mGET /static/img/logo.png HTTP/1.1[0m" 304 -]
[2024-12-07 17:27:47,049: INFO: _internal: 127.0.0.1 - - [07/Dec/2024 17:27:47] "[36mGET /static/img/technologyimage.png HTTP/1.1[0m" 304 -]
[2024-12-07 17:27:47,059: INFO: _internal: 127.0.0.1 - - [07/Dec/2024 17:27:47] "[36mGET /static/img/research1.png HTTP/1.1[0m" 304 -]
[2024-12-07 17:27:47,061: INFO: _internal: 127.0.0.1 - - [07/Dec/2024 17:27:47] "[36mGET /static/img/footer_logo.png HTTP/1.1[0m" 304 -]
[2024-12-07 17:27:47,063: INFO: _internal: 127.0.0.1 - - [07/Dec/2024 17:27:47] "[36mGET /static/js/vendor/modernizr-3.5.0.min.js HTTP/1.1[0m" 304 -]
[2024-12-07 17:27:47,068: INFO: _internal: 127.0.0.1 - - [07/Dec/2024 17:27:47] "[36mGET /static/js/vendor/jquery-1.12.4.min.js HTTP/1.1[0m" 304 -]
[2024-12-07 17:27:47,071: INFO: _internal: 127.0.0.1 - - [07/Dec/2024 17:27:47] "[36mGET /static/js/popper.min.js HTTP/1.1[0m" 304 -]
[2024-12-07 17:27:47,072: INFO: _internal: 127.0.0.1 - - [07/Dec/2024 17:27:47] "[36mGET /static/js/bootstrap.min.js HTTP/1.1[0m" 304 -]
[2024-12-07 17:27:47,074: INFO: _internal: 127.0.0.1 - - [07/Dec/2024 17:27:47] "[36mGET /static/js/owl.carousel.min.js HTTP/1.1[0m" 304 -]
[2024-12-07 17:27:47,082: INFO: _internal: 127.0.0.1 - - [07/Dec/2024 17:27:47] "[36mGET /static/js/isotope.pkgd.min.js HTTP/1.1[0m" 304 -]
[2024-12-07 17:27:47,083: INFO: _internal: 127.0.0.1 - - [07/Dec/2024 17:27:47] "[36mGET /static/js/ajax-form.js HTTP/1.1[0m" 304 -]
[2024-12-07 17:27:47,087: INFO: _internal: 127.0.0.1 - - [07/Dec/2024 17:27:47] "[36mGET /static/fonts/fontawesome-webfont.woff2?v=4.7.0 HTTP/1.1[0m" 304 -]
[2024-12-07 17:27:47,089: INFO: _internal: 127.0.0.1 - - [07/Dec/2024 17:27:47] "[36mGET /static/fonts/themify.woff?-fvbane HTTP/1.1[0m" 304 -]
[2024-12-07 17:27:47,090: INFO: _internal: 127.0.0.1 - - [07/Dec/2024 17:27:47] "[36mGET /static/img/banner/banner2.png HTTP/1.1[0m" 304 -]
[2024-12-07 17:27:47,094: INFO: _internal: 127.0.0.1 - - [07/Dec/2024 17:27:47] "[36mGET /static/js/waypoints.min.js HTTP/1.1[0m" 304 -]
[2024-12-07 17:27:47,098: INFO: _internal: 127.0.0.1 - - [07/Dec/2024 17:27:47] "[36mGET /static/js/jquery.counterup.min.js HTTP/1.1[0m" 304 -]
[2024-12-07 17:27:47,102: INFO: _internal: 127.0.0.1 - - [07/Dec/2024 17:27:47] "[36mGET /static/js/imagesloaded.pkgd.min.js HTTP/1.1[0m" 304 -]
[2024-12-07 17:27:47,106: INFO: _internal: 127.0.0.1 - - [07/Dec/2024 17:27:47] "[36mGET /static/js/scrollIt.js HTTP/1.1[0m" 304 -]
[2024-12-07 17:27:47,109: INFO: _internal: 127.0.0.1 - - [07/Dec/2024 17:27:47] "[36mGET /static/js/jquery.scrollUp.min.js HTTP/1.1[0m" 304 -]
[2024-12-07 17:27:47,115: INFO: _internal: 127.0.0.1 - - [07/Dec/2024 17:27:47] "[36mGET /static/js/wow.min.js HTTP/1.1[0m" 304 -]
[2024-12-07 17:27:47,124: INFO: _internal: 127.0.0.1 - - [07/Dec/2024 17:27:47] "[36mGET /static/js/nice-select.min.js HTTP/1.1[0m" 304 -]
[2024-12-07 17:27:47,128: INFO: _internal: 127.0.0.1 - - [07/Dec/2024 17:27:47] "[36mGET /static/js/jquery.slicknav.min.js HTTP/1.1[0m" 304 -]
[2024-12-07 17:27:47,131: INFO: _internal: 127.0.0.1 - - [07/Dec/2024 17:27:47] "[36mGET /static/js/jquery.magnific-popup.min.js HTTP/1.1[0m" 304 -]
[2024-12-07 17:27:47,135: INFO: _internal: 127.0.0.1 - - [07/Dec/2024 17:27:47] "[36mGET /static/js/plugins.js HTTP/1.1[0m" 304 -]
[2024-12-07 17:27:47,140: INFO: _internal: 127.0.0.1 - - [07/Dec/2024 17:27:47] "[36mGET /static/js/gijgo.min.js HTTP/1.1[0m" 304 -]
[2024-12-07 17:27:47,143: INFO: _internal: 127.0.0.1 - - [07/Dec/2024 17:27:47] "[36mGET /static/js/contact.js HTTP/1.1[0m" 304 -]
[2024-12-07 17:27:47,147: INFO: _internal: 127.0.0.1 - - [07/Dec/2024 17:27:47] "[36mGET /static/js/jquery.ajaxchimp.min.js HTTP/1.1[0m" 304 -]
[2024-12-07 17:27:47,154: INFO: _internal: 127.0.0.1 - - [07/Dec/2024 17:27:47] "[36mGET /static/js/jquery.form.js HTTP/1.1[0m" 304 -]
[2024-12-07 17:27:47,154: INFO: _internal: 127.0.0.1 - - [07/Dec/2024 17:27:47] "[36mGET /static/js/jquery.validate.min.js HTTP/1.1[0m" 304 -]
[2024-12-07 17:27:47,157: INFO: _internal: 127.0.0.1 - - [07/Dec/2024 17:27:47] "[36mGET /static/js/mail-script.js HTTP/1.1[0m" 304 -]
[2024-12-07 17:27:47,161: INFO: _internal: 127.0.0.1 - - [07/Dec/2024 17:27:47] "[36mGET /static/js/main.js HTTP/1.1[0m" 304 -]
[2024-12-07 17:27:47,162: INFO: _internal: 127.0.0.1 - - [07/Dec/2024 17:27:47] "[36mGET /static/img/banner/banner.png HTTP/1.1[0m" 304 -]
[2024-12-07 17:27:47,233: INFO: _internal: 127.0.0.1 - - [07/Dec/2024 17:27:47] "[36mGET /static/img/favicon.png HTTP/1.1[0m" 304 -]
[2024-12-07 17:30:47,698: INFO: _internal:  * Detected change in 'C:\\Users\\MSI\\dirassa\\ML\\mlProject\\app.py', reloading]
[2024-12-07 17:30:48,111: INFO: _internal:  * Restarting with stat]
[2024-12-07 17:30:51,619: WARNING: _internal:  * Debugger is active!]
[2024-12-07 17:30:51,622: INFO: _internal:  * Debugger PIN: 230-686-137]
[2024-12-07 17:31:43,006: INFO: _internal:  * Detected change in 'C:\\Users\\MSI\\dirassa\\ML\\mlProject\\app.py', reloading]
[2024-12-07 17:31:43,805: INFO: _internal:  * Restarting with stat]
[2024-12-07 17:31:47,009: WARNING: _internal:  * Debugger is active!]
[2024-12-07 17:31:47,011: INFO: _internal:  * Debugger PIN: 230-686-137]
[2024-12-07 17:32:15,630: INFO: _internal: [31m[1mWARNING: This is a development server. Do not use it in a production deployment. Use a production WSGI server instead.[0m
 * Running on all addresses (0.0.0.0)
 * Running on http://127.0.0.1:8080
 * Running on http://192.168.1.39:8080]
[2024-12-07 17:32:15,631: INFO: _internal: [33mPress CTRL+C to quit[0m]
[2024-12-07 17:32:15,633: INFO: _internal:  * Restarting with stat]
[2024-12-07 17:32:18,241: WARNING: _internal:  * Debugger is active!]
[2024-12-07 17:32:18,247: INFO: _internal:  * Debugger PIN: 230-686-137]
[2024-12-07 17:32:18,350: INFO: _internal: 127.0.0.1 - - [07/Dec/2024 17:32:18] "GET / HTTP/1.1" 200 -]
[2024-12-07 17:32:18,678: INFO: _internal: 127.0.0.1 - - [07/Dec/2024 17:32:18] "[36mGET /static/css/bootstrap.min.css HTTP/1.1[0m" 304 -]
[2024-12-07 17:32:18,683: INFO: _internal: 127.0.0.1 - - [07/Dec/2024 17:32:18] "[36mGET /static/css/flaticon.css HTTP/1.1[0m" 304 -]
[2024-12-07 17:32:18,689: INFO: _internal: 127.0.0.1 - - [07/Dec/2024 17:32:18] "[36mGET /static/css/gijgo.css HTTP/1.1[0m" 304 -]
[2024-12-07 17:32:18,690: INFO: _internal: 127.0.0.1 - - [07/Dec/2024 17:32:18] "[36mGET /static/css/themify-icons.css HTTP/1.1[0m" 304 -]
[2024-12-07 17:32:18,690: INFO: _internal: 127.0.0.1 - - [07/Dec/2024 17:32:18] "[36mGET /static/css/owl.carousel.min.css HTTP/1.1[0m" 304 -]
[2024-12-07 17:32:18,698: INFO: _internal: 127.0.0.1 - - [07/Dec/2024 17:32:18] "[36mGET /static/css/animate.css HTTP/1.1[0m" 304 -]
[2024-12-07 17:32:18,699: INFO: _internal: 127.0.0.1 - - [07/Dec/2024 17:32:18] "[36mGET /static/css/slicknav.css HTTP/1.1[0m" 304 -]
[2024-12-07 17:32:18,702: INFO: _internal: 127.0.0.1 - - [07/Dec/2024 17:32:18] "[36mGET /static/css/magnific-popup.css HTTP/1.1[0m" 304 -]
[2024-12-07 17:32:18,702: INFO: _internal: 127.0.0.1 - - [07/Dec/2024 17:32:18] "[36mGET /static/css/nice-select.css HTTP/1.1[0m" 304 -]
[2024-12-07 17:32:18,703: INFO: _internal: 127.0.0.1 - - [07/Dec/2024 17:32:18] "[36mGET /static/css/font-awesome.min.css HTTP/1.1[0m" 304 -]
[2024-12-07 17:32:18,704: INFO: _internal: 127.0.0.1 - - [07/Dec/2024 17:32:18] "[36mGET /static/css/style.css HTTP/1.1[0m" 304 -]
[2024-12-07 17:32:18,720: INFO: _internal: 127.0.0.1 - - [07/Dec/2024 17:32:18] "[36mGET /static/img/logo.png HTTP/1.1[0m" 304 -]
[2024-12-07 17:32:18,721: INFO: _internal: 127.0.0.1 - - [07/Dec/2024 17:32:18] "[36mGET /static/img/technologyimage.png HTTP/1.1[0m" 304 -]
[2024-12-07 17:32:18,725: INFO: _internal: 127.0.0.1 - - [07/Dec/2024 17:32:18] "[36mGET /static/img/research1.png HTTP/1.1[0m" 304 -]
[2024-12-07 17:32:18,729: INFO: _internal: 127.0.0.1 - - [07/Dec/2024 17:32:18] "[36mGET /static/img/footer_logo.png HTTP/1.1[0m" 304 -]
[2024-12-07 17:32:18,731: INFO: _internal: 127.0.0.1 - - [07/Dec/2024 17:32:18] "[36mGET /static/js/vendor/modernizr-3.5.0.min.js HTTP/1.1[0m" 304 -]
[2024-12-07 17:32:18,732: INFO: _internal: 127.0.0.1 - - [07/Dec/2024 17:32:18] "[36mGET /static/js/vendor/jquery-1.12.4.min.js HTTP/1.1[0m" 304 -]
[2024-12-07 17:32:18,734: INFO: _internal: 127.0.0.1 - - [07/Dec/2024 17:32:18] "[36mGET /static/js/popper.min.js HTTP/1.1[0m" 304 -]
[2024-12-07 17:32:18,746: INFO: _internal: 127.0.0.1 - - [07/Dec/2024 17:32:18] "[36mGET /static/js/bootstrap.min.js HTTP/1.1[0m" 304 -]
[2024-12-07 17:32:18,748: INFO: _internal: 127.0.0.1 - - [07/Dec/2024 17:32:18] "[36mGET /static/js/owl.carousel.min.js HTTP/1.1[0m" 304 -]
[2024-12-07 17:32:18,754: INFO: _internal: 127.0.0.1 - - [07/Dec/2024 17:32:18] "[36mGET /static/js/isotope.pkgd.min.js HTTP/1.1[0m" 304 -]
[2024-12-07 17:32:18,760: INFO: _internal: 127.0.0.1 - - [07/Dec/2024 17:32:18] "[36mGET /static/js/ajax-form.js HTTP/1.1[0m" 304 -]
[2024-12-07 17:32:18,762: INFO: _internal: 127.0.0.1 - - [07/Dec/2024 17:32:18] "[36mGET /static/js/jquery.counterup.min.js HTTP/1.1[0m" 304 -]
[2024-12-07 17:32:18,762: INFO: _internal: 127.0.0.1 - - [07/Dec/2024 17:32:18] "[36mGET /static/js/waypoints.min.js HTTP/1.1[0m" 304 -]
[2024-12-07 17:32:18,766: INFO: _internal: 127.0.0.1 - - [07/Dec/2024 17:32:18] "[36mGET /static/js/imagesloaded.pkgd.min.js HTTP/1.1[0m" 304 -]
[2024-12-07 17:32:18,769: INFO: _internal: 127.0.0.1 - - [07/Dec/2024 17:32:18] "[36mGET /static/js/scrollIt.js HTTP/1.1[0m" 304 -]
[2024-12-07 17:32:18,777: INFO: _internal: 127.0.0.1 - - [07/Dec/2024 17:32:18] "[36mGET /static/js/jquery.scrollUp.min.js HTTP/1.1[0m" 304 -]
[2024-12-07 17:32:18,779: INFO: _internal: 127.0.0.1 - - [07/Dec/2024 17:32:18] "[36mGET /static/js/wow.min.js HTTP/1.1[0m" 304 -]
[2024-12-07 17:32:18,787: INFO: _internal: 127.0.0.1 - - [07/Dec/2024 17:32:18] "[36mGET /static/js/nice-select.min.js HTTP/1.1[0m" 304 -]
[2024-12-07 17:32:18,787: INFO: _internal: 127.0.0.1 - - [07/Dec/2024 17:32:18] "[36mGET /static/js/jquery.slicknav.min.js HTTP/1.1[0m" 304 -]
[2024-12-07 17:32:18,792: INFO: _internal: 127.0.0.1 - - [07/Dec/2024 17:32:18] "[36mGET /static/js/jquery.magnific-popup.min.js HTTP/1.1[0m" 304 -]
[2024-12-07 17:32:18,795: INFO: _internal: 127.0.0.1 - - [07/Dec/2024 17:32:18] "[36mGET /static/js/plugins.js HTTP/1.1[0m" 304 -]
[2024-12-07 17:32:18,805: INFO: _internal: 127.0.0.1 - - [07/Dec/2024 17:32:18] "[36mGET /static/js/gijgo.min.js HTTP/1.1[0m" 304 -]
[2024-12-07 17:32:18,805: INFO: _internal: 127.0.0.1 - - [07/Dec/2024 17:32:18] "[36mGET /static/js/contact.js HTTP/1.1[0m" 304 -]
[2024-12-07 17:32:18,813: INFO: _internal: 127.0.0.1 - - [07/Dec/2024 17:32:18] "[36mGET /static/js/jquery.ajaxchimp.min.js HTTP/1.1[0m" 304 -]
[2024-12-07 17:32:18,814: INFO: _internal: 127.0.0.1 - - [07/Dec/2024 17:32:18] "[36mGET /static/js/jquery.form.js HTTP/1.1[0m" 304 -]
[2024-12-07 17:32:18,816: INFO: _internal: 127.0.0.1 - - [07/Dec/2024 17:32:18] "[36mGET /static/js/jquery.validate.min.js HTTP/1.1[0m" 304 -]
[2024-12-07 17:32:18,818: INFO: _internal: 127.0.0.1 - - [07/Dec/2024 17:32:18] "[36mGET /static/js/mail-script.js HTTP/1.1[0m" 304 -]
[2024-12-07 17:32:18,828: INFO: _internal: 127.0.0.1 - - [07/Dec/2024 17:32:18] "[36mGET /static/js/main.js HTTP/1.1[0m" 304 -]
[2024-12-07 17:32:18,828: INFO: _internal: 127.0.0.1 - - [07/Dec/2024 17:32:18] "[36mGET /static/img/banner/banner2.png HTTP/1.1[0m" 304 -]
[2024-12-07 17:32:18,834: INFO: _internal: 127.0.0.1 - - [07/Dec/2024 17:32:18] "[36mGET /static/img/banner/banner.png HTTP/1.1[0m" 304 -]
[2024-12-07 17:32:18,935: INFO: _internal: 127.0.0.1 - - [07/Dec/2024 17:32:18] "[36mGET /static/fonts/fontawesome-webfont.woff2?v=4.7.0 HTTP/1.1[0m" 304 -]
[2024-12-07 17:32:18,937: INFO: _internal: 127.0.0.1 - - [07/Dec/2024 17:32:18] "[36mGET /static/fonts/themify.woff?-fvbane HTTP/1.1[0m" 304 -]
[2024-12-07 17:32:39,442: INFO: _internal:  * Detected change in 'C:\\Users\\MSI\\dirassa\\ML\\mlProject\\app.py', reloading]
[2024-12-07 17:32:39,822: INFO: _internal:  * Restarting with stat]
[2024-12-07 17:33:45,013: INFO: _internal: [31m[1mWARNING: This is a development server. Do not use it in a production deployment. Use a production WSGI server instead.[0m
 * Running on all addresses (0.0.0.0)
 * Running on http://127.0.0.1:8080
 * Running on http://192.168.1.39:8080]
[2024-12-07 17:33:45,015: INFO: _internal: [33mPress CTRL+C to quit[0m]
[2024-12-07 17:33:45,018: INFO: _internal:  * Restarting with stat]
[2024-12-07 17:33:46,934: WARNING: _internal:  * Debugger is active!]
[2024-12-07 17:33:46,937: INFO: _internal:  * Debugger PIN: 230-686-137]
[2024-12-07 17:33:48,775: INFO: _internal: 127.0.0.1 - - [07/Dec/2024 17:33:48] "GET / HTTP/1.1" 200 -]
[2024-12-07 17:33:49,139: INFO: _internal: 127.0.0.1 - - [07/Dec/2024 17:33:49] "[36mGET /static/css/bootstrap.min.css HTTP/1.1[0m" 304 -]
[2024-12-07 17:33:49,144: INFO: _internal: 127.0.0.1 - - [07/Dec/2024 17:33:49] "[36mGET /static/css/flaticon.css HTTP/1.1[0m" 304 -]
[2024-12-07 17:33:49,149: INFO: _internal: 127.0.0.1 - - [07/Dec/2024 17:33:49] "[36mGET /static/css/gijgo.css HTTP/1.1[0m" 304 -]
[2024-12-07 17:33:49,154: INFO: _internal: 127.0.0.1 - - [07/Dec/2024 17:33:49] "[36mGET /static/css/animate.css HTTP/1.1[0m" 304 -]
[2024-12-07 17:33:49,160: INFO: _internal: 127.0.0.1 - - [07/Dec/2024 17:33:49] "[36mGET /static/css/slicknav.css HTTP/1.1[0m" 304 -]
[2024-12-07 17:33:49,165: INFO: _internal: 127.0.0.1 - - [07/Dec/2024 17:33:49] "[36mGET /static/css/style.css HTTP/1.1[0m" 304 -]
[2024-12-07 17:33:49,233: INFO: _internal: 127.0.0.1 - - [07/Dec/2024 17:33:49] "[36mGET /static/css/owl.carousel.min.css HTTP/1.1[0m" 304 -]
[2024-12-07 17:33:49,250: INFO: _internal: 127.0.0.1 - - [07/Dec/2024 17:33:49] "[36mGET /static/css/font-awesome.min.css HTTP/1.1[0m" 304 -]
[2024-12-07 17:33:49,251: INFO: _internal: 127.0.0.1 - - [07/Dec/2024 17:33:49] "[36mGET /static/css/nice-select.css HTTP/1.1[0m" 304 -]
[2024-12-07 17:33:49,254: INFO: _internal: 127.0.0.1 - - [07/Dec/2024 17:33:49] "[36mGET /static/css/themify-icons.css HTTP/1.1[0m" 304 -]
[2024-12-07 17:33:49,254: INFO: _internal: 127.0.0.1 - - [07/Dec/2024 17:33:49] "[36mGET /static/css/magnific-popup.css HTTP/1.1[0m" 304 -]
[2024-12-07 17:33:49,266: INFO: _internal: 127.0.0.1 - - [07/Dec/2024 17:33:49] "[36mGET /static/img/logo.png HTTP/1.1[0m" 304 -]
[2024-12-07 17:33:49,267: INFO: _internal: 127.0.0.1 - - [07/Dec/2024 17:33:49] "[36mGET /static/img/technologyimage.png HTTP/1.1[0m" 304 -]
[2024-12-07 17:33:49,274: INFO: _internal: 127.0.0.1 - - [07/Dec/2024 17:33:49] "[36mGET /static/img/research1.png HTTP/1.1[0m" 304 -]
[2024-12-07 17:33:49,275: INFO: _internal: 127.0.0.1 - - [07/Dec/2024 17:33:49] "[36mGET /static/img/footer_logo.png HTTP/1.1[0m" 304 -]
[2024-12-07 17:33:49,278: INFO: _internal: 127.0.0.1 - - [07/Dec/2024 17:33:49] "[36mGET /static/js/vendor/modernizr-3.5.0.min.js HTTP/1.1[0m" 304 -]
[2024-12-07 17:33:49,284: INFO: _internal: 127.0.0.1 - - [07/Dec/2024 17:33:49] "[36mGET /static/js/vendor/jquery-1.12.4.min.js HTTP/1.1[0m" 304 -]
[2024-12-07 17:33:49,286: INFO: _internal: 127.0.0.1 - - [07/Dec/2024 17:33:49] "[36mGET /static/js/popper.min.js HTTP/1.1[0m" 304 -]
[2024-12-07 17:33:49,287: INFO: _internal: 127.0.0.1 - - [07/Dec/2024 17:33:49] "[36mGET /static/js/bootstrap.min.js HTTP/1.1[0m" 304 -]
[2024-12-07 17:33:49,295: INFO: _internal: 127.0.0.1 - - [07/Dec/2024 17:33:49] "[36mGET /static/js/owl.carousel.min.js HTTP/1.1[0m" 304 -]
[2024-12-07 17:33:49,295: INFO: _internal: 127.0.0.1 - - [07/Dec/2024 17:33:49] "[36mGET /static/js/isotope.pkgd.min.js HTTP/1.1[0m" 304 -]
[2024-12-07 17:33:49,301: INFO: _internal: 127.0.0.1 - - [07/Dec/2024 17:33:49] "[36mGET /static/js/ajax-form.js HTTP/1.1[0m" 304 -]
[2024-12-07 17:33:49,309: INFO: _internal: 127.0.0.1 - - [07/Dec/2024 17:33:49] "[36mGET /static/js/waypoints.min.js HTTP/1.1[0m" 304 -]
[2024-12-07 17:33:49,316: INFO: _internal: 127.0.0.1 - - [07/Dec/2024 17:33:49] "[36mGET /static/js/jquery.counterup.min.js HTTP/1.1[0m" 304 -]
[2024-12-07 17:33:49,317: INFO: _internal: 127.0.0.1 - - [07/Dec/2024 17:33:49] "[36mGET /static/js/imagesloaded.pkgd.min.js HTTP/1.1[0m" 304 -]
[2024-12-07 17:33:49,318: INFO: _internal: 127.0.0.1 - - [07/Dec/2024 17:33:49] "[36mGET /static/js/scrollIt.js HTTP/1.1[0m" 304 -]
[2024-12-07 17:33:49,329: INFO: _internal: 127.0.0.1 - - [07/Dec/2024 17:33:49] "[36mGET /static/js/jquery.scrollUp.min.js HTTP/1.1[0m" 304 -]
[2024-12-07 17:33:49,330: INFO: _internal: 127.0.0.1 - - [07/Dec/2024 17:33:49] "[36mGET /static/js/wow.min.js HTTP/1.1[0m" 304 -]
[2024-12-07 17:33:49,332: INFO: _internal: 127.0.0.1 - - [07/Dec/2024 17:33:49] "[36mGET /static/js/nice-select.min.js HTTP/1.1[0m" 304 -]
[2024-12-07 17:33:49,344: INFO: _internal: 127.0.0.1 - - [07/Dec/2024 17:33:49] "[36mGET /static/js/jquery.slicknav.min.js HTTP/1.1[0m" 304 -]
[2024-12-07 17:33:49,345: INFO: _internal: 127.0.0.1 - - [07/Dec/2024 17:33:49] "[36mGET /static/js/jquery.magnific-popup.min.js HTTP/1.1[0m" 304 -]
[2024-12-07 17:33:49,345: INFO: _internal: 127.0.0.1 - - [07/Dec/2024 17:33:49] "[36mGET /static/js/plugins.js HTTP/1.1[0m" 304 -]
[2024-12-07 17:33:49,351: INFO: _internal: 127.0.0.1 - - [07/Dec/2024 17:33:49] "[36mGET /static/js/gijgo.min.js HTTP/1.1[0m" 304 -]
[2024-12-07 17:33:49,355: INFO: _internal: 127.0.0.1 - - [07/Dec/2024 17:33:49] "[36mGET /static/js/contact.js HTTP/1.1[0m" 304 -]
[2024-12-07 17:33:49,357: INFO: _internal: 127.0.0.1 - - [07/Dec/2024 17:33:49] "[36mGET /static/js/jquery.ajaxchimp.min.js HTTP/1.1[0m" 304 -]
[2024-12-07 17:33:49,365: INFO: _internal: 127.0.0.1 - - [07/Dec/2024 17:33:49] "[36mGET /static/js/jquery.form.js HTTP/1.1[0m" 304 -]
[2024-12-07 17:33:49,373: INFO: _internal: 127.0.0.1 - - [07/Dec/2024 17:33:49] "[36mGET /static/js/jquery.validate.min.js HTTP/1.1[0m" 304 -]
[2024-12-07 17:33:49,374: INFO: _internal: 127.0.0.1 - - [07/Dec/2024 17:33:49] "[36mGET /static/js/mail-script.js HTTP/1.1[0m" 304 -]
[2024-12-07 17:33:49,376: INFO: _internal: 127.0.0.1 - - [07/Dec/2024 17:33:49] "[36mGET /static/js/main.js HTTP/1.1[0m" 304 -]
[2024-12-07 17:33:49,384: INFO: _internal: 127.0.0.1 - - [07/Dec/2024 17:33:49] "[36mGET /static/img/banner/banner.png HTTP/1.1[0m" 304 -]
[2024-12-07 17:33:49,385: INFO: _internal: 127.0.0.1 - - [07/Dec/2024 17:33:49] "[36mGET /static/img/banner/banner2.png HTTP/1.1[0m" 304 -]
[2024-12-07 17:33:49,476: INFO: _internal: 127.0.0.1 - - [07/Dec/2024 17:33:49] "[36mGET /static/fonts/fontawesome-webfont.woff2?v=4.7.0 HTTP/1.1[0m" 304 -]
[2024-12-07 17:33:49,490: INFO: _internal: 127.0.0.1 - - [07/Dec/2024 17:33:49] "[36mGET /static/fonts/themify.woff?-fvbane HTTP/1.1[0m" 304 -]
[2024-12-07 17:34:30,023: INFO: _internal:  * Detected change in 'C:\\Users\\MSI\\dirassa\\ML\\mlProject\\app.py', reloading]
[2024-12-07 17:34:30,315: INFO: _internal:  * Restarting with stat]
[2024-12-07 17:34:32,732: WARNING: _internal:  * Debugger is active!]
[2024-12-07 17:34:32,734: INFO: _internal:  * Debugger PIN: 230-686-137]
[2024-12-07 17:34:42,947: INFO: _internal:  * Detected change in 'C:\\Users\\MSI\\dirassa\\ML\\mlProject\\app.py', reloading]
[2024-12-07 17:34:43,411: INFO: _internal:  * Restarting with stat]
[2024-12-07 17:34:46,333: WARNING: _internal:  * Debugger is active!]
[2024-12-07 17:34:46,336: INFO: _internal:  * Debugger PIN: 230-686-137]
[2024-12-07 17:34:50,432: INFO: _internal:  * Detected change in 'C:\\Users\\MSI\\dirassa\\ML\\mlProject\\app.py', reloading]
[2024-12-07 17:34:50,846: INFO: _internal:  * Restarting with stat]
[2024-12-07 17:34:53,749: WARNING: _internal:  * Debugger is active!]
[2024-12-07 17:34:53,751: INFO: _internal:  * Debugger PIN: 230-686-137]
[2024-12-07 17:34:56,856: INFO: _internal:  * Detected change in 'C:\\Users\\MSI\\dirassa\\ML\\mlProject\\app.py', reloading]
[2024-12-07 17:34:57,333: INFO: _internal:  * Restarting with stat]
[2024-12-07 17:35:00,321: WARNING: _internal:  * Debugger is active!]
[2024-12-07 17:35:00,324: INFO: _internal:  * Debugger PIN: 230-686-137]
[2024-12-07 17:35:12,608: INFO: _internal:  * Detected change in 'C:\\Users\\MSI\\dirassa\\ML\\mlProject\\app.py', reloading]
[2024-12-07 17:35:12,877: INFO: _internal:  * Restarting with stat]
[2024-12-07 17:35:15,321: WARNING: _internal:  * Debugger is active!]
[2024-12-07 17:35:15,324: INFO: _internal:  * Debugger PIN: 230-686-137]
[2024-12-07 17:35:17,377: INFO: _internal:  * Detected change in 'C:\\Users\\MSI\\dirassa\\ML\\mlProject\\app.py', reloading]
[2024-12-07 17:35:17,557: INFO: _internal:  * Restarting with stat]
[2024-12-07 17:35:39,596: INFO: _internal: [31m[1mWARNING: This is a development server. Do not use it in a production deployment. Use a production WSGI server instead.[0m
 * Running on all addresses (0.0.0.0)
 * Running on http://127.0.0.1:8080
 * Running on http://192.168.1.39:8080]
[2024-12-07 17:35:39,597: INFO: _internal: [33mPress CTRL+C to quit[0m]
[2024-12-07 17:35:39,601: INFO: _internal:  * Restarting with stat]
[2024-12-07 17:35:43,900: WARNING: _internal:  * Debugger is active!]
[2024-12-07 17:35:43,907: INFO: _internal:  * Debugger PIN: 230-686-137]
[2024-12-07 17:35:43,992: INFO: _internal: 127.0.0.1 - - [07/Dec/2024 17:35:43] "GET / HTTP/1.1" 200 -]
[2024-12-07 17:35:44,277: INFO: _internal: 127.0.0.1 - - [07/Dec/2024 17:35:44] "[36mGET /static/css/nice-select.css HTTP/1.1[0m" 304 -]
[2024-12-07 17:35:44,282: INFO: _internal: 127.0.0.1 - - [07/Dec/2024 17:35:44] "[36mGET /static/css/flaticon.css HTTP/1.1[0m" 304 -]
[2024-12-07 17:35:44,284: INFO: _internal: 127.0.0.1 - - [07/Dec/2024 17:35:44] "[36mGET /static/css/bootstrap.min.css HTTP/1.1[0m" 304 -]
[2024-12-07 17:35:44,290: INFO: _internal: 127.0.0.1 - - [07/Dec/2024 17:35:44] "[36mGET /static/css/gijgo.css HTTP/1.1[0m" 304 -]
[2024-12-07 17:35:44,294: INFO: _internal: 127.0.0.1 - - [07/Dec/2024 17:35:44] "[36mGET /static/css/animate.css HTTP/1.1[0m" 304 -]
[2024-12-07 17:35:44,297: INFO: _internal: 127.0.0.1 - - [07/Dec/2024 17:35:44] "[36mGET /static/css/magnific-popup.css HTTP/1.1[0m" 304 -]
[2024-12-07 17:35:44,302: INFO: _internal: 127.0.0.1 - - [07/Dec/2024 17:35:44] "[36mGET /static/css/slicknav.css HTTP/1.1[0m" 304 -]
[2024-12-07 17:35:44,303: INFO: _internal: 127.0.0.1 - - [07/Dec/2024 17:35:44] "[36mGET /static/css/style.css HTTP/1.1[0m" 304 -]
[2024-12-07 17:35:44,305: INFO: _internal: 127.0.0.1 - - [07/Dec/2024 17:35:44] "[36mGET /static/css/owl.carousel.min.css HTTP/1.1[0m" 304 -]
[2024-12-07 17:35:44,311: INFO: _internal: 127.0.0.1 - - [07/Dec/2024 17:35:44] "[36mGET /static/css/themify-icons.css HTTP/1.1[0m" 304 -]
[2024-12-07 17:35:44,312: INFO: _internal: 127.0.0.1 - - [07/Dec/2024 17:35:44] "[36mGET /static/css/font-awesome.min.css HTTP/1.1[0m" 304 -]
[2024-12-07 17:35:44,336: INFO: _internal: 127.0.0.1 - - [07/Dec/2024 17:35:44] "[36mGET /static/img/logo.png HTTP/1.1[0m" 304 -]
[2024-12-07 17:35:44,336: INFO: _internal: 127.0.0.1 - - [07/Dec/2024 17:35:44] "[36mGET /static/img/technologyimage.png HTTP/1.1[0m" 304 -]
[2024-12-07 17:35:44,338: INFO: _internal: 127.0.0.1 - - [07/Dec/2024 17:35:44] "[36mGET /static/img/research1.png HTTP/1.1[0m" 304 -]
[2024-12-07 17:35:44,342: INFO: _internal: 127.0.0.1 - - [07/Dec/2024 17:35:44] "[36mGET /static/img/footer_logo.png HTTP/1.1[0m" 304 -]
[2024-12-07 17:35:44,348: INFO: _internal: 127.0.0.1 - - [07/Dec/2024 17:35:44] "[36mGET /static/js/vendor/modernizr-3.5.0.min.js HTTP/1.1[0m" 304 -]
[2024-12-07 17:35:44,353: INFO: _internal: 127.0.0.1 - - [07/Dec/2024 17:35:44] "[36mGET /static/js/vendor/jquery-1.12.4.min.js HTTP/1.1[0m" 304 -]
[2024-12-07 17:35:44,365: INFO: _internal: 127.0.0.1 - - [07/Dec/2024 17:35:44] "[36mGET /static/js/popper.min.js HTTP/1.1[0m" 304 -]
[2024-12-07 17:35:44,365: INFO: _internal: 127.0.0.1 - - [07/Dec/2024 17:35:44] "[36mGET /static/js/bootstrap.min.js HTTP/1.1[0m" 304 -]
[2024-12-07 17:35:44,365: INFO: _internal: 127.0.0.1 - - [07/Dec/2024 17:35:44] "[36mGET /static/js/owl.carousel.min.js HTTP/1.1[0m" 304 -]
[2024-12-07 17:35:44,366: INFO: _internal: 127.0.0.1 - - [07/Dec/2024 17:35:44] "[36mGET /static/js/isotope.pkgd.min.js HTTP/1.1[0m" 304 -]
[2024-12-07 17:35:44,368: INFO: _internal: 127.0.0.1 - - [07/Dec/2024 17:35:44] "[36mGET /static/js/ajax-form.js HTTP/1.1[0m" 304 -]
[2024-12-07 17:35:44,371: INFO: _internal: 127.0.0.1 - - [07/Dec/2024 17:35:44] "[36mGET /static/js/waypoints.min.js HTTP/1.1[0m" 304 -]
[2024-12-07 17:35:44,387: INFO: _internal: 127.0.0.1 - - [07/Dec/2024 17:35:44] "[36mGET /static/js/jquery.counterup.min.js HTTP/1.1[0m" 304 -]
[2024-12-07 17:35:44,390: INFO: _internal: 127.0.0.1 - - [07/Dec/2024 17:35:44] "[36mGET /static/js/imagesloaded.pkgd.min.js HTTP/1.1[0m" 304 -]
[2024-12-07 17:35:44,395: INFO: _internal: 127.0.0.1 - - [07/Dec/2024 17:35:44] "[36mGET /static/js/scrollIt.js HTTP/1.1[0m" 304 -]
[2024-12-07 17:35:44,398: INFO: _internal: 127.0.0.1 - - [07/Dec/2024 17:35:44] "[36mGET /static/js/jquery.scrollUp.min.js HTTP/1.1[0m" 304 -]
[2024-12-07 17:35:44,400: INFO: _internal: 127.0.0.1 - - [07/Dec/2024 17:35:44] "[36mGET /static/js/wow.min.js HTTP/1.1[0m" 304 -]
[2024-12-07 17:35:44,405: INFO: _internal: 127.0.0.1 - - [07/Dec/2024 17:35:44] "[36mGET /static/js/nice-select.min.js HTTP/1.1[0m" 304 -]
[2024-12-07 17:35:44,411: INFO: _internal: 127.0.0.1 - - [07/Dec/2024 17:35:44] "[36mGET /static/js/jquery.slicknav.min.js HTTP/1.1[0m" 304 -]
[2024-12-07 17:35:44,415: INFO: _internal: 127.0.0.1 - - [07/Dec/2024 17:35:44] "[36mGET /static/js/jquery.magnific-popup.min.js HTTP/1.1[0m" 304 -]
[2024-12-07 17:35:44,415: INFO: _internal: 127.0.0.1 - - [07/Dec/2024 17:35:44] "[36mGET /static/js/plugins.js HTTP/1.1[0m" 304 -]
[2024-12-07 17:35:44,418: INFO: _internal: 127.0.0.1 - - [07/Dec/2024 17:35:44] "[36mGET /static/js/gijgo.min.js HTTP/1.1[0m" 304 -]
[2024-12-07 17:35:44,426: INFO: _internal: 127.0.0.1 - - [07/Dec/2024 17:35:44] "[36mGET /static/js/contact.js HTTP/1.1[0m" 304 -]
[2024-12-07 17:35:44,431: INFO: _internal: 127.0.0.1 - - [07/Dec/2024 17:35:44] "[36mGET /static/js/jquery.ajaxchimp.min.js HTTP/1.1[0m" 304 -]
[2024-12-07 17:35:44,432: INFO: _internal: 127.0.0.1 - - [07/Dec/2024 17:35:44] "[36mGET /static/js/jquery.form.js HTTP/1.1[0m" 304 -]
[2024-12-07 17:35:44,441: INFO: _internal: 127.0.0.1 - - [07/Dec/2024 17:35:44] "[36mGET /static/js/jquery.validate.min.js HTTP/1.1[0m" 304 -]
[2024-12-07 17:35:44,446: INFO: _internal: 127.0.0.1 - - [07/Dec/2024 17:35:44] "[36mGET /static/js/mail-script.js HTTP/1.1[0m" 304 -]
[2024-12-07 17:35:44,449: INFO: _internal: 127.0.0.1 - - [07/Dec/2024 17:35:44] "[36mGET /static/js/main.js HTTP/1.1[0m" 304 -]
[2024-12-07 17:35:44,452: INFO: _internal: 127.0.0.1 - - [07/Dec/2024 17:35:44] "[36mGET /static/img/banner/banner2.png HTTP/1.1[0m" 304 -]
[2024-12-07 17:35:44,477: INFO: _internal: 127.0.0.1 - - [07/Dec/2024 17:35:44] "[36mGET /static/img/banner/banner.png HTTP/1.1[0m" 304 -]
[2024-12-07 17:35:44,487: INFO: _internal: 127.0.0.1 - - [07/Dec/2024 17:35:44] "[36mGET /static/fonts/fontawesome-webfont.woff2?v=4.7.0 HTTP/1.1[0m" 304 -]
[2024-12-07 17:35:44,490: INFO: _internal: 127.0.0.1 - - [07/Dec/2024 17:35:44] "[36mGET /static/fonts/themify.woff?-fvbane HTTP/1.1[0m" 304 -]
[2024-12-07 17:35:55,118: INFO: _internal: 127.0.0.1 - - [07/Dec/2024 17:35:55] "POST /predict HTTP/1.1" 200 -]
[2024-12-07 17:40:50,383: INFO: _internal: 127.0.0.1 - - [07/Dec/2024 17:40:50] "POST /predict HTTP/1.1" 200 -]
[2024-12-07 17:41:19,425: INFO: _internal:  * Detected change in 'C:\\Users\\MSI\\dirassa\\ML\\mlProject\\app.py', reloading]
[2024-12-07 17:41:19,625: INFO: _internal:  * Restarting with stat]
[2024-12-07 17:41:22,057: WARNING: _internal:  * Debugger is active!]
[2024-12-07 17:41:22,060: INFO: _internal:  * Debugger PIN: 230-686-137]
[2024-12-07 17:41:25,120: INFO: _internal:  * Detected change in 'C:\\Users\\MSI\\dirassa\\ML\\mlProject\\app.py', reloading]
[2024-12-07 17:41:25,307: INFO: _internal:  * Restarting with stat]
[2024-12-07 17:41:27,585: WARNING: _internal:  * Debugger is active!]
[2024-12-07 17:41:27,588: INFO: _internal:  * Debugger PIN: 230-686-137]
[2024-12-07 17:41:33,735: INFO: _internal:  * Detected change in 'C:\\Users\\MSI\\dirassa\\ML\\mlProject\\app.py', reloading]
[2024-12-07 17:41:33,914: INFO: _internal:  * Restarting with stat]
[2024-12-07 17:41:36,003: WARNING: _internal:  * Debugger is active!]
[2024-12-07 17:41:36,005: INFO: _internal:  * Debugger PIN: 230-686-137]
[2024-12-07 17:41:36,033: INFO: _internal:  * Detected change in 'C:\\Users\\MSI\\dirassa\\ML\\mlProject\\app.py', reloading]
[2024-12-07 17:41:36,236: INFO: _internal:  * Restarting with stat]
[2024-12-07 17:41:38,381: WARNING: _internal:  * Debugger is active!]
[2024-12-07 17:41:38,384: INFO: _internal:  * Debugger PIN: 230-686-137]
[2024-12-07 17:42:07,971: INFO: _internal: 127.0.0.1 - - [07/Dec/2024 17:42:07] "GET / HTTP/1.1" 200 -]
[2024-12-07 17:42:08,777: INFO: _internal: 127.0.0.1 - - [07/Dec/2024 17:42:08] "[36mGET /static/css/owl.carousel.min.css HTTP/1.1[0m" 304 -]
[2024-12-07 17:42:08,789: INFO: _internal: 127.0.0.1 - - [07/Dec/2024 17:42:08] "[36mGET /static/css/flaticon.css HTTP/1.1[0m" 304 -]
[2024-12-07 17:42:08,804: INFO: _internal: 127.0.0.1 - - [07/Dec/2024 17:42:08] "[36mGET /static/css/gijgo.css HTTP/1.1[0m" 304 -]
[2024-12-07 17:42:08,850: INFO: _internal: 127.0.0.1 - - [07/Dec/2024 17:42:08] "[36mGET /static/css/animate.css HTTP/1.1[0m" 304 -]
[2024-12-07 17:42:08,865: INFO: _internal: 127.0.0.1 - - [07/Dec/2024 17:42:08] "[36mGET /static/css/slicknav.css HTTP/1.1[0m" 304 -]
[2024-12-07 17:42:08,880: INFO: _internal: 127.0.0.1 - - [07/Dec/2024 17:42:08] "[36mGET /static/css/style.css HTTP/1.1[0m" 304 -]
[2024-12-07 17:42:08,901: INFO: _internal: 127.0.0.1 - - [07/Dec/2024 17:42:08] "[36mGET /static/css/themify-icons.css HTTP/1.1[0m" 304 -]
[2024-12-07 17:42:08,919: INFO: _internal: 127.0.0.1 - - [07/Dec/2024 17:42:08] "[36mGET /static/css/nice-select.css HTTP/1.1[0m" 304 -]
[2024-12-07 17:42:08,953: INFO: _internal: 127.0.0.1 - - [07/Dec/2024 17:42:08] "[36mGET /static/css/bootstrap.min.css HTTP/1.1[0m" 304 -]
[2024-12-07 17:42:08,969: INFO: _internal: 127.0.0.1 - - [07/Dec/2024 17:42:08] "[36mGET /static/css/magnific-popup.css HTTP/1.1[0m" 304 -]
[2024-12-07 17:42:08,975: INFO: _internal: 127.0.0.1 - - [07/Dec/2024 17:42:08] "[36mGET /static/css/font-awesome.min.css HTTP/1.1[0m" 304 -]
[2024-12-07 17:42:08,995: INFO: _internal: 127.0.0.1 - - [07/Dec/2024 17:42:08] "[36mGET /static/img/logo.png HTTP/1.1[0m" 304 -]
[2024-12-07 17:42:09,001: INFO: _internal: 127.0.0.1 - - [07/Dec/2024 17:42:09] "[36mGET /static/img/technologyimage.png HTTP/1.1[0m" 304 -]
[2024-12-07 17:42:09,023: INFO: _internal: 127.0.0.1 - - [07/Dec/2024 17:42:09] "[36mGET /static/img/research1.png HTTP/1.1[0m" 304 -]
[2024-12-07 17:42:09,032: INFO: _internal: 127.0.0.1 - - [07/Dec/2024 17:42:09] "[36mGET /static/img/footer_logo.png HTTP/1.1[0m" 304 -]
[2024-12-07 17:42:09,037: INFO: _internal: 127.0.0.1 - - [07/Dec/2024 17:42:09] "[36mGET /static/js/vendor/modernizr-3.5.0.min.js HTTP/1.1[0m" 304 -]
[2024-12-07 17:42:09,052: INFO: _internal: 127.0.0.1 - - [07/Dec/2024 17:42:09] "[36mGET /static/js/vendor/jquery-1.12.4.min.js HTTP/1.1[0m" 304 -]
[2024-12-07 17:42:09,062: INFO: _internal: 127.0.0.1 - - [07/Dec/2024 17:42:09] "[36mGET /static/js/popper.min.js HTTP/1.1[0m" 304 -]
[2024-12-07 17:42:09,068: INFO: _internal: 127.0.0.1 - - [07/Dec/2024 17:42:09] "[36mGET /static/js/bootstrap.min.js HTTP/1.1[0m" 304 -]
[2024-12-07 17:42:09,087: INFO: _internal: 127.0.0.1 - - [07/Dec/2024 17:42:09] "[36mGET /static/js/owl.carousel.min.js HTTP/1.1[0m" 304 -]
[2024-12-07 17:42:09,091: INFO: _internal: 127.0.0.1 - - [07/Dec/2024 17:42:09] "[36mGET /static/img/banner/banner2.png HTTP/1.1[0m" 304 -]
[2024-12-07 17:42:09,100: INFO: _internal: 127.0.0.1 - - [07/Dec/2024 17:42:09] "[36mGET /static/js/isotope.pkgd.min.js HTTP/1.1[0m" 304 -]
[2024-12-07 17:42:09,114: INFO: _internal: 127.0.0.1 - - [07/Dec/2024 17:42:09] "[36mGET /static/js/ajax-form.js HTTP/1.1[0m" 304 -]
[2024-12-07 17:42:09,119: INFO: _internal: 127.0.0.1 - - [07/Dec/2024 17:42:09] "[36mGET /static/js/waypoints.min.js HTTP/1.1[0m" 304 -]
[2024-12-07 17:42:09,129: INFO: _internal: 127.0.0.1 - - [07/Dec/2024 17:42:09] "[36mGET /static/js/jquery.counterup.min.js HTTP/1.1[0m" 304 -]
[2024-12-07 17:42:09,134: INFO: _internal: 127.0.0.1 - - [07/Dec/2024 17:42:09] "[36mGET /static/js/imagesloaded.pkgd.min.js HTTP/1.1[0m" 304 -]
[2024-12-07 17:42:09,152: INFO: _internal: 127.0.0.1 - - [07/Dec/2024 17:42:09] "[36mGET /static/js/scrollIt.js HTTP/1.1[0m" 304 -]
[2024-12-07 17:42:09,158: INFO: _internal: 127.0.0.1 - - [07/Dec/2024 17:42:09] "[36mGET /static/js/jquery.scrollUp.min.js HTTP/1.1[0m" 304 -]
[2024-12-07 17:42:09,181: INFO: _internal: 127.0.0.1 - - [07/Dec/2024 17:42:09] "[36mGET /static/js/wow.min.js HTTP/1.1[0m" 304 -]
[2024-12-07 17:42:09,197: INFO: _internal: 127.0.0.1 - - [07/Dec/2024 17:42:09] "[36mGET /static/js/nice-select.min.js HTTP/1.1[0m" 304 -]
[2024-12-07 17:42:09,209: INFO: _internal: 127.0.0.1 - - [07/Dec/2024 17:42:09] "[36mGET /static/js/jquery.slicknav.min.js HTTP/1.1[0m" 304 -]
[2024-12-07 17:42:09,220: INFO: _internal: 127.0.0.1 - - [07/Dec/2024 17:42:09] "[36mGET /static/js/jquery.magnific-popup.min.js HTTP/1.1[0m" 304 -]
[2024-12-07 17:42:09,244: INFO: _internal: 127.0.0.1 - - [07/Dec/2024 17:42:09] "[36mGET /static/js/plugins.js HTTP/1.1[0m" 304 -]
[2024-12-07 17:42:09,255: INFO: _internal: 127.0.0.1 - - [07/Dec/2024 17:42:09] "[36mGET /static/js/gijgo.min.js HTTP/1.1[0m" 304 -]
[2024-12-07 17:42:09,277: INFO: _internal: 127.0.0.1 - - [07/Dec/2024 17:42:09] "[36mGET /static/js/contact.js HTTP/1.1[0m" 304 -]
[2024-12-07 17:42:09,279: INFO: _internal: 127.0.0.1 - - [07/Dec/2024 17:42:09] "[36mGET /static/js/jquery.ajaxchimp.min.js HTTP/1.1[0m" 304 -]
[2024-12-07 17:42:09,286: INFO: _internal: 127.0.0.1 - - [07/Dec/2024 17:42:09] "[36mGET /static/js/jquery.form.js HTTP/1.1[0m" 304 -]
[2024-12-07 17:42:09,295: INFO: _internal: 127.0.0.1 - - [07/Dec/2024 17:42:09] "[36mGET /static/js/jquery.validate.min.js HTTP/1.1[0m" 304 -]
[2024-12-07 17:42:09,325: INFO: _internal: 127.0.0.1 - - [07/Dec/2024 17:42:09] "[36mGET /static/js/mail-script.js HTTP/1.1[0m" 304 -]
[2024-12-07 17:42:09,350: INFO: _internal: 127.0.0.1 - - [07/Dec/2024 17:42:09] "[36mGET /static/js/main.js HTTP/1.1[0m" 304 -]
[2024-12-07 17:42:09,353: INFO: _internal: 127.0.0.1 - - [07/Dec/2024 17:42:09] "[36mGET /static/img/banner/banner.png HTTP/1.1[0m" 304 -]
[2024-12-07 17:42:09,358: INFO: _internal: 127.0.0.1 - - [07/Dec/2024 17:42:09] "[36mGET /static/fonts/themify.woff?-fvbane HTTP/1.1[0m" 304 -]
[2024-12-07 17:42:09,368: INFO: _internal: 127.0.0.1 - - [07/Dec/2024 17:42:09] "[36mGET /static/fonts/fontawesome-webfont.woff2?v=4.7.0 HTTP/1.1[0m" 304 -]
[2024-12-07 17:44:48,889: INFO: _internal: 127.0.0.1 - - [07/Dec/2024 17:44:48] "GET / HTTP/1.1" 200 -]
[2024-12-07 17:44:49,158: INFO: _internal: 127.0.0.1 - - [07/Dec/2024 17:44:49] "[36mGET /static/css/bootstrap.min.css HTTP/1.1[0m" 304 -]
[2024-12-07 17:44:49,172: INFO: _internal: 127.0.0.1 - - [07/Dec/2024 17:44:49] "[36mGET /static/css/owl.carousel.min.css HTTP/1.1[0m" 304 -]
[2024-12-07 17:44:49,177: INFO: _internal: 127.0.0.1 - - [07/Dec/2024 17:44:49] "[36mGET /static/css/magnific-popup.css HTTP/1.1[0m" 304 -]
[2024-12-07 17:44:49,184: INFO: _internal: 127.0.0.1 - - [07/Dec/2024 17:44:49] "[36mGET /static/css/font-awesome.min.css HTTP/1.1[0m" 304 -]
[2024-12-07 17:44:49,198: INFO: _internal: 127.0.0.1 - - [07/Dec/2024 17:44:49] "[36mGET /static/css/themify-icons.css HTTP/1.1[0m" 304 -]
[2024-12-07 17:44:49,202: INFO: _internal: 127.0.0.1 - - [07/Dec/2024 17:44:49] "[36mGET /static/css/nice-select.css HTTP/1.1[0m" 304 -]
[2024-12-07 17:44:49,211: INFO: _internal: 127.0.0.1 - - [07/Dec/2024 17:44:49] "[36mGET /static/css/flaticon.css HTTP/1.1[0m" 304 -]
[2024-12-07 17:44:49,227: INFO: _internal: 127.0.0.1 - - [07/Dec/2024 17:44:49] "[36mGET /static/css/gijgo.css HTTP/1.1[0m" 304 -]
[2024-12-07 17:44:49,231: INFO: _internal: 127.0.0.1 - - [07/Dec/2024 17:44:49] "[36mGET /static/css/animate.css HTTP/1.1[0m" 304 -]
[2024-12-07 17:44:49,238: INFO: _internal: 127.0.0.1 - - [07/Dec/2024 17:44:49] "[36mGET /static/css/slicknav.css HTTP/1.1[0m" 304 -]
[2024-12-07 17:44:49,250: INFO: _internal: 127.0.0.1 - - [07/Dec/2024 17:44:49] "[36mGET /static/css/style.css HTTP/1.1[0m" 304 -]
[2024-12-07 17:44:49,274: INFO: _internal: 127.0.0.1 - - [07/Dec/2024 17:44:49] "[36mGET /static/img/logo.png HTTP/1.1[0m" 304 -]
[2024-12-07 17:44:49,278: INFO: _internal: 127.0.0.1 - - [07/Dec/2024 17:44:49] "[36mGET /static/img/technologyimage.png HTTP/1.1[0m" 304 -]
[2024-12-07 17:44:49,283: INFO: _internal: 127.0.0.1 - - [07/Dec/2024 17:44:49] "[36mGET /static/img/research1.png HTTP/1.1[0m" 304 -]
[2024-12-07 17:44:49,285: INFO: _internal: 127.0.0.1 - - [07/Dec/2024 17:44:49] "[36mGET /static/img/footer_logo.png HTTP/1.1[0m" 304 -]
[2024-12-07 17:44:49,302: INFO: _internal: 127.0.0.1 - - [07/Dec/2024 17:44:49] "[36mGET /static/js/vendor/modernizr-3.5.0.min.js HTTP/1.1[0m" 304 -]
[2024-12-07 17:44:49,312: INFO: _internal: 127.0.0.1 - - [07/Dec/2024 17:44:49] "[36mGET /static/js/vendor/jquery-1.12.4.min.js HTTP/1.1[0m" 304 -]
[2024-12-07 17:44:49,317: INFO: _internal: 127.0.0.1 - - [07/Dec/2024 17:44:49] "[36mGET /static/js/popper.min.js HTTP/1.1[0m" 304 -]
[2024-12-07 17:44:49,330: INFO: _internal: 127.0.0.1 - - [07/Dec/2024 17:44:49] "[36mGET /static/js/bootstrap.min.js HTTP/1.1[0m" 304 -]
[2024-12-07 17:44:49,339: INFO: _internal: 127.0.0.1 - - [07/Dec/2024 17:44:49] "[36mGET /static/js/owl.carousel.min.js HTTP/1.1[0m" 304 -]
[2024-12-07 17:44:49,347: INFO: _internal: 127.0.0.1 - - [07/Dec/2024 17:44:49] "[36mGET /static/js/isotope.pkgd.min.js HTTP/1.1[0m" 304 -]
[2024-12-07 17:44:49,358: INFO: _internal: 127.0.0.1 - - [07/Dec/2024 17:44:49] "[36mGET /static/js/ajax-form.js HTTP/1.1[0m" 304 -]
[2024-12-07 17:44:49,364: INFO: _internal: 127.0.0.1 - - [07/Dec/2024 17:44:49] "[36mGET /static/js/waypoints.min.js HTTP/1.1[0m" 304 -]
[2024-12-07 17:44:49,373: INFO: _internal: 127.0.0.1 - - [07/Dec/2024 17:44:49] "[36mGET /static/img/banner/banner.png HTTP/1.1[0m" 304 -]
[2024-12-07 17:44:49,376: INFO: _internal: 127.0.0.1 - - [07/Dec/2024 17:44:49] "[36mGET /static/img/banner/banner2.png HTTP/1.1[0m" 304 -]
[2024-12-07 17:44:49,384: INFO: _internal: 127.0.0.1 - - [07/Dec/2024 17:44:49] "[36mGET /static/js/jquery.counterup.min.js HTTP/1.1[0m" 304 -]
[2024-12-07 17:44:49,392: INFO: _internal: 127.0.0.1 - - [07/Dec/2024 17:44:49] "[36mGET /static/js/imagesloaded.pkgd.min.js HTTP/1.1[0m" 304 -]
[2024-12-07 17:44:49,400: INFO: _internal: 127.0.0.1 - - [07/Dec/2024 17:44:49] "[36mGET /static/js/scrollIt.js HTTP/1.1[0m" 304 -]
[2024-12-07 17:44:49,410: INFO: _internal: 127.0.0.1 - - [07/Dec/2024 17:44:49] "[36mGET /static/js/jquery.scrollUp.min.js HTTP/1.1[0m" 304 -]
[2024-12-07 17:44:49,417: INFO: _internal: 127.0.0.1 - - [07/Dec/2024 17:44:49] "[36mGET /static/js/wow.min.js HTTP/1.1[0m" 304 -]
[2024-12-07 17:44:49,431: INFO: _internal: 127.0.0.1 - - [07/Dec/2024 17:44:49] "[36mGET /static/js/jquery.magnific-popup.min.js HTTP/1.1[0m" 304 -]
[2024-12-07 17:44:49,434: INFO: _internal: 127.0.0.1 - - [07/Dec/2024 17:44:49] "[36mGET /static/js/jquery.slicknav.min.js HTTP/1.1[0m" 304 -]
[2024-12-07 17:44:49,447: INFO: _internal: 127.0.0.1 - - [07/Dec/2024 17:44:49] "[36mGET /static/js/plugins.js HTTP/1.1[0m" 304 -]
[2024-12-07 17:44:49,447: INFO: _internal: 127.0.0.1 - - [07/Dec/2024 17:44:49] "[36mGET /static/js/nice-select.min.js HTTP/1.1[0m" 304 -]
[2024-12-07 17:44:49,454: INFO: _internal: 127.0.0.1 - - [07/Dec/2024 17:44:49] "[36mGET /static/js/gijgo.min.js HTTP/1.1[0m" 304 -]
[2024-12-07 17:44:49,472: INFO: _internal: 127.0.0.1 - - [07/Dec/2024 17:44:49] "[36mGET /static/js/jquery.ajaxchimp.min.js HTTP/1.1[0m" 304 -]
[2024-12-07 17:44:49,477: INFO: _internal: 127.0.0.1 - - [07/Dec/2024 17:44:49] "[36mGET /static/js/contact.js HTTP/1.1[0m" 304 -]
[2024-12-07 17:44:49,482: INFO: _internal: 127.0.0.1 - - [07/Dec/2024 17:44:49] "[36mGET /static/js/jquery.form.js HTTP/1.1[0m" 304 -]
[2024-12-07 17:44:49,488: INFO: _internal: 127.0.0.1 - - [07/Dec/2024 17:44:49] "[36mGET /static/js/jquery.validate.min.js HTTP/1.1[0m" 304 -]
[2024-12-07 17:44:49,499: INFO: _internal: 127.0.0.1 - - [07/Dec/2024 17:44:49] "[36mGET /static/js/mail-script.js HTTP/1.1[0m" 304 -]
[2024-12-07 17:44:49,501: INFO: _internal: 127.0.0.1 - - [07/Dec/2024 17:44:49] "[36mGET /static/js/main.js HTTP/1.1[0m" 304 -]
[2024-12-07 17:44:49,520: INFO: _internal: 127.0.0.1 - - [07/Dec/2024 17:44:49] "[36mGET /static/fonts/fontawesome-webfont.woff2?v=4.7.0 HTTP/1.1[0m" 304 -]
[2024-12-07 17:44:49,527: INFO: _internal: 127.0.0.1 - - [07/Dec/2024 17:44:49] "[36mGET /static/fonts/themify.woff?-fvbane HTTP/1.1[0m" 304 -]
[2024-12-07 17:44:49,870: INFO: _internal: 127.0.0.1 - - [07/Dec/2024 17:44:49] "[36mGET /static/img/favicon.png HTTP/1.1[0m" 304 -]
[2024-12-07 17:44:58,860: INFO: _internal: 127.0.0.1 - - [07/Dec/2024 17:44:58] "GET / HTTP/1.1" 200 -]
[2024-12-07 17:44:59,029: INFO: _internal: 127.0.0.1 - - [07/Dec/2024 17:44:59] "[36mGET /static/css/bootstrap.min.css HTTP/1.1[0m" 304 -]
[2024-12-07 17:44:59,046: INFO: _internal: 127.0.0.1 - - [07/Dec/2024 17:44:59] "[36mGET /static/css/owl.carousel.min.css HTTP/1.1[0m" 304 -]
[2024-12-07 17:44:59,063: INFO: _internal: 127.0.0.1 - - [07/Dec/2024 17:44:59] "[36mGET /static/css/magnific-popup.css HTTP/1.1[0m" 304 -]
[2024-12-07 17:44:59,076: INFO: _internal: 127.0.0.1 - - [07/Dec/2024 17:44:59] "[36mGET /static/css/themify-icons.css HTTP/1.1[0m" 304 -]
[2024-12-07 17:44:59,076: INFO: _internal: 127.0.0.1 - - [07/Dec/2024 17:44:59] "[36mGET /static/css/font-awesome.min.css HTTP/1.1[0m" 304 -]
[2024-12-07 17:44:59,100: INFO: _internal: 127.0.0.1 - - [07/Dec/2024 17:44:59] "[36mGET /static/css/nice-select.css HTTP/1.1[0m" 304 -]
[2024-12-07 17:44:59,158: INFO: _internal: 127.0.0.1 - - [07/Dec/2024 17:44:59] "[36mGET /static/css/flaticon.css HTTP/1.1[0m" 304 -]
[2024-12-07 17:44:59,195: INFO: _internal: 127.0.0.1 - - [07/Dec/2024 17:44:59] "[36mGET /static/css/gijgo.css HTTP/1.1[0m" 304 -]
[2024-12-07 17:44:59,209: INFO: _internal: 127.0.0.1 - - [07/Dec/2024 17:44:59] "[36mGET /static/css/animate.css HTTP/1.1[0m" 304 -]
[2024-12-07 17:44:59,210: INFO: _internal: 127.0.0.1 - - [07/Dec/2024 17:44:59] "[36mGET /static/css/slicknav.css HTTP/1.1[0m" 304 -]
[2024-12-07 17:44:59,216: INFO: _internal: 127.0.0.1 - - [07/Dec/2024 17:44:59] "[36mGET /static/css/style.css HTTP/1.1[0m" 304 -]
[2024-12-07 17:44:59,241: INFO: _internal: 127.0.0.1 - - [07/Dec/2024 17:44:59] "[36mGET /static/img/logo.png HTTP/1.1[0m" 304 -]
[2024-12-07 17:44:59,245: INFO: _internal: 127.0.0.1 - - [07/Dec/2024 17:44:59] "[36mGET /static/img/technologyimage.png HTTP/1.1[0m" 304 -]
[2024-12-07 17:44:59,249: INFO: _internal: 127.0.0.1 - - [07/Dec/2024 17:44:59] "[36mGET /static/img/research1.png HTTP/1.1[0m" 304 -]
[2024-12-07 17:44:59,257: INFO: _internal: 127.0.0.1 - - [07/Dec/2024 17:44:59] "[36mGET /static/img/footer_logo.png HTTP/1.1[0m" 304 -]
[2024-12-07 17:44:59,274: INFO: _internal: 127.0.0.1 - - [07/Dec/2024 17:44:59] "[36mGET /static/js/vendor/modernizr-3.5.0.min.js HTTP/1.1[0m" 304 -]
[2024-12-07 17:44:59,277: INFO: _internal: 127.0.0.1 - - [07/Dec/2024 17:44:59] "[36mGET /static/js/vendor/jquery-1.12.4.min.js HTTP/1.1[0m" 304 -]
[2024-12-07 17:44:59,284: INFO: _internal: 127.0.0.1 - - [07/Dec/2024 17:44:59] "[36mGET /static/js/popper.min.js HTTP/1.1[0m" 304 -]
[2024-12-07 17:44:59,295: INFO: _internal: 127.0.0.1 - - [07/Dec/2024 17:44:59] "[36mGET /static/js/bootstrap.min.js HTTP/1.1[0m" 304 -]
[2024-12-07 17:44:59,300: INFO: _internal: 127.0.0.1 - - [07/Dec/2024 17:44:59] "[36mGET /static/js/owl.carousel.min.js HTTP/1.1[0m" 304 -]
[2024-12-07 17:44:59,310: INFO: _internal: 127.0.0.1 - - [07/Dec/2024 17:44:59] "[36mGET /static/img/banner/banner2.png HTTP/1.1[0m" 304 -]
[2024-12-07 17:44:59,323: INFO: _internal: 127.0.0.1 - - [07/Dec/2024 17:44:59] "[36mGET /static/img/banner/banner.png HTTP/1.1[0m" 304 -]
[2024-12-07 17:44:59,331: INFO: _internal: 127.0.0.1 - - [07/Dec/2024 17:44:59] "[36mGET /static/js/ajax-form.js HTTP/1.1[0m" 304 -]
[2024-12-07 17:44:59,342: INFO: _internal: 127.0.0.1 - - [07/Dec/2024 17:44:59] "[36mGET /static/js/isotope.pkgd.min.js HTTP/1.1[0m" 304 -]
[2024-12-07 17:44:59,344: INFO: _internal: 127.0.0.1 - - [07/Dec/2024 17:44:59] "[36mGET /static/js/waypoints.min.js HTTP/1.1[0m" 304 -]
[2024-12-07 17:44:59,348: INFO: _internal: 127.0.0.1 - - [07/Dec/2024 17:44:59] "[36mGET /static/js/jquery.counterup.min.js HTTP/1.1[0m" 304 -]
[2024-12-07 17:44:59,366: INFO: _internal: 127.0.0.1 - - [07/Dec/2024 17:44:59] "[36mGET /static/js/imagesloaded.pkgd.min.js HTTP/1.1[0m" 304 -]
[2024-12-07 17:44:59,374: INFO: _internal: 127.0.0.1 - - [07/Dec/2024 17:44:59] "[36mGET /static/js/scrollIt.js HTTP/1.1[0m" 304 -]
[2024-12-07 17:44:59,376: INFO: _internal: 127.0.0.1 - - [07/Dec/2024 17:44:59] "[36mGET /static/js/jquery.scrollUp.min.js HTTP/1.1[0m" 304 -]
[2024-12-07 17:44:59,384: INFO: _internal: 127.0.0.1 - - [07/Dec/2024 17:44:59] "[36mGET /static/js/wow.min.js HTTP/1.1[0m" 304 -]
[2024-12-07 17:44:59,397: INFO: _internal: 127.0.0.1 - - [07/Dec/2024 17:44:59] "[36mGET /static/js/nice-select.min.js HTTP/1.1[0m" 304 -]
[2024-12-07 17:44:59,407: INFO: _internal: 127.0.0.1 - - [07/Dec/2024 17:44:59] "[36mGET /static/js/jquery.slicknav.min.js HTTP/1.1[0m" 304 -]
[2024-12-07 17:44:59,416: INFO: _internal: 127.0.0.1 - - [07/Dec/2024 17:44:59] "[36mGET /static/js/jquery.magnific-popup.min.js HTTP/1.1[0m" 304 -]
[2024-12-07 17:44:59,427: INFO: _internal: 127.0.0.1 - - [07/Dec/2024 17:44:59] "[36mGET /static/js/plugins.js HTTP/1.1[0m" 304 -]
[2024-12-07 17:44:59,439: INFO: _internal: 127.0.0.1 - - [07/Dec/2024 17:44:59] "[36mGET /static/js/gijgo.min.js HTTP/1.1[0m" 304 -]
[2024-12-07 17:44:59,441: INFO: _internal: 127.0.0.1 - - [07/Dec/2024 17:44:59] "[36mGET /static/js/contact.js HTTP/1.1[0m" 304 -]
[2024-12-07 17:44:59,446: INFO: _internal: 127.0.0.1 - - [07/Dec/2024 17:44:59] "[36mGET /static/js/jquery.ajaxchimp.min.js HTTP/1.1[0m" 304 -]
[2024-12-07 17:44:59,461: INFO: _internal: 127.0.0.1 - - [07/Dec/2024 17:44:59] "[36mGET /static/js/jquery.validate.min.js HTTP/1.1[0m" 304 -]
[2024-12-07 17:44:59,470: INFO: _internal: 127.0.0.1 - - [07/Dec/2024 17:44:59] "[36mGET /static/js/mail-script.js HTTP/1.1[0m" 304 -]
[2024-12-07 17:44:59,476: INFO: _internal: 127.0.0.1 - - [07/Dec/2024 17:44:59] "[36mGET /static/js/jquery.form.js HTTP/1.1[0m" 304 -]
[2024-12-07 17:44:59,479: INFO: _internal: 127.0.0.1 - - [07/Dec/2024 17:44:59] "[36mGET /static/js/main.js HTTP/1.1[0m" 304 -]
[2024-12-07 17:45:29,646: INFO: _internal: 127.0.0.1 - - [07/Dec/2024 17:45:29] "GET / HTTP/1.1" 200 -]
[2024-12-07 17:45:29,765: INFO: _internal: 127.0.0.1 - - [07/Dec/2024 17:45:29] "[36mGET /static/css/bootstrap.min.css HTTP/1.1[0m" 304 -]
[2024-12-07 17:45:29,767: INFO: _internal: 127.0.0.1 - - [07/Dec/2024 17:45:29] "[36mGET /static/css/owl.carousel.min.css HTTP/1.1[0m" 304 -]
[2024-12-07 17:45:29,772: INFO: _internal: 127.0.0.1 - - [07/Dec/2024 17:45:29] "[36mGET /static/css/magnific-popup.css HTTP/1.1[0m" 304 -]
[2024-12-07 17:45:29,776: INFO: _internal: 127.0.0.1 - - [07/Dec/2024 17:45:29] "[36mGET /static/css/font-awesome.min.css HTTP/1.1[0m" 304 -]
[2024-12-07 17:45:29,782: INFO: _internal: 127.0.0.1 - - [07/Dec/2024 17:45:29] "[36mGET /static/css/themify-icons.css HTTP/1.1[0m" 304 -]
[2024-12-07 17:45:29,788: INFO: _internal: 127.0.0.1 - - [07/Dec/2024 17:45:29] "[36mGET /static/css/nice-select.css HTTP/1.1[0m" 304 -]
[2024-12-07 17:45:29,791: INFO: _internal: 127.0.0.1 - - [07/Dec/2024 17:45:29] "[36mGET /static/css/flaticon.css HTTP/1.1[0m" 304 -]
[2024-12-07 17:45:29,799: INFO: _internal: 127.0.0.1 - - [07/Dec/2024 17:45:29] "[36mGET /static/css/gijgo.css HTTP/1.1[0m" 304 -]
[2024-12-07 17:45:29,802: INFO: _internal: 127.0.0.1 - - [07/Dec/2024 17:45:29] "[36mGET /static/css/animate.css HTTP/1.1[0m" 304 -]
[2024-12-07 17:45:29,806: INFO: _internal: 127.0.0.1 - - [07/Dec/2024 17:45:29] "[36mGET /static/css/slicknav.css HTTP/1.1[0m" 304 -]
[2024-12-07 17:45:29,808: INFO: _internal: 127.0.0.1 - - [07/Dec/2024 17:45:29] "[36mGET /static/css/style.css HTTP/1.1[0m" 304 -]
[2024-12-07 17:45:29,824: INFO: _internal: 127.0.0.1 - - [07/Dec/2024 17:45:29] "[36mGET /static/img/logo.png HTTP/1.1[0m" 304 -]
[2024-12-07 17:45:29,830: INFO: _internal: 127.0.0.1 - - [07/Dec/2024 17:45:29] "[36mGET /static/img/technologyimage.png HTTP/1.1[0m" 304 -]
[2024-12-07 17:45:29,831: INFO: _internal: 127.0.0.1 - - [07/Dec/2024 17:45:29] "[36mGET /static/img/research1.png HTTP/1.1[0m" 304 -]
[2024-12-07 17:45:29,838: INFO: _internal: 127.0.0.1 - - [07/Dec/2024 17:45:29] "[36mGET /static/img/footer_logo.png HTTP/1.1[0m" 304 -]
[2024-12-07 17:45:29,839: INFO: _internal: 127.0.0.1 - - [07/Dec/2024 17:45:29] "[36mGET /static/js/vendor/modernizr-3.5.0.min.js HTTP/1.1[0m" 304 -]
[2024-12-07 17:45:29,850: INFO: _internal: 127.0.0.1 - - [07/Dec/2024 17:45:29] "[36mGET /static/js/vendor/jquery-1.12.4.min.js HTTP/1.1[0m" 304 -]
[2024-12-07 17:45:29,854: INFO: _internal: 127.0.0.1 - - [07/Dec/2024 17:45:29] "[36mGET /static/js/popper.min.js HTTP/1.1[0m" 304 -]
[2024-12-07 17:45:29,857: INFO: _internal: 127.0.0.1 - - [07/Dec/2024 17:45:29] "[36mGET /static/js/bootstrap.min.js HTTP/1.1[0m" 304 -]
[2024-12-07 17:45:29,861: INFO: _internal: 127.0.0.1 - - [07/Dec/2024 17:45:29] "[36mGET /static/img/banner/banner2.png HTTP/1.1[0m" 304 -]
[2024-12-07 17:45:29,864: INFO: _internal: 127.0.0.1 - - [07/Dec/2024 17:45:29] "[36mGET /static/js/owl.carousel.min.js HTTP/1.1[0m" 304 -]
[2024-12-07 17:45:29,872: INFO: _internal: 127.0.0.1 - - [07/Dec/2024 17:45:29] "[36mGET /static/js/isotope.pkgd.min.js HTTP/1.1[0m" 304 -]
[2024-12-07 17:45:29,873: INFO: _internal: 127.0.0.1 - - [07/Dec/2024 17:45:29] "[36mGET /static/js/ajax-form.js HTTP/1.1[0m" 304 -]
[2024-12-07 17:45:29,875: INFO: _internal: 127.0.0.1 - - [07/Dec/2024 17:45:29] "[36mGET /static/js/waypoints.min.js HTTP/1.1[0m" 304 -]
[2024-12-07 17:45:29,878: INFO: _internal: 127.0.0.1 - - [07/Dec/2024 17:45:29] "[36mGET /static/js/jquery.counterup.min.js HTTP/1.1[0m" 304 -]
[2024-12-07 17:45:29,892: INFO: _internal: 127.0.0.1 - - [07/Dec/2024 17:45:29] "[36mGET /static/js/imagesloaded.pkgd.min.js HTTP/1.1[0m" 304 -]
[2024-12-07 17:45:29,892: INFO: _internal: 127.0.0.1 - - [07/Dec/2024 17:45:29] "[36mGET /static/js/scrollIt.js HTTP/1.1[0m" 304 -]
[2024-12-07 17:45:29,895: INFO: _internal: 127.0.0.1 - - [07/Dec/2024 17:45:29] "[36mGET /static/js/jquery.scrollUp.min.js HTTP/1.1[0m" 304 -]
[2024-12-07 17:45:29,897: INFO: _internal: 127.0.0.1 - - [07/Dec/2024 17:45:29] "[36mGET /static/js/wow.min.js HTTP/1.1[0m" 304 -]
[2024-12-07 17:45:29,905: INFO: _internal: 127.0.0.1 - - [07/Dec/2024 17:45:29] "[36mGET /static/js/nice-select.min.js HTTP/1.1[0m" 304 -]
[2024-12-07 17:45:29,912: INFO: _internal: 127.0.0.1 - - [07/Dec/2024 17:45:29] "[36mGET /static/js/jquery.slicknav.min.js HTTP/1.1[0m" 304 -]
[2024-12-07 17:45:29,916: INFO: _internal: 127.0.0.1 - - [07/Dec/2024 17:45:29] "[36mGET /static/js/jquery.magnific-popup.min.js HTTP/1.1[0m" 304 -]
[2024-12-07 17:45:29,925: INFO: _internal: 127.0.0.1 - - [07/Dec/2024 17:45:29] "[36mGET /static/js/plugins.js HTTP/1.1[0m" 304 -]
[2024-12-07 17:45:29,927: INFO: _internal: 127.0.0.1 - - [07/Dec/2024 17:45:29] "[36mGET /static/js/gijgo.min.js HTTP/1.1[0m" 304 -]
[2024-12-07 17:45:29,932: INFO: _internal: 127.0.0.1 - - [07/Dec/2024 17:45:29] "[36mGET /static/js/contact.js HTTP/1.1[0m" 304 -]
[2024-12-07 17:45:29,940: INFO: _internal: 127.0.0.1 - - [07/Dec/2024 17:45:29] "[36mGET /static/js/jquery.ajaxchimp.min.js HTTP/1.1[0m" 304 -]
[2024-12-07 17:45:29,944: INFO: _internal: 127.0.0.1 - - [07/Dec/2024 17:45:29] "[36mGET /static/js/jquery.form.js HTTP/1.1[0m" 304 -]
[2024-12-07 17:45:29,946: INFO: _internal: 127.0.0.1 - - [07/Dec/2024 17:45:29] "[36mGET /static/js/jquery.validate.min.js HTTP/1.1[0m" 304 -]
[2024-12-07 17:45:29,949: INFO: _internal: 127.0.0.1 - - [07/Dec/2024 17:45:29] "[36mGET /static/js/mail-script.js HTTP/1.1[0m" 304 -]
[2024-12-07 17:45:29,953: INFO: _internal: 127.0.0.1 - - [07/Dec/2024 17:45:29] "[36mGET /static/js/main.js HTTP/1.1[0m" 304 -]
[2024-12-07 17:45:29,960: INFO: _internal: 127.0.0.1 - - [07/Dec/2024 17:45:29] "[36mGET /static/img/banner/banner.png HTTP/1.1[0m" 304 -]
[2024-12-07 17:45:30,050: INFO: _internal: 127.0.0.1 - - [07/Dec/2024 17:45:30] "[36mGET /static/img/favicon.png HTTP/1.1[0m" 304 -]
[2024-12-07 17:46:19,113: INFO: _internal: 127.0.0.1 - - [07/Dec/2024 17:46:19] "GET / HTTP/1.1" 200 -]
[2024-12-07 17:46:19,304: INFO: _internal: 127.0.0.1 - - [07/Dec/2024 17:46:19] "[36mGET /static/css/bootstrap.min.css HTTP/1.1[0m" 304 -]
[2024-12-07 17:46:19,317: INFO: _internal: 127.0.0.1 - - [07/Dec/2024 17:46:19] "[36mGET /static/css/owl.carousel.min.css HTTP/1.1[0m" 304 -]
[2024-12-07 17:46:19,322: INFO: _internal: 127.0.0.1 - - [07/Dec/2024 17:46:19] "[36mGET /static/css/magnific-popup.css HTTP/1.1[0m" 304 -]
[2024-12-07 17:46:19,325: INFO: _internal: 127.0.0.1 - - [07/Dec/2024 17:46:19] "[36mGET /static/css/font-awesome.min.css HTTP/1.1[0m" 304 -]
[2024-12-07 17:46:19,327: INFO: _internal: 127.0.0.1 - - [07/Dec/2024 17:46:19] "[36mGET /static/css/themify-icons.css HTTP/1.1[0m" 304 -]
[2024-12-07 17:46:19,332: INFO: _internal: 127.0.0.1 - - [07/Dec/2024 17:46:19] "[36mGET /static/css/nice-select.css HTTP/1.1[0m" 304 -]
[2024-12-07 17:46:19,334: INFO: _internal: 127.0.0.1 - - [07/Dec/2024 17:46:19] "[36mGET /static/css/flaticon.css HTTP/1.1[0m" 304 -]
[2024-12-07 17:46:19,338: INFO: _internal: 127.0.0.1 - - [07/Dec/2024 17:46:19] "[36mGET /static/css/gijgo.css HTTP/1.1[0m" 304 -]
[2024-12-07 17:46:19,343: INFO: _internal: 127.0.0.1 - - [07/Dec/2024 17:46:19] "[36mGET /static/css/animate.css HTTP/1.1[0m" 304 -]
[2024-12-07 17:46:19,352: INFO: _internal: 127.0.0.1 - - [07/Dec/2024 17:46:19] "[36mGET /static/css/slicknav.css HTTP/1.1[0m" 304 -]
[2024-12-07 17:46:19,354: INFO: _internal: 127.0.0.1 - - [07/Dec/2024 17:46:19] "[36mGET /static/css/style.css HTTP/1.1[0m" 304 -]
[2024-12-07 17:46:19,360: INFO: _internal: 127.0.0.1 - - [07/Dec/2024 17:46:19] "[36mGET /static/img/logo.png HTTP/1.1[0m" 304 -]
[2024-12-07 17:46:19,361: INFO: _internal: 127.0.0.1 - - [07/Dec/2024 17:46:19] "[36mGET /static/img/technologyimage.png HTTP/1.1[0m" 304 -]
[2024-12-07 17:46:19,365: INFO: _internal: 127.0.0.1 - - [07/Dec/2024 17:46:19] "[36mGET /static/img/research1.png HTTP/1.1[0m" 304 -]
[2024-12-07 17:46:19,370: INFO: _internal: 127.0.0.1 - - [07/Dec/2024 17:46:19] "[36mGET /static/img/footer_logo.png HTTP/1.1[0m" 304 -]
[2024-12-07 17:46:19,373: INFO: _internal: 127.0.0.1 - - [07/Dec/2024 17:46:19] "[36mGET /static/js/vendor/modernizr-3.5.0.min.js HTTP/1.1[0m" 304 -]
[2024-12-07 17:46:19,377: INFO: _internal: 127.0.0.1 - - [07/Dec/2024 17:46:19] "[36mGET /static/js/vendor/jquery-1.12.4.min.js HTTP/1.1[0m" 304 -]
[2024-12-07 17:46:19,378: INFO: _internal: 127.0.0.1 - - [07/Dec/2024 17:46:19] "[36mGET /static/js/popper.min.js HTTP/1.1[0m" 304 -]
[2024-12-07 17:46:19,381: INFO: _internal: 127.0.0.1 - - [07/Dec/2024 17:46:19] "[36mGET /static/js/bootstrap.min.js HTTP/1.1[0m" 304 -]
[2024-12-07 17:46:19,385: INFO: _internal: 127.0.0.1 - - [07/Dec/2024 17:46:19] "[36mGET /static/js/owl.carousel.min.js HTTP/1.1[0m" 304 -]
[2024-12-07 17:46:19,388: INFO: _internal: 127.0.0.1 - - [07/Dec/2024 17:46:19] "[36mGET /static/js/isotope.pkgd.min.js HTTP/1.1[0m" 304 -]
[2024-12-07 17:46:19,395: INFO: _internal: 127.0.0.1 - - [07/Dec/2024 17:46:19] "[36mGET /static/js/ajax-form.js HTTP/1.1[0m" 304 -]
[2024-12-07 17:46:19,396: INFO: _internal: 127.0.0.1 - - [07/Dec/2024 17:46:19] "[36mGET /static/js/waypoints.min.js HTTP/1.1[0m" 304 -]
[2024-12-07 17:46:19,399: INFO: _internal: 127.0.0.1 - - [07/Dec/2024 17:46:19] "[36mGET /static/img/banner/banner2.png HTTP/1.1[0m" 304 -]
[2024-12-07 17:46:19,402: INFO: _internal: 127.0.0.1 - - [07/Dec/2024 17:46:19] "[36mGET /static/img/banner/banner.png HTTP/1.1[0m" 304 -]
[2024-12-07 17:46:19,411: INFO: _internal: 127.0.0.1 - - [07/Dec/2024 17:46:19] "[36mGET /static/js/jquery.counterup.min.js HTTP/1.1[0m" 304 -]
[2024-12-07 17:46:19,414: INFO: _internal: 127.0.0.1 - - [07/Dec/2024 17:46:19] "[36mGET /static/js/imagesloaded.pkgd.min.js HTTP/1.1[0m" 304 -]
[2024-12-07 17:46:19,417: INFO: _internal: 127.0.0.1 - - [07/Dec/2024 17:46:19] "[36mGET /static/js/scrollIt.js HTTP/1.1[0m" 304 -]
[2024-12-07 17:46:19,420: INFO: _internal: 127.0.0.1 - - [07/Dec/2024 17:46:19] "[36mGET /static/js/jquery.scrollUp.min.js HTTP/1.1[0m" 304 -]
[2024-12-07 17:46:19,427: INFO: _internal: 127.0.0.1 - - [07/Dec/2024 17:46:19] "[36mGET /static/js/wow.min.js HTTP/1.1[0m" 304 -]
[2024-12-07 17:46:19,429: INFO: _internal: 127.0.0.1 - - [07/Dec/2024 17:46:19] "[36mGET /static/js/nice-select.min.js HTTP/1.1[0m" 304 -]
[2024-12-07 17:46:19,432: INFO: _internal: 127.0.0.1 - - [07/Dec/2024 17:46:19] "[36mGET /static/js/jquery.slicknav.min.js HTTP/1.1[0m" 304 -]
[2024-12-07 17:46:19,438: INFO: _internal: 127.0.0.1 - - [07/Dec/2024 17:46:19] "[36mGET /static/js/jquery.magnific-popup.min.js HTTP/1.1[0m" 304 -]
[2024-12-07 17:46:19,439: INFO: _internal: 127.0.0.1 - - [07/Dec/2024 17:46:19] "[36mGET /static/js/plugins.js HTTP/1.1[0m" 304 -]
[2024-12-07 17:46:19,443: INFO: _internal: 127.0.0.1 - - [07/Dec/2024 17:46:19] "[36mGET /static/js/gijgo.min.js HTTP/1.1[0m" 304 -]
[2024-12-07 17:46:19,446: INFO: _internal: 127.0.0.1 - - [07/Dec/2024 17:46:19] "[36mGET /static/js/contact.js HTTP/1.1[0m" 304 -]
[2024-12-07 17:46:19,449: INFO: _internal: 127.0.0.1 - - [07/Dec/2024 17:46:19] "[36mGET /static/js/jquery.ajaxchimp.min.js HTTP/1.1[0m" 304 -]
[2024-12-07 17:46:19,452: INFO: _internal: 127.0.0.1 - - [07/Dec/2024 17:46:19] "[36mGET /static/js/jquery.form.js HTTP/1.1[0m" 304 -]
[2024-12-07 17:46:19,461: INFO: _internal: 127.0.0.1 - - [07/Dec/2024 17:46:19] "[36mGET /static/js/jquery.validate.min.js HTTP/1.1[0m" 304 -]
[2024-12-07 17:46:19,462: INFO: _internal: 127.0.0.1 - - [07/Dec/2024 17:46:19] "[36mGET /static/js/mail-script.js HTTP/1.1[0m" 304 -]
[2024-12-07 17:46:19,463: INFO: _internal: 127.0.0.1 - - [07/Dec/2024 17:46:19] "[36mGET /static/js/main.js HTTP/1.1[0m" 304 -]
[2024-12-07 17:46:19,599: INFO: _internal: 127.0.0.1 - - [07/Dec/2024 17:46:19] "[36mGET /static/img/favicon.png HTTP/1.1[0m" 304 -]
[2024-12-07 17:46:35,127: INFO: _internal: 127.0.0.1 - - [07/Dec/2024 17:46:35] "GET / HTTP/1.1" 200 -]
[2024-12-07 17:46:35,547: INFO: _internal: 127.0.0.1 - - [07/Dec/2024 17:46:35] "[36mGET /static/css/bootstrap.min.css HTTP/1.1[0m" 304 -]
[2024-12-07 17:46:35,552: INFO: _internal: 127.0.0.1 - - [07/Dec/2024 17:46:35] "[36mGET /static/css/owl.carousel.min.css HTTP/1.1[0m" 304 -]
[2024-12-07 17:46:35,556: INFO: _internal: 127.0.0.1 - - [07/Dec/2024 17:46:35] "[36mGET /static/css/magnific-popup.css HTTP/1.1[0m" 304 -]
[2024-12-07 17:46:35,560: INFO: _internal: 127.0.0.1 - - [07/Dec/2024 17:46:35] "[36mGET /static/css/font-awesome.min.css HTTP/1.1[0m" 304 -]
[2024-12-07 17:46:35,565: INFO: _internal: 127.0.0.1 - - [07/Dec/2024 17:46:35] "[36mGET /static/css/themify-icons.css HTTP/1.1[0m" 304 -]
[2024-12-07 17:46:35,566: INFO: _internal: 127.0.0.1 - - [07/Dec/2024 17:46:35] "[36mGET /static/css/nice-select.css HTTP/1.1[0m" 304 -]
[2024-12-07 17:46:35,568: INFO: _internal: 127.0.0.1 - - [07/Dec/2024 17:46:35] "[36mGET /static/css/flaticon.css HTTP/1.1[0m" 304 -]
[2024-12-07 17:46:35,575: INFO: _internal: 127.0.0.1 - - [07/Dec/2024 17:46:35] "[36mGET /static/css/gijgo.css HTTP/1.1[0m" 304 -]
[2024-12-07 17:46:35,577: INFO: _internal: 127.0.0.1 - - [07/Dec/2024 17:46:35] "[36mGET /static/css/animate.css HTTP/1.1[0m" 304 -]
[2024-12-07 17:46:35,580: INFO: _internal: 127.0.0.1 - - [07/Dec/2024 17:46:35] "[36mGET /static/css/slicknav.css HTTP/1.1[0m" 304 -]
[2024-12-07 17:46:35,582: INFO: _internal: 127.0.0.1 - - [07/Dec/2024 17:46:35] "[36mGET /static/css/style.css HTTP/1.1[0m" 304 -]
[2024-12-07 17:46:35,597: INFO: _internal: 127.0.0.1 - - [07/Dec/2024 17:46:35] "[36mGET /static/img/logo.png HTTP/1.1[0m" 304 -]
[2024-12-07 17:46:35,600: INFO: _internal: 127.0.0.1 - - [07/Dec/2024 17:46:35] "[36mGET /static/img/technologyimage.png HTTP/1.1[0m" 304 -]
[2024-12-07 17:46:35,606: INFO: _internal: 127.0.0.1 - - [07/Dec/2024 17:46:35] "[36mGET /static/img/research1.png HTTP/1.1[0m" 304 -]
[2024-12-07 17:46:35,610: INFO: _internal: 127.0.0.1 - - [07/Dec/2024 17:46:35] "[36mGET /static/img/footer_logo.png HTTP/1.1[0m" 304 -]
[2024-12-07 17:46:35,610: INFO: _internal: 127.0.0.1 - - [07/Dec/2024 17:46:35] "[36mGET /static/js/vendor/modernizr-3.5.0.min.js HTTP/1.1[0m" 304 -]
[2024-12-07 17:46:35,613: INFO: _internal: 127.0.0.1 - - [07/Dec/2024 17:46:35] "[36mGET /static/js/vendor/jquery-1.12.4.min.js HTTP/1.1[0m" 304 -]
[2024-12-07 17:46:35,620: INFO: _internal: 127.0.0.1 - - [07/Dec/2024 17:46:35] "[36mGET /static/js/popper.min.js HTTP/1.1[0m" 304 -]
[2024-12-07 17:46:35,625: INFO: _internal: 127.0.0.1 - - [07/Dec/2024 17:46:35] "[36mGET /static/js/bootstrap.min.js HTTP/1.1[0m" 304 -]
[2024-12-07 17:46:35,627: INFO: _internal: 127.0.0.1 - - [07/Dec/2024 17:46:35] "[36mGET /static/img/banner/banner2.png HTTP/1.1[0m" 304 -]
[2024-12-07 17:46:35,633: INFO: _internal: 127.0.0.1 - - [07/Dec/2024 17:46:35] "[36mGET /static/js/owl.carousel.min.js HTTP/1.1[0m" 304 -]
[2024-12-07 17:46:35,637: INFO: _internal: 127.0.0.1 - - [07/Dec/2024 17:46:35] "[36mGET /static/js/isotope.pkgd.min.js HTTP/1.1[0m" 304 -]
[2024-12-07 17:46:35,641: INFO: _internal: 127.0.0.1 - - [07/Dec/2024 17:46:35] "[36mGET /static/js/ajax-form.js HTTP/1.1[0m" 304 -]
[2024-12-07 17:46:35,644: INFO: _internal: 127.0.0.1 - - [07/Dec/2024 17:46:35] "[36mGET /static/js/waypoints.min.js HTTP/1.1[0m" 304 -]
[2024-12-07 17:46:35,648: INFO: _internal: 127.0.0.1 - - [07/Dec/2024 17:46:35] "[36mGET /static/js/jquery.counterup.min.js HTTP/1.1[0m" 304 -]
[2024-12-07 17:46:35,653: INFO: _internal: 127.0.0.1 - - [07/Dec/2024 17:46:35] "[36mGET /static/js/imagesloaded.pkgd.min.js HTTP/1.1[0m" 304 -]
[2024-12-07 17:46:35,659: INFO: _internal: 127.0.0.1 - - [07/Dec/2024 17:46:35] "[36mGET /static/js/scrollIt.js HTTP/1.1[0m" 304 -]
[2024-12-07 17:46:35,664: INFO: _internal: 127.0.0.1 - - [07/Dec/2024 17:46:35] "[36mGET /static/js/jquery.scrollUp.min.js HTTP/1.1[0m" 304 -]
[2024-12-07 17:46:35,671: INFO: _internal: 127.0.0.1 - - [07/Dec/2024 17:46:35] "[36mGET /static/js/nice-select.min.js HTTP/1.1[0m" 304 -]
[2024-12-07 17:46:35,674: INFO: _internal: 127.0.0.1 - - [07/Dec/2024 17:46:35] "[36mGET /static/js/wow.min.js HTTP/1.1[0m" 304 -]
[2024-12-07 17:46:35,677: INFO: _internal: 127.0.0.1 - - [07/Dec/2024 17:46:35] "[36mGET /static/js/jquery.slicknav.min.js HTTP/1.1[0m" 304 -]
[2024-12-07 17:46:35,678: INFO: _internal: 127.0.0.1 - - [07/Dec/2024 17:46:35] "[36mGET /static/js/jquery.magnific-popup.min.js HTTP/1.1[0m" 304 -]
[2024-12-07 17:46:35,680: INFO: _internal: 127.0.0.1 - - [07/Dec/2024 17:46:35] "[36mGET /static/js/plugins.js HTTP/1.1[0m" 304 -]
[2024-12-07 17:46:35,684: INFO: _internal: 127.0.0.1 - - [07/Dec/2024 17:46:35] "[36mGET /static/js/gijgo.min.js HTTP/1.1[0m" 304 -]
[2024-12-07 17:46:35,692: INFO: _internal: 127.0.0.1 - - [07/Dec/2024 17:46:35] "[36mGET /static/js/contact.js HTTP/1.1[0m" 304 -]
[2024-12-07 17:46:35,700: INFO: _internal: 127.0.0.1 - - [07/Dec/2024 17:46:35] "[36mGET /static/js/jquery.ajaxchimp.min.js HTTP/1.1[0m" 304 -]
[2024-12-07 17:46:35,704: INFO: _internal: 127.0.0.1 - - [07/Dec/2024 17:46:35] "[36mGET /static/js/jquery.form.js HTTP/1.1[0m" 304 -]
[2024-12-07 17:46:35,706: INFO: _internal: 127.0.0.1 - - [07/Dec/2024 17:46:35] "[36mGET /static/js/jquery.validate.min.js HTTP/1.1[0m" 304 -]
[2024-12-07 17:46:35,708: INFO: _internal: 127.0.0.1 - - [07/Dec/2024 17:46:35] "[36mGET /static/js/mail-script.js HTTP/1.1[0m" 304 -]
[2024-12-07 17:46:35,711: INFO: _internal: 127.0.0.1 - - [07/Dec/2024 17:46:35] "[36mGET /static/js/main.js HTTP/1.1[0m" 304 -]
[2024-12-07 17:46:35,714: INFO: _internal: 127.0.0.1 - - [07/Dec/2024 17:46:35] "[36mGET /static/img/banner/banner.png HTTP/1.1[0m" 304 -]
[2024-12-07 17:46:35,770: INFO: _internal: 127.0.0.1 - - [07/Dec/2024 17:46:35] "[36mGET /static/img/favicon.png HTTP/1.1[0m" 304 -]
[2024-12-07 17:49:08,890: INFO: _internal: 127.0.0.1 - - [07/Dec/2024 17:49:08] "GET / HTTP/1.1" 200 -]
[2024-12-07 17:49:09,102: INFO: _internal: 127.0.0.1 - - [07/Dec/2024 17:49:09] "[36mGET /static/css/bootstrap.min.css HTTP/1.1[0m" 304 -]
[2024-12-07 17:49:09,106: INFO: _internal: 127.0.0.1 - - [07/Dec/2024 17:49:09] "[36mGET /static/css/owl.carousel.min.css HTTP/1.1[0m" 304 -]
[2024-12-07 17:49:09,110: INFO: _internal: 127.0.0.1 - - [07/Dec/2024 17:49:09] "[36mGET /static/css/magnific-popup.css HTTP/1.1[0m" 304 -]
[2024-12-07 17:49:09,113: INFO: _internal: 127.0.0.1 - - [07/Dec/2024 17:49:09] "[36mGET /static/css/font-awesome.min.css HTTP/1.1[0m" 304 -]
[2024-12-07 17:49:09,120: INFO: _internal: 127.0.0.1 - - [07/Dec/2024 17:49:09] "[36mGET /static/css/themify-icons.css HTTP/1.1[0m" 304 -]
[2024-12-07 17:49:09,127: INFO: _internal: 127.0.0.1 - - [07/Dec/2024 17:49:09] "[36mGET /static/css/nice-select.css HTTP/1.1[0m" 304 -]
[2024-12-07 17:49:09,130: INFO: _internal: 127.0.0.1 - - [07/Dec/2024 17:49:09] "[36mGET /static/css/flaticon.css HTTP/1.1[0m" 304 -]
[2024-12-07 17:49:09,134: INFO: _internal: 127.0.0.1 - - [07/Dec/2024 17:49:09] "[36mGET /static/css/gijgo.css HTTP/1.1[0m" 304 -]
[2024-12-07 17:49:09,137: INFO: _internal: 127.0.0.1 - - [07/Dec/2024 17:49:09] "[36mGET /static/css/animate.css HTTP/1.1[0m" 304 -]
[2024-12-07 17:49:09,142: INFO: _internal: 127.0.0.1 - - [07/Dec/2024 17:49:09] "[36mGET /static/css/style.css HTTP/1.1[0m" 304 -]
[2024-12-07 17:49:09,142: INFO: _internal: 127.0.0.1 - - [07/Dec/2024 17:49:09] "[36mGET /static/css/slicknav.css HTTP/1.1[0m" 304 -]
[2024-12-07 17:49:09,157: INFO: _internal: 127.0.0.1 - - [07/Dec/2024 17:49:09] "[36mGET /static/img/logo.png HTTP/1.1[0m" 304 -]
[2024-12-07 17:49:09,159: INFO: _internal: 127.0.0.1 - - [07/Dec/2024 17:49:09] "[36mGET /static/img/technologyimage.png HTTP/1.1[0m" 304 -]
[2024-12-07 17:49:09,163: INFO: _internal: 127.0.0.1 - - [07/Dec/2024 17:49:09] "[36mGET /static/img/research1.png HTTP/1.1[0m" 304 -]
[2024-12-07 17:49:09,168: INFO: _internal: 127.0.0.1 - - [07/Dec/2024 17:49:09] "[36mGET /static/img/footer_logo.png HTTP/1.1[0m" 304 -]
[2024-12-07 17:49:09,170: INFO: _internal: 127.0.0.1 - - [07/Dec/2024 17:49:09] "[36mGET /static/js/vendor/modernizr-3.5.0.min.js HTTP/1.1[0m" 304 -]
[2024-12-07 17:49:09,173: INFO: _internal: 127.0.0.1 - - [07/Dec/2024 17:49:09] "[36mGET /static/js/vendor/jquery-1.12.4.min.js HTTP/1.1[0m" 304 -]
[2024-12-07 17:49:09,178: INFO: _internal: 127.0.0.1 - - [07/Dec/2024 17:49:09] "[36mGET /static/js/popper.min.js HTTP/1.1[0m" 304 -]
[2024-12-07 17:49:09,182: INFO: _internal: 127.0.0.1 - - [07/Dec/2024 17:49:09] "[36mGET /static/js/bootstrap.min.js HTTP/1.1[0m" 304 -]
[2024-12-07 17:49:09,184: INFO: _internal: 127.0.0.1 - - [07/Dec/2024 17:49:09] "[36mGET /static/js/owl.carousel.min.js HTTP/1.1[0m" 304 -]
[2024-12-07 17:49:09,190: INFO: _internal: 127.0.0.1 - - [07/Dec/2024 17:49:09] "[36mGET /static/js/isotope.pkgd.min.js HTTP/1.1[0m" 304 -]
[2024-12-07 17:49:09,194: INFO: _internal: 127.0.0.1 - - [07/Dec/2024 17:49:09] "[36mGET /static/js/ajax-form.js HTTP/1.1[0m" 304 -]
[2024-12-07 17:49:09,197: INFO: _internal: 127.0.0.1 - - [07/Dec/2024 17:49:09] "[36mGET /static/img/banner/banner2.png HTTP/1.1[0m" 304 -]
[2024-12-07 17:49:09,199: INFO: _internal: 127.0.0.1 - - [07/Dec/2024 17:49:09] "[36mGET /static/img/banner/banner.png HTTP/1.1[0m" 304 -]
[2024-12-07 17:49:09,204: INFO: _internal: 127.0.0.1 - - [07/Dec/2024 17:49:09] "[36mGET /static/js/waypoints.min.js HTTP/1.1[0m" 304 -]
[2024-12-07 17:49:09,206: INFO: _internal: 127.0.0.1 - - [07/Dec/2024 17:49:09] "[36mGET /static/js/jquery.counterup.min.js HTTP/1.1[0m" 304 -]
[2024-12-07 17:49:09,209: INFO: _internal: 127.0.0.1 - - [07/Dec/2024 17:49:09] "[36mGET /static/js/imagesloaded.pkgd.min.js HTTP/1.1[0m" 304 -]
[2024-12-07 17:49:09,214: INFO: _internal: 127.0.0.1 - - [07/Dec/2024 17:49:09] "[36mGET /static/js/scrollIt.js HTTP/1.1[0m" 304 -]
[2024-12-07 17:49:09,219: INFO: _internal: 127.0.0.1 - - [07/Dec/2024 17:49:09] "[36mGET /static/js/jquery.scrollUp.min.js HTTP/1.1[0m" 304 -]
[2024-12-07 17:49:09,222: INFO: _internal: 127.0.0.1 - - [07/Dec/2024 17:49:09] "[36mGET /static/js/wow.min.js HTTP/1.1[0m" 304 -]
[2024-12-07 17:49:09,224: INFO: _internal: 127.0.0.1 - - [07/Dec/2024 17:49:09] "[36mGET /static/js/nice-select.min.js HTTP/1.1[0m" 304 -]
[2024-12-07 17:49:09,232: INFO: _internal: 127.0.0.1 - - [07/Dec/2024 17:49:09] "[36mGET /static/js/jquery.slicknav.min.js HTTP/1.1[0m" 304 -]
[2024-12-07 17:49:09,233: INFO: _internal: 127.0.0.1 - - [07/Dec/2024 17:49:09] "[36mGET /static/js/plugins.js HTTP/1.1[0m" 304 -]
[2024-12-07 17:49:09,235: INFO: _internal: 127.0.0.1 - - [07/Dec/2024 17:49:09] "[36mGET /static/js/jquery.magnific-popup.min.js HTTP/1.1[0m" 304 -]
[2024-12-07 17:49:09,242: INFO: _internal: 127.0.0.1 - - [07/Dec/2024 17:49:09] "[36mGET /static/js/gijgo.min.js HTTP/1.1[0m" 304 -]
[2024-12-07 17:49:09,246: INFO: _internal: 127.0.0.1 - - [07/Dec/2024 17:49:09] "[36mGET /static/js/contact.js HTTP/1.1[0m" 304 -]
[2024-12-07 17:49:09,249: INFO: _internal: 127.0.0.1 - - [07/Dec/2024 17:49:09] "[36mGET /static/js/jquery.ajaxchimp.min.js HTTP/1.1[0m" 304 -]
[2024-12-07 17:49:09,252: INFO: _internal: 127.0.0.1 - - [07/Dec/2024 17:49:09] "[36mGET /static/js/jquery.form.js HTTP/1.1[0m" 304 -]
[2024-12-07 17:49:09,254: INFO: _internal: 127.0.0.1 - - [07/Dec/2024 17:49:09] "[36mGET /static/js/jquery.validate.min.js HTTP/1.1[0m" 304 -]
[2024-12-07 17:49:09,265: INFO: _internal: 127.0.0.1 - - [07/Dec/2024 17:49:09] "[36mGET /static/js/mail-script.js HTTP/1.1[0m" 304 -]
[2024-12-07 17:49:09,266: INFO: _internal: 127.0.0.1 - - [07/Dec/2024 17:49:09] "[36mGET /static/js/main.js HTTP/1.1[0m" 304 -]
[2024-12-07 17:49:09,269: INFO: _internal: 127.0.0.1 - - [07/Dec/2024 17:49:09] "[36mGET /static/fonts/fontawesome-webfont.woff2?v=4.7.0 HTTP/1.1[0m" 304 -]
[2024-12-07 17:49:09,271: INFO: _internal: 127.0.0.1 - - [07/Dec/2024 17:49:09] "[36mGET /static/fonts/themify.woff?-fvbane HTTP/1.1[0m" 304 -]
[2024-12-07 17:49:09,384: INFO: _internal: 127.0.0.1 - - [07/Dec/2024 17:49:09] "[36mGET /static/img/favicon.png HTTP/1.1[0m" 304 -]
[2024-12-07 17:49:44,451: INFO: _internal: 127.0.0.1 - - [07/Dec/2024 17:49:44] "GET / HTTP/1.1" 200 -]
[2024-12-07 17:49:44,707: INFO: _internal: 127.0.0.1 - - [07/Dec/2024 17:49:44] "[36mGET /static/css/bootstrap.min.css HTTP/1.1[0m" 304 -]
[2024-12-07 17:49:44,711: INFO: _internal: 127.0.0.1 - - [07/Dec/2024 17:49:44] "[36mGET /static/css/magnific-popup.css HTTP/1.1[0m" 304 -]
[2024-12-07 17:49:44,712: INFO: _internal: 127.0.0.1 - - [07/Dec/2024 17:49:44] "[36mGET /static/css/owl.carousel.min.css HTTP/1.1[0m" 304 -]
[2024-12-07 17:49:44,716: INFO: _internal: 127.0.0.1 - - [07/Dec/2024 17:49:44] "[36mGET /static/css/font-awesome.min.css HTTP/1.1[0m" 304 -]
[2024-12-07 17:49:44,718: INFO: _internal: 127.0.0.1 - - [07/Dec/2024 17:49:44] "[36mGET /static/css/themify-icons.css HTTP/1.1[0m" 304 -]
[2024-12-07 17:49:44,723: INFO: _internal: 127.0.0.1 - - [07/Dec/2024 17:49:44] "[36mGET /static/css/nice-select.css HTTP/1.1[0m" 304 -]
[2024-12-07 17:49:44,725: INFO: _internal: 127.0.0.1 - - [07/Dec/2024 17:49:44] "[36mGET /static/css/flaticon.css HTTP/1.1[0m" 304 -]
[2024-12-07 17:49:44,727: INFO: _internal: 127.0.0.1 - - [07/Dec/2024 17:49:44] "[36mGET /static/css/gijgo.css HTTP/1.1[0m" 304 -]
[2024-12-07 17:49:44,730: INFO: _internal: 127.0.0.1 - - [07/Dec/2024 17:49:44] "[36mGET /static/css/animate.css HTTP/1.1[0m" 304 -]
[2024-12-07 17:49:44,734: INFO: _internal: 127.0.0.1 - - [07/Dec/2024 17:49:44] "[36mGET /static/css/slicknav.css HTTP/1.1[0m" 304 -]
[2024-12-07 17:49:44,735: INFO: _internal: 127.0.0.1 - - [07/Dec/2024 17:49:44] "[36mGET /static/css/style.css HTTP/1.1[0m" 304 -]
[2024-12-07 17:49:44,741: INFO: _internal: 127.0.0.1 - - [07/Dec/2024 17:49:44] "[36mGET /static/img/logo.png HTTP/1.1[0m" 304 -]
[2024-12-07 17:49:44,748: INFO: _internal: 127.0.0.1 - - [07/Dec/2024 17:49:44] "[36mGET /static/img/research1.png HTTP/1.1[0m" 304 -]
[2024-12-07 17:49:44,748: INFO: _internal: 127.0.0.1 - - [07/Dec/2024 17:49:44] "[36mGET /static/img/technologyimage.png HTTP/1.1[0m" 304 -]
[2024-12-07 17:49:44,750: INFO: _internal: 127.0.0.1 - - [07/Dec/2024 17:49:44] "[36mGET /static/img/footer_logo.png HTTP/1.1[0m" 304 -]
[2024-12-07 17:49:44,754: INFO: _internal: 127.0.0.1 - - [07/Dec/2024 17:49:44] "[36mGET /static/js/vendor/modernizr-3.5.0.min.js HTTP/1.1[0m" 304 -]
[2024-12-07 17:49:44,755: INFO: _internal: 127.0.0.1 - - [07/Dec/2024 17:49:44] "[36mGET /static/js/vendor/jquery-1.12.4.min.js HTTP/1.1[0m" 304 -]
[2024-12-07 17:49:44,762: INFO: _internal: 127.0.0.1 - - [07/Dec/2024 17:49:44] "[36mGET /static/js/popper.min.js HTTP/1.1[0m" 304 -]
[2024-12-07 17:49:44,767: INFO: _internal: 127.0.0.1 - - [07/Dec/2024 17:49:44] "[36mGET /static/js/bootstrap.min.js HTTP/1.1[0m" 304 -]
[2024-12-07 17:49:44,770: INFO: _internal: 127.0.0.1 - - [07/Dec/2024 17:49:44] "[36mGET /static/js/owl.carousel.min.js HTTP/1.1[0m" 304 -]
[2024-12-07 17:49:44,773: INFO: _internal: 127.0.0.1 - - [07/Dec/2024 17:49:44] "[36mGET /static/js/isotope.pkgd.min.js HTTP/1.1[0m" 304 -]
[2024-12-07 17:49:44,777: INFO: _internal: 127.0.0.1 - - [07/Dec/2024 17:49:44] "[36mGET /static/js/ajax-form.js HTTP/1.1[0m" 304 -]
[2024-12-07 17:49:44,780: INFO: _internal: 127.0.0.1 - - [07/Dec/2024 17:49:44] "[36mGET /static/js/waypoints.min.js HTTP/1.1[0m" 304 -]
[2024-12-07 17:49:44,786: INFO: _internal: 127.0.0.1 - - [07/Dec/2024 17:49:44] "[36mGET /static/img/banner/banner.png HTTP/1.1[0m" 304 -]
[2024-12-07 17:49:44,788: INFO: _internal: 127.0.0.1 - - [07/Dec/2024 17:49:44] "[36mGET /static/img/banner/banner2.png HTTP/1.1[0m" 304 -]
[2024-12-07 17:49:44,791: INFO: _internal: 127.0.0.1 - - [07/Dec/2024 17:49:44] "[36mGET /static/js/jquery.counterup.min.js HTTP/1.1[0m" 304 -]
[2024-12-07 17:49:44,795: INFO: _internal: 127.0.0.1 - - [07/Dec/2024 17:49:44] "[36mGET /static/js/imagesloaded.pkgd.min.js HTTP/1.1[0m" 304 -]
[2024-12-07 17:49:44,801: INFO: _internal: 127.0.0.1 - - [07/Dec/2024 17:49:44] "[36mGET /static/js/scrollIt.js HTTP/1.1[0m" 304 -]
[2024-12-07 17:49:44,805: INFO: _internal: 127.0.0.1 - - [07/Dec/2024 17:49:44] "[36mGET /static/js/jquery.scrollUp.min.js HTTP/1.1[0m" 304 -]
[2024-12-07 17:49:44,806: INFO: _internal: 127.0.0.1 - - [07/Dec/2024 17:49:44] "[36mGET /static/js/wow.min.js HTTP/1.1[0m" 304 -]
[2024-12-07 17:49:44,810: INFO: _internal: 127.0.0.1 - - [07/Dec/2024 17:49:44] "[36mGET /static/js/nice-select.min.js HTTP/1.1[0m" 304 -]
[2024-12-07 17:49:44,816: INFO: _internal: 127.0.0.1 - - [07/Dec/2024 17:49:44] "[36mGET /static/js/jquery.slicknav.min.js HTTP/1.1[0m" 304 -]
[2024-12-07 17:49:44,818: INFO: _internal: 127.0.0.1 - - [07/Dec/2024 17:49:44] "[36mGET /static/js/jquery.magnific-popup.min.js HTTP/1.1[0m" 304 -]
[2024-12-07 17:49:44,818: INFO: _internal: 127.0.0.1 - - [07/Dec/2024 17:49:44] "[36mGET /static/js/plugins.js HTTP/1.1[0m" 304 -]
[2024-12-07 17:49:44,824: INFO: _internal: 127.0.0.1 - - [07/Dec/2024 17:49:44] "[36mGET /static/js/gijgo.min.js HTTP/1.1[0m" 304 -]
[2024-12-07 17:49:44,830: INFO: _internal: 127.0.0.1 - - [07/Dec/2024 17:49:44] "[36mGET /static/js/contact.js HTTP/1.1[0m" 304 -]
[2024-12-07 17:49:44,830: INFO: _internal: 127.0.0.1 - - [07/Dec/2024 17:49:44] "[36mGET /static/js/jquery.ajaxchimp.min.js HTTP/1.1[0m" 304 -]
[2024-12-07 17:49:44,837: INFO: _internal: 127.0.0.1 - - [07/Dec/2024 17:49:44] "[36mGET /static/js/jquery.form.js HTTP/1.1[0m" 304 -]
[2024-12-07 17:49:44,846: INFO: _internal: 127.0.0.1 - - [07/Dec/2024 17:49:44] "[36mGET /static/js/jquery.validate.min.js HTTP/1.1[0m" 304 -]
[2024-12-07 17:49:44,848: INFO: _internal: 127.0.0.1 - - [07/Dec/2024 17:49:44] "[36mGET /static/js/mail-script.js HTTP/1.1[0m" 304 -]
[2024-12-07 17:49:44,853: INFO: _internal: 127.0.0.1 - - [07/Dec/2024 17:49:44] "[36mGET /static/js/main.js HTTP/1.1[0m" 304 -]
[2024-12-07 17:49:44,858: INFO: _internal: 127.0.0.1 - - [07/Dec/2024 17:49:44] "[36mGET /static/fonts/fontawesome-webfont.woff2?v=4.7.0 HTTP/1.1[0m" 304 -]
[2024-12-07 17:49:44,861: INFO: _internal: 127.0.0.1 - - [07/Dec/2024 17:49:44] "[36mGET /static/fonts/themify.woff?-fvbane HTTP/1.1[0m" 304 -]
[2024-12-07 17:49:44,958: INFO: _internal: 127.0.0.1 - - [07/Dec/2024 17:49:44] "[36mGET /static/img/favicon.png HTTP/1.1[0m" 304 -]
[2024-12-07 17:49:55,278: INFO: _internal: 127.0.0.1 - - [07/Dec/2024 17:49:55] "GET / HTTP/1.1" 200 -]
[2024-12-07 17:49:55,475: INFO: _internal: 127.0.0.1 - - [07/Dec/2024 17:49:55] "[36mGET /static/css/bootstrap.min.css HTTP/1.1[0m" 304 -]
[2024-12-07 17:49:55,478: INFO: _internal: 127.0.0.1 - - [07/Dec/2024 17:49:55] "[36mGET /static/css/owl.carousel.min.css HTTP/1.1[0m" 304 -]
[2024-12-07 17:49:55,481: INFO: _internal: 127.0.0.1 - - [07/Dec/2024 17:49:55] "[36mGET /static/css/magnific-popup.css HTTP/1.1[0m" 304 -]
[2024-12-07 17:49:55,483: INFO: _internal: 127.0.0.1 - - [07/Dec/2024 17:49:55] "[36mGET /static/css/font-awesome.min.css HTTP/1.1[0m" 304 -]
[2024-12-07 17:49:55,485: INFO: _internal: 127.0.0.1 - - [07/Dec/2024 17:49:55] "[36mGET /static/css/themify-icons.css HTTP/1.1[0m" 304 -]
[2024-12-07 17:49:55,490: INFO: _internal: 127.0.0.1 - - [07/Dec/2024 17:49:55] "[36mGET /static/css/nice-select.css HTTP/1.1[0m" 304 -]
[2024-12-07 17:49:55,494: INFO: _internal: 127.0.0.1 - - [07/Dec/2024 17:49:55] "[36mGET /static/css/flaticon.css HTTP/1.1[0m" 304 -]
[2024-12-07 17:49:55,498: INFO: _internal: 127.0.0.1 - - [07/Dec/2024 17:49:55] "[36mGET /static/css/gijgo.css HTTP/1.1[0m" 304 -]
[2024-12-07 17:49:55,504: INFO: _internal: 127.0.0.1 - - [07/Dec/2024 17:49:55] "[36mGET /static/css/animate.css HTTP/1.1[0m" 304 -]
[2024-12-07 17:49:55,508: INFO: _internal: 127.0.0.1 - - [07/Dec/2024 17:49:55] "[36mGET /static/css/slicknav.css HTTP/1.1[0m" 304 -]
[2024-12-07 17:49:55,509: INFO: _internal: 127.0.0.1 - - [07/Dec/2024 17:49:55] "[36mGET /static/css/style.css HTTP/1.1[0m" 304 -]
[2024-12-07 17:49:55,521: INFO: _internal: 127.0.0.1 - - [07/Dec/2024 17:49:55] "[36mGET /static/img/logo.png HTTP/1.1[0m" 304 -]
[2024-12-07 17:49:55,522: INFO: _internal: 127.0.0.1 - - [07/Dec/2024 17:49:55] "[36mGET /static/img/technologyimage.png HTTP/1.1[0m" 304 -]
[2024-12-07 17:49:55,526: INFO: _internal: 127.0.0.1 - - [07/Dec/2024 17:49:55] "[36mGET /static/img/research1.png HTTP/1.1[0m" 304 -]
[2024-12-07 17:49:55,529: INFO: _internal: 127.0.0.1 - - [07/Dec/2024 17:49:55] "[36mGET /static/img/footer_logo.png HTTP/1.1[0m" 304 -]
[2024-12-07 17:49:55,532: INFO: _internal: 127.0.0.1 - - [07/Dec/2024 17:49:55] "[36mGET /static/js/vendor/modernizr-3.5.0.min.js HTTP/1.1[0m" 304 -]
[2024-12-07 17:49:55,535: INFO: _internal: 127.0.0.1 - - [07/Dec/2024 17:49:55] "[36mGET /static/js/vendor/jquery-1.12.4.min.js HTTP/1.1[0m" 304 -]
[2024-12-07 17:49:55,539: INFO: _internal: 127.0.0.1 - - [07/Dec/2024 17:49:55] "[36mGET /static/js/popper.min.js HTTP/1.1[0m" 304 -]
[2024-12-07 17:49:55,541: INFO: _internal: 127.0.0.1 - - [07/Dec/2024 17:49:55] "[36mGET /static/js/bootstrap.min.js HTTP/1.1[0m" 304 -]
[2024-12-07 17:49:55,546: INFO: _internal: 127.0.0.1 - - [07/Dec/2024 17:49:55] "[36mGET /static/js/owl.carousel.min.js HTTP/1.1[0m" 304 -]
[2024-12-07 17:49:55,547: INFO: _internal: 127.0.0.1 - - [07/Dec/2024 17:49:55] "[36mGET /static/js/isotope.pkgd.min.js HTTP/1.1[0m" 304 -]
[2024-12-07 17:49:55,550: INFO: _internal: 127.0.0.1 - - [07/Dec/2024 17:49:55] "[36mGET /static/img/banner/banner2.png HTTP/1.1[0m" 304 -]
[2024-12-07 17:49:55,553: INFO: _internal: 127.0.0.1 - - [07/Dec/2024 17:49:55] "[36mGET /static/js/ajax-form.js HTTP/1.1[0m" 304 -]
[2024-12-07 17:49:55,555: INFO: _internal: 127.0.0.1 - - [07/Dec/2024 17:49:55] "[36mGET /static/js/waypoints.min.js HTTP/1.1[0m" 304 -]
[2024-12-07 17:49:55,558: INFO: _internal: 127.0.0.1 - - [07/Dec/2024 17:49:55] "[36mGET /static/js/jquery.counterup.min.js HTTP/1.1[0m" 304 -]
[2024-12-07 17:49:55,569: INFO: _internal: 127.0.0.1 - - [07/Dec/2024 17:49:55] "[36mGET /static/js/imagesloaded.pkgd.min.js HTTP/1.1[0m" 304 -]
[2024-12-07 17:49:55,571: INFO: _internal: 127.0.0.1 - - [07/Dec/2024 17:49:55] "[36mGET /static/js/scrollIt.js HTTP/1.1[0m" 304 -]
[2024-12-07 17:49:55,574: INFO: _internal: 127.0.0.1 - - [07/Dec/2024 17:49:55] "[36mGET /static/js/jquery.scrollUp.min.js HTTP/1.1[0m" 304 -]
[2024-12-07 17:49:55,578: INFO: _internal: 127.0.0.1 - - [07/Dec/2024 17:49:55] "[36mGET /static/js/wow.min.js HTTP/1.1[0m" 304 -]
[2024-12-07 17:49:55,588: INFO: _internal: 127.0.0.1 - - [07/Dec/2024 17:49:55] "[36mGET /static/js/nice-select.min.js HTTP/1.1[0m" 304 -]
[2024-12-07 17:49:55,593: INFO: _internal: 127.0.0.1 - - [07/Dec/2024 17:49:55] "[36mGET /static/js/jquery.slicknav.min.js HTTP/1.1[0m" 304 -]
[2024-12-07 17:49:55,595: INFO: _internal: 127.0.0.1 - - [07/Dec/2024 17:49:55] "[36mGET /static/js/jquery.magnific-popup.min.js HTTP/1.1[0m" 304 -]
[2024-12-07 17:49:55,603: INFO: _internal: 127.0.0.1 - - [07/Dec/2024 17:49:55] "[36mGET /static/js/plugins.js HTTP/1.1[0m" 304 -]
[2024-12-07 17:49:55,605: INFO: _internal: 127.0.0.1 - - [07/Dec/2024 17:49:55] "[36mGET /static/js/gijgo.min.js HTTP/1.1[0m" 304 -]
[2024-12-07 17:49:55,606: INFO: _internal: 127.0.0.1 - - [07/Dec/2024 17:49:55] "[36mGET /static/js/contact.js HTTP/1.1[0m" 304 -]
[2024-12-07 17:49:55,612: INFO: _internal: 127.0.0.1 - - [07/Dec/2024 17:49:55] "[36mGET /static/js/jquery.ajaxchimp.min.js HTTP/1.1[0m" 304 -]
[2024-12-07 17:49:55,613: INFO: _internal: 127.0.0.1 - - [07/Dec/2024 17:49:55] "[36mGET /static/js/jquery.form.js HTTP/1.1[0m" 304 -]
[2024-12-07 17:49:55,616: INFO: _internal: 127.0.0.1 - - [07/Dec/2024 17:49:55] "[36mGET /static/js/jquery.validate.min.js HTTP/1.1[0m" 304 -]
[2024-12-07 17:49:55,618: INFO: _internal: 127.0.0.1 - - [07/Dec/2024 17:49:55] "[36mGET /static/js/mail-script.js HTTP/1.1[0m" 304 -]
[2024-12-07 17:49:55,623: INFO: _internal: 127.0.0.1 - - [07/Dec/2024 17:49:55] "[36mGET /static/js/main.js HTTP/1.1[0m" 304 -]
[2024-12-07 17:49:55,624: INFO: _internal: 127.0.0.1 - - [07/Dec/2024 17:49:55] "[36mGET /static/img/banner/banner.png HTTP/1.1[0m" 304 -]
[2024-12-07 17:49:55,733: INFO: _internal: 127.0.0.1 - - [07/Dec/2024 17:49:55] "[36mGET /static/img/favicon.png HTTP/1.1[0m" 304 -]
[2024-12-07 17:51:52,003: INFO: _internal: 127.0.0.1 - - [07/Dec/2024 17:51:52] "GET / HTTP/1.1" 200 -]
[2024-12-07 17:51:52,193: INFO: _internal: 127.0.0.1 - - [07/Dec/2024 17:51:52] "[36mGET /static/css/bootstrap.min.css HTTP/1.1[0m" 304 -]
[2024-12-07 17:51:52,203: INFO: _internal: 127.0.0.1 - - [07/Dec/2024 17:51:52] "[36mGET /static/css/owl.carousel.min.css HTTP/1.1[0m" 304 -]
[2024-12-07 17:51:52,206: INFO: _internal: 127.0.0.1 - - [07/Dec/2024 17:51:52] "[36mGET /static/css/magnific-popup.css HTTP/1.1[0m" 304 -]
[2024-12-07 17:51:52,212: INFO: _internal: 127.0.0.1 - - [07/Dec/2024 17:51:52] "[36mGET /static/css/font-awesome.min.css HTTP/1.1[0m" 304 -]
[2024-12-07 17:51:52,212: INFO: _internal: 127.0.0.1 - - [07/Dec/2024 17:51:52] "[36mGET /static/css/themify-icons.css HTTP/1.1[0m" 304 -]
[2024-12-07 17:51:52,217: INFO: _internal: 127.0.0.1 - - [07/Dec/2024 17:51:52] "[36mGET /static/css/nice-select.css HTTP/1.1[0m" 304 -]
[2024-12-07 17:51:52,219: INFO: _internal: 127.0.0.1 - - [07/Dec/2024 17:51:52] "[36mGET /static/css/flaticon.css HTTP/1.1[0m" 304 -]
[2024-12-07 17:51:52,222: INFO: _internal: 127.0.0.1 - - [07/Dec/2024 17:51:52] "[36mGET /static/css/gijgo.css HTTP/1.1[0m" 304 -]
[2024-12-07 17:51:52,225: INFO: _internal: 127.0.0.1 - - [07/Dec/2024 17:51:52] "[36mGET /static/css/animate.css HTTP/1.1[0m" 304 -]
[2024-12-07 17:51:52,236: INFO: _internal: 127.0.0.1 - - [07/Dec/2024 17:51:52] "[36mGET /static/css/slicknav.css HTTP/1.1[0m" 304 -]
[2024-12-07 17:51:52,237: INFO: _internal: 127.0.0.1 - - [07/Dec/2024 17:51:52] "[36mGET /static/css/style.css HTTP/1.1[0m" 304 -]
[2024-12-07 17:51:52,248: INFO: _internal: 127.0.0.1 - - [07/Dec/2024 17:51:52] "[36mGET /static/img/logo.png HTTP/1.1[0m" 304 -]
[2024-12-07 17:51:52,254: INFO: _internal: 127.0.0.1 - - [07/Dec/2024 17:51:52] "[36mGET /static/img/technologyimage.png HTTP/1.1[0m" 304 -]
[2024-12-07 17:51:52,255: INFO: _internal: 127.0.0.1 - - [07/Dec/2024 17:51:52] "[36mGET /static/img/research1.png HTTP/1.1[0m" 304 -]
[2024-12-07 17:51:52,263: INFO: _internal: 127.0.0.1 - - [07/Dec/2024 17:51:52] "[36mGET /static/img/footer_logo.png HTTP/1.1[0m" 304 -]
[2024-12-07 17:51:52,267: INFO: _internal: 127.0.0.1 - - [07/Dec/2024 17:51:52] "[36mGET /static/js/vendor/modernizr-3.5.0.min.js HTTP/1.1[0m" 304 -]
[2024-12-07 17:51:52,271: INFO: _internal: 127.0.0.1 - - [07/Dec/2024 17:51:52] "[36mGET /static/js/vendor/jquery-1.12.4.min.js HTTP/1.1[0m" 304 -]
[2024-12-07 17:51:52,279: INFO: _internal: 127.0.0.1 - - [07/Dec/2024 17:51:52] "[36mGET /static/js/popper.min.js HTTP/1.1[0m" 304 -]
[2024-12-07 17:51:52,282: INFO: _internal: 127.0.0.1 - - [07/Dec/2024 17:51:52] "[36mGET /static/js/bootstrap.min.js HTTP/1.1[0m" 304 -]
[2024-12-07 17:51:52,284: INFO: _internal: 127.0.0.1 - - [07/Dec/2024 17:51:52] "[36mGET /static/js/owl.carousel.min.js HTTP/1.1[0m" 304 -]
[2024-12-07 17:51:52,286: INFO: _internal: 127.0.0.1 - - [07/Dec/2024 17:51:52] "[36mGET /static/js/isotope.pkgd.min.js HTTP/1.1[0m" 304 -]
[2024-12-07 17:51:52,300: INFO: _internal: 127.0.0.1 - - [07/Dec/2024 17:51:52] "[36mGET /static/js/ajax-form.js HTTP/1.1[0m" 304 -]
[2024-12-07 17:51:52,309: INFO: _internal: 127.0.0.1 - - [07/Dec/2024 17:51:52] "[36mGET /static/img/banner/banner2.png HTTP/1.1[0m" 304 -]
[2024-12-07 17:51:52,319: INFO: _internal: 127.0.0.1 - - [07/Dec/2024 17:51:52] "[36mGET /static/js/waypoints.min.js HTTP/1.1[0m" 304 -]
[2024-12-07 17:51:52,322: INFO: _internal: 127.0.0.1 - - [07/Dec/2024 17:51:52] "[36mGET /static/js/jquery.counterup.min.js HTTP/1.1[0m" 304 -]
[2024-12-07 17:51:52,326: INFO: _internal: 127.0.0.1 - - [07/Dec/2024 17:51:52] "[36mGET /static/js/imagesloaded.pkgd.min.js HTTP/1.1[0m" 304 -]
[2024-12-07 17:51:52,327: INFO: _internal: 127.0.0.1 - - [07/Dec/2024 17:51:52] "[36mGET /static/js/scrollIt.js HTTP/1.1[0m" 304 -]
[2024-12-07 17:51:52,332: INFO: _internal: 127.0.0.1 - - [07/Dec/2024 17:51:52] "[36mGET /static/js/jquery.scrollUp.min.js HTTP/1.1[0m" 304 -]
[2024-12-07 17:51:52,337: INFO: _internal: 127.0.0.1 - - [07/Dec/2024 17:51:52] "[36mGET /static/js/wow.min.js HTTP/1.1[0m" 304 -]
[2024-12-07 17:51:52,341: INFO: _internal: 127.0.0.1 - - [07/Dec/2024 17:51:52] "[36mGET /static/js/nice-select.min.js HTTP/1.1[0m" 304 -]
[2024-12-07 17:51:52,345: INFO: _internal: 127.0.0.1 - - [07/Dec/2024 17:51:52] "[36mGET /static/js/jquery.slicknav.min.js HTTP/1.1[0m" 304 -]
[2024-12-07 17:51:52,348: INFO: _internal: 127.0.0.1 - - [07/Dec/2024 17:51:52] "[36mGET /static/js/jquery.magnific-popup.min.js HTTP/1.1[0m" 304 -]
[2024-12-07 17:51:52,352: INFO: _internal: 127.0.0.1 - - [07/Dec/2024 17:51:52] "[36mGET /static/js/plugins.js HTTP/1.1[0m" 304 -]
[2024-12-07 17:51:52,356: INFO: _internal: 127.0.0.1 - - [07/Dec/2024 17:51:52] "[36mGET /static/js/gijgo.min.js HTTP/1.1[0m" 304 -]
[2024-12-07 17:51:52,360: INFO: _internal: 127.0.0.1 - - [07/Dec/2024 17:51:52] "[36mGET /static/js/contact.js HTTP/1.1[0m" 304 -]
[2024-12-07 17:51:52,364: INFO: _internal: 127.0.0.1 - - [07/Dec/2024 17:51:52] "[36mGET /static/js/jquery.ajaxchimp.min.js HTTP/1.1[0m" 304 -]
[2024-12-07 17:51:52,367: INFO: _internal: 127.0.0.1 - - [07/Dec/2024 17:51:52] "[36mGET /static/js/jquery.form.js HTTP/1.1[0m" 304 -]
[2024-12-07 17:51:52,369: INFO: _internal: 127.0.0.1 - - [07/Dec/2024 17:51:52] "[36mGET /static/js/jquery.validate.min.js HTTP/1.1[0m" 304 -]
[2024-12-07 17:51:52,375: INFO: _internal: 127.0.0.1 - - [07/Dec/2024 17:51:52] "[36mGET /static/js/mail-script.js HTTP/1.1[0m" 304 -]
[2024-12-07 17:51:52,376: INFO: _internal: 127.0.0.1 - - [07/Dec/2024 17:51:52] "[36mGET /static/js/main.js HTTP/1.1[0m" 304 -]
[2024-12-07 17:51:52,378: INFO: _internal: 127.0.0.1 - - [07/Dec/2024 17:51:52] "[36mGET /static/img/banner/banner.png HTTP/1.1[0m" 304 -]
[2024-12-07 17:51:52,576: INFO: _internal: 127.0.0.1 - - [07/Dec/2024 17:51:52] "[36mGET /static/img/favicon.png HTTP/1.1[0m" 304 -]
[2024-12-07 19:00:22,334: INFO: main: >>>>>> stage Data Ingestion stage started <<<<<<]
[2024-12-07 19:00:22,353: INFO: common: yaml file: config\config.yaml loaded successfully]
[2024-12-07 19:00:22,354: INFO: common: yaml file: params.yaml loaded successfully]
[2024-12-07 19:00:22,357: INFO: common: yaml file: schema.yaml loaded successfully]
[2024-12-07 19:00:22,358: INFO: common: created directory at: artifacts]
[2024-12-07 19:00:22,359: INFO: common: created directory at: artifacts/data_ingestion]
[2024-12-07 19:00:22,361: INFO: data_ingestion: File already exists of size: ~ 48 KB]
[2024-12-07 19:00:22,362: INFO: main: >>>>>> stage Data Ingestion stage completed <<<<<<

x==========x]
[2024-12-07 19:00:22,363: INFO: main: >>>>>> stage Data Validation stage started <<<<<<]
[2024-12-07 19:00:22,368: INFO: common: yaml file: config\config.yaml loaded successfully]
[2024-12-07 19:00:22,370: INFO: common: yaml file: params.yaml loaded successfully]
[2024-12-07 19:00:22,374: INFO: common: yaml file: schema.yaml loaded successfully]
[2024-12-07 19:00:22,376: INFO: common: created directory at: artifacts]
[2024-12-07 19:00:22,378: INFO: common: created directory at: artifacts/data_validation]
[2024-12-07 19:00:22,452: INFO: main: >>>>>> stage Data Validation stage completed <<<<<<

x==========x]
[2024-12-07 19:00:22,453: INFO: main: >>>>>> stage Data Cleaning stage started  <<<<<<]
[2024-12-07 19:00:22,478: INFO: common: yaml file: config\config.yaml loaded successfully]
[2024-12-07 19:00:22,480: INFO: common: yaml file: params.yaml loaded successfully]
[2024-12-07 19:00:22,483: INFO: common: yaml file: schema.yaml loaded successfully]
[2024-12-07 19:00:22,484: INFO: common: created directory at: artifacts]
[2024-12-07 19:00:22,485: INFO: common: created directory at: artifacts/data_cleaning]
[2024-12-07 19:00:22,536: INFO: data_cleaning: Cleaning the data]
[2024-12-07 19:00:22,537: INFO: data_cleaning: (400, 25)]
[2024-12-07 19:00:22,537: INFO: main: >>>>>> stage Data Cleaning stage completed <<<<<< 

x==========x]
[2024-12-07 19:00:22,538: INFO: main: >>>>>> stage Data Transformation stage started <<<<<<]
[2024-12-07 19:00:22,542: INFO: common: yaml file: config\config.yaml loaded successfully]
[2024-12-07 19:00:22,544: INFO: common: yaml file: params.yaml loaded successfully]
[2024-12-07 19:00:22,547: INFO: common: yaml file: schema.yaml loaded successfully]
[2024-12-07 19:00:22,548: INFO: common: created directory at: artifacts]
[2024-12-07 19:00:22,549: INFO: common: created directory at: artifacts/data_transformation]
[2024-12-07 19:00:22,627: INFO: data_transformation: Data transformation complete]
[2024-12-07 19:00:22,627: INFO: data_transformation: Data shape: (400, 25)]
[2024-12-07 19:00:22,628: INFO: main: >>>>>> stage Data Transformation stage completed <<<<<<

x==========x]
[2024-12-07 19:00:22,628: INFO: main: >>>>>> stage Data Spliting stage started <<<<<<]
[2024-12-07 19:00:22,631: INFO: common: yaml file: config\config.yaml loaded successfully]
[2024-12-07 19:00:22,632: INFO: common: yaml file: params.yaml loaded successfully]
[2024-12-07 19:00:22,635: INFO: common: yaml file: schema.yaml loaded successfully]
[2024-12-07 19:00:22,636: INFO: common: created directory at: artifacts]
[2024-12-07 19:00:22,636: INFO: common: created directory at: artifacts/data_training]
[2024-12-07 19:00:22,684: INFO: data_training: Splited data into training and test sets]
[2024-12-07 19:00:22,685: INFO: data_training: (300, 25)]
[2024-12-07 19:00:22,685: INFO: data_training: (100, 25)]
[2024-12-07 19:00:22,686: INFO: main: >>>>>> stage Data Spliting stage completed <<<<<<

x==========x]
[2024-12-07 19:00:22,686: INFO: main: >>>>>> stage Model Trainer stage started <<<<<<]
[2024-12-07 19:00:22,689: INFO: common: yaml file: config\config.yaml loaded successfully]
[2024-12-07 19:00:22,692: INFO: common: yaml file: params.yaml loaded successfully]
[2024-12-07 19:00:22,696: INFO: common: yaml file: schema.yaml loaded successfully]
[2024-12-07 19:00:22,697: INFO: common: created directory at: artifacts]
[2024-12-07 19:00:22,697: INFO: common: created directory at: artifacts/model_trainer]
[2024-12-07 19:00:23,135: INFO: main: >>>>>> stage Model Trainer stage completed <<<<<<

x==========x]
[2024-12-07 19:00:23,137: INFO: main: >>>>>> stage Model evaluation stage started <<<<<<]
[2024-12-07 19:00:23,148: INFO: common: yaml file: config\config.yaml loaded successfully]
[2024-12-07 19:00:23,155: INFO: common: yaml file: params.yaml loaded successfully]
[2024-12-07 19:00:23,172: INFO: common: yaml file: schema.yaml loaded successfully]
[2024-12-07 19:00:23,175: INFO: common: created directory at: artifacts]
[2024-12-07 19:00:23,178: INFO: common: created directory at: artifacts/model_evaluation]
[2024-12-07 19:00:24,659: INFO: common: json file saved at: artifacts\model_evaluation\metrics.json]
[2024-12-07 19:00:38,367: ERROR: main: [WinError 5] Access is denied: 'C:\\Users\\Lenovo']
Traceback (most recent call last):
  File "C:\Users\MSI\dirassa\ML\KidneyDiseasePrediction\main.py", line 81, in <module>
    data_ingestion.main()
  File "C:\Users\MSI\AppData\Local\Programs\Python\Python311\Lib\site-packages\KidneyDiseasePrediction\pipeline\stage_07_model_evaluation.py", line 17, in main
    model_evaluation_config.log_into_mlflow()
  File "C:\Users\MSI\dirassa\ML\mlProject\src\mlProject\components\model_evaluation.py", line 63, in log_into_mlflow
    mlflow.sklearn.log_model(model, "model")
  File "C:\Users\MSI\AppData\Local\Programs\Python\Python311\Lib\site-packages\mlflow\sklearn\__init__.py", line 424, in log_model
    return Model.log(
           ^^^^^^^^^^
  File "C:\Users\MSI\AppData\Local\Programs\Python\Python311\Lib\site-packages\mlflow\models\model.py", line 552, in log
    mlflow.tracking.fluent.log_artifacts(local_path, mlflow_model.artifact_path)
  File "C:\Users\MSI\AppData\Local\Programs\Python\Python311\Lib\site-packages\mlflow\tracking\fluent.py", line 817, in log_artifacts
    MlflowClient().log_artifacts(run_id, local_dir, artifact_path)
  File "C:\Users\MSI\AppData\Local\Programs\Python\Python311\Lib\site-packages\mlflow\tracking\client.py", line 1069, in log_artifacts
    self._tracking_client.log_artifacts(run_id, local_dir, artifact_path)
  File "C:\Users\MSI\AppData\Local\Programs\Python\Python311\Lib\site-packages\mlflow\tracking\_tracking_service\client.py", line 448, in log_artifacts
    self._get_artifact_repo(run_id).log_artifacts(local_dir, artifact_path)
  File "C:\Users\MSI\AppData\Local\Programs\Python\Python311\Lib\site-packages\mlflow\store\artifact\local_artifact_repo.py", line 57, in log_artifacts
    mkdir(artifact_dir)
  File "C:\Users\MSI\AppData\Local\Programs\Python\Python311\Lib\site-packages\mlflow\utils\file_utils.py", line 121, in mkdir
    raise e
  File "C:\Users\MSI\AppData\Local\Programs\Python\Python311\Lib\site-packages\mlflow\utils\file_utils.py", line 118, in mkdir
    os.makedirs(target)
  File "<frozen os>", line 215, in makedirs
  File "<frozen os>", line 215, in makedirs
  File "<frozen os>", line 215, in makedirs
  [Previous line repeated 4 more times]
  File "<frozen os>", line 225, in makedirs
PermissionError: [WinError 5] Access is denied: 'C:\\Users\\Lenovo'
[2024-12-07 19:01:21,974: INFO: _internal: [31m[1mWARNING: This is a development server. Do not use it in a production deployment. Use a production WSGI server instead.[0m
 * Running on all addresses (0.0.0.0)
 * Running on http://127.0.0.1:8080
 * Running on http://192.168.1.39:8080]
[2024-12-07 19:01:21,976: INFO: _internal: [33mPress CTRL+C to quit[0m]
[2024-12-07 19:01:21,978: INFO: _internal:  * Restarting with stat]
[2024-12-07 19:01:24,103: WARNING: _internal:  * Debugger is active!]
[2024-12-07 19:01:24,107: INFO: _internal:  * Debugger PIN: 230-686-137]
[2024-12-07 19:19:15,838: INFO: _internal:  * Detected change in 'C:\\Users\\MSI\\dirassa\\ML\\KidneyDiseasePrediction\\main.py', reloading]
[2024-12-07 19:19:16,176: INFO: _internal:  * Restarting with stat]
